ISO-10303-21;
HEADER;
/* Generated by software containing ST-Developer
 * from STEP Tools, Inc. (www.steptools.com) 
 */

FILE_DESCRIPTION(
/* description */ ('KiCad electronic assembly'),
/* implementation_level */ '2;1');

FILE_NAME(
/* name */ 'ESP32-Bit-Pirate-Dock-Case.step',
/* time_stamp */ '2026-07-31T20:26:56+03:00',
/* author */ (''),
/* organization */ (''),
/* preprocessor_version */ 'ST-DEVELOPER v20.1',
/* originating_system */ 'Autodesk Translation Framework v15.8.0.0',
/* authorisation */ '');

FILE_SCHEMA (('AUTOMOTIVE_DESIGN { 1 0 10303 214 3 1 1 }'));
ENDSEC;

DATA;
#10=MECHANICAL_DESIGN_GEOMETRIC_PRESENTATION_REPRESENTATION('',(#25,#26),
#12765);
#11=ITEM_DEFINED_TRANSFORMATION($,$,#7910,#8423);
#12=ITEM_DEFINED_TRANSFORMATION($,$,#8126,#8424);
#13=(
REPRESENTATION_RELATIONSHIP($,$,#12779,#12778)
REPRESENTATION_RELATIONSHIP_WITH_TRANSFORMATION(#11)
SHAPE_REPRESENTATION_RELATIONSHIP()
);
#14=(
REPRESENTATION_RELATIONSHIP($,$,#12780,#12778)
REPRESENTATION_RELATIONSHIP_WITH_TRANSFORMATION(#12)
SHAPE_REPRESENTATION_RELATIONSHIP()
);
#15=CONTEXT_DEPENDENT_SHAPE_REPRESENTATION(#13,#12776);
#16=CONTEXT_DEPENDENT_SHAPE_REPRESENTATION(#14,#12777);
#17=NEXT_ASSEMBLY_USAGE_OCCURRENCE('Bottom Case:1','Bottom Case:1',
'Bottom Case:1',#12782,#12783,'Bottom Case:1');
#18=NEXT_ASSEMBLY_USAGE_OCCURRENCE('Top Case:1','Top Case:1',
'Top Case:1',#12782,#12784,'Top Case:1');
#19=B_SPLINE_CURVE_WITH_KNOTS('',3,(#12029,#12030,#12031,#12032,#12033,
#12034,#12035,#12036,#12037,#12038,#12039,#12040,#12041,#12042,#12043,#12044,
#12045,#12046),.UNSPECIFIED.,.F.,.F.,(4,2,2,2,2,2,2,2,4),(0.,0.0586910212079387,
0.117382042415877,0.175895579473291,0.234409116530704,0.292670374338603,
0.350931632146502,0.409013604640332,0.467095577134161),.UNSPECIFIED.);
#20=B_SPLINE_CURVE_WITH_KNOTS('',3,(#12047,#12048,#12049,#12050,#12051,
#12052,#12053,#12054,#12055,#12056,#12057,#12058,#12059,#12060,#12061,#12062,
#12063,#12064),.UNSPECIFIED.,.F.,.F.,(4,2,2,2,2,2,2,2,4),(0.467095577134161,
0.525177549627991,0.583259522121821,0.64152077992972,0.699782037737619,
0.758295574795031,0.816809111852443,0.875500133060383,0.934191154268322),
 .UNSPECIFIED.);
#21=SHAPE_REPRESENTATION_RELATIONSHIP('SRR','None',#12779,#23);
#22=SHAPE_REPRESENTATION_RELATIONSHIP('SRR','None',#12780,#24);
#23=ADVANCED_BREP_SHAPE_REPRESENTATION('',(#27),#12763);
#24=ADVANCED_BREP_SHAPE_REPRESENTATION('',(#28),#12764);
#25=STYLED_ITEM('',(#12798),#27);
#26=STYLED_ITEM('',(#12798),#28);
#27=MANIFOLD_SOLID_BREP('Bottom Case',#7884);
#28=MANIFOLD_SOLID_BREP('Top Case',#7885);
#29=CYLINDRICAL_SURFACE('',#7930,1.43);
#30=CYLINDRICAL_SURFACE('',#7934,1.43);
#31=CYLINDRICAL_SURFACE('',#7938,1.43);
#32=CYLINDRICAL_SURFACE('',#7942,1.43);
#33=CYLINDRICAL_SURFACE('',#7996,5.71797404253126);
#34=CYLINDRICAL_SURFACE('',#7998,4.66955369804604);
#35=CYLINDRICAL_SURFACE('',#8000,4.22890766826296);
#36=CYLINDRICAL_SURFACE('',#8012,5.71797404250961);
#37=CYLINDRICAL_SURFACE('',#8014,4.66955369803703);
#38=CYLINDRICAL_SURFACE('',#8016,4.22890766823574);
#39=CYLINDRICAL_SURFACE('',#8032,4.22890766827452);
#40=CYLINDRICAL_SURFACE('',#8034,4.66955369806262);
#41=CYLINDRICAL_SURFACE('',#8036,5.71797404251021);
#42=CYLINDRICAL_SURFACE('',#8039,6.61621469825639);
#43=CYLINDRICAL_SURFACE('',#8041,5.22833572431163);
#44=CYLINDRICAL_SURFACE('',#8044,4.22906488349262);
#45=CYLINDRICAL_SURFACE('',#8070,5.72906488349262);
#46=CYLINDRICAL_SURFACE('',#8073,6.72833572431164);
#47=CYLINDRICAL_SURFACE('',#8074,8.11621482150102);
#48=CYLINDRICAL_SURFACE('',#8077,7.21797404251021);
#49=CYLINDRICAL_SURFACE('',#8079,6.16955369806263);
#50=CYLINDRICAL_SURFACE('',#8081,5.72890766827452);
#51=CYLINDRICAL_SURFACE('',#8095,7.21797404253125);
#52=CYLINDRICAL_SURFACE('',#8097,6.16955369804604);
#53=CYLINDRICAL_SURFACE('',#8099,5.72890766826296);
#54=CYLINDRICAL_SURFACE('',#8112,7.21797404250961);
#55=CYLINDRICAL_SURFACE('',#8114,6.16955369803703);
#56=CYLINDRICAL_SURFACE('',#8116,5.72890766823573);
#57=CYLINDRICAL_SURFACE('',#8209,1.55);
#58=CYLINDRICAL_SURFACE('',#8211,1.55);
#59=CYLINDRICAL_SURFACE('',#8213,1.55);
#60=CYLINDRICAL_SURFACE('',#8215,1.55);
#61=CYLINDRICAL_SURFACE('',#8218,2.99999999999997);
#62=CYLINDRICAL_SURFACE('',#8222,5.7179740425096);
#63=CYLINDRICAL_SURFACE('',#8225,4.66955369803702);
#64=CYLINDRICAL_SURFACE('',#8228,4.22890766823574);
#65=CYLINDRICAL_SURFACE('',#8250,4.22906488349263);
#66=CYLINDRICAL_SURFACE('',#8254,5.22833572431163);
#67=CYLINDRICAL_SURFACE('',#8257,6.61621469825638);
#68=CYLINDRICAL_SURFACE('',#8274,3.00000000000001);
#69=CYLINDRICAL_SURFACE('',#8275,3.00000000000001);
#70=CYLINDRICAL_SURFACE('',#8276,2.96110299999999);
#71=CYLINDRICAL_SURFACE('',#8322,5.7179740425102);
#72=CYLINDRICAL_SURFACE('',#8324,4.66955369806261);
#73=CYLINDRICAL_SURFACE('',#8326,4.22890766827452);
#74=CYLINDRICAL_SURFACE('',#8339,5.71797404253127);
#75=CYLINDRICAL_SURFACE('',#8341,4.66955369804604);
#76=CYLINDRICAL_SURFACE('',#8343,4.22890766826296);
#77=CYLINDRICAL_SURFACE('',#8363,5.72890766823574);
#78=CYLINDRICAL_SURFACE('',#8365,6.16955369803704);
#79=CYLINDRICAL_SURFACE('',#8367,7.21797404250963);
#80=CYLINDRICAL_SURFACE('',#8380,5.72890766826297);
#81=CYLINDRICAL_SURFACE('',#8382,6.16955369804603);
#82=CYLINDRICAL_SURFACE('',#8384,7.21797404253127);
#83=CYLINDRICAL_SURFACE('',#8397,5.72890766827451);
#84=CYLINDRICAL_SURFACE('',#8399,6.16955369806262);
#85=CYLINDRICAL_SURFACE('',#8401,7.2179740425102);
#86=CYLINDRICAL_SURFACE('',#8404,8.11621468802286);
#87=CYLINDRICAL_SURFACE('',#8406,6.72833572431163);
#88=CYLINDRICAL_SURFACE('',#8409,5.72906488349263);
#89=FACE_BOUND('',#819,.T.);
#90=FACE_BOUND('',#820,.T.);
#91=FACE_BOUND('',#821,.T.);
#92=FACE_BOUND('',#822,.T.);
#93=FACE_BOUND('',#831,.T.);
#94=FACE_BOUND('',#832,.T.);
#95=FACE_BOUND('',#833,.T.);
#96=FACE_BOUND('',#834,.T.);
#97=FACE_BOUND('',#1004,.T.);
#98=FACE_BOUND('',#1005,.T.);
#99=FACE_BOUND('',#1006,.T.);
#100=FACE_BOUND('',#1007,.T.);
#101=FACE_BOUND('',#1008,.T.);
#102=FACE_BOUND('',#1009,.T.);
#103=FACE_BOUND('',#1010,.T.);
#104=FACE_BOUND('',#1022,.T.);
#105=FACE_BOUND('',#1023,.T.);
#106=FACE_BOUND('',#1024,.T.);
#107=FACE_BOUND('',#1025,.T.);
#108=FACE_BOUND('',#1026,.T.);
#109=FACE_BOUND('',#1027,.T.);
#110=FACE_BOUND('',#1028,.T.);
#111=FACE_BOUND('',#1029,.T.);
#112=FACE_BOUND('',#1030,.T.);
#113=FACE_BOUND('',#1084,.T.);
#114=FACE_BOUND('',#1086,.T.);
#115=FACE_BOUND('',#1088,.T.);
#116=FACE_BOUND('',#1090,.T.);
#117=PLANE('',#7914);
#118=PLANE('',#7944);
#119=PLANE('',#7957);
#120=PLANE('',#7958);
#121=PLANE('',#7959);
#122=PLANE('',#7960);
#123=PLANE('',#7961);
#124=PLANE('',#7974);
#125=PLANE('',#7975);
#126=PLANE('',#7976);
#127=PLANE('',#7977);
#128=PLANE('',#7978);
#129=PLANE('',#7991);
#130=PLANE('',#7992);
#131=PLANE('',#7993);
#132=PLANE('',#7994);
#133=PLANE('',#7995);
#134=PLANE('',#7997);
#135=PLANE('',#7999);
#136=PLANE('',#8001);
#137=PLANE('',#8002);
#138=PLANE('',#8003);
#139=PLANE('',#8004);
#140=PLANE('',#8005);
#141=PLANE('',#8006);
#142=PLANE('',#8007);
#143=PLANE('',#8008);
#144=PLANE('',#8009);
#145=PLANE('',#8010);
#146=PLANE('',#8011);
#147=PLANE('',#8013);
#148=PLANE('',#8015);
#149=PLANE('',#8017);
#150=PLANE('',#8018);
#151=PLANE('',#8019);
#152=PLANE('',#8020);
#153=PLANE('',#8021);
#154=PLANE('',#8022);
#155=PLANE('',#8023);
#156=PLANE('',#8024);
#157=PLANE('',#8025);
#158=PLANE('',#8026);
#159=PLANE('',#8027);
#160=PLANE('',#8028);
#161=PLANE('',#8029);
#162=PLANE('',#8030);
#163=PLANE('',#8031);
#164=PLANE('',#8033);
#165=PLANE('',#8035);
#166=PLANE('',#8037);
#167=PLANE('',#8038);
#168=PLANE('',#8040);
#169=PLANE('',#8042);
#170=PLANE('',#8043);
#171=PLANE('',#8045);
#172=PLANE('',#8046);
#173=PLANE('',#8047);
#174=PLANE('',#8048);
#175=PLANE('',#8049);
#176=PLANE('',#8050);
#177=PLANE('',#8051);
#178=PLANE('',#8052);
#179=PLANE('',#8053);
#180=PLANE('',#8054);
#181=PLANE('',#8055);
#182=PLANE('',#8056);
#183=PLANE('',#8057);
#184=PLANE('',#8058);
#185=PLANE('',#8059);
#186=PLANE('',#8060);
#187=PLANE('',#8061);
#188=PLANE('',#8062);
#189=PLANE('',#8063);
#190=PLANE('',#8064);
#191=PLANE('',#8065);
#192=PLANE('',#8066);
#193=PLANE('',#8067);
#194=PLANE('',#8068);
#195=PLANE('',#8069);
#196=PLANE('',#8071);
#197=PLANE('',#8072);
#198=PLANE('',#8075);
#199=PLANE('',#8076);
#200=PLANE('',#8078);
#201=PLANE('',#8080);
#202=PLANE('',#8082);
#203=PLANE('',#8083);
#204=PLANE('',#8084);
#205=PLANE('',#8085);
#206=PLANE('',#8086);
#207=PLANE('',#8087);
#208=PLANE('',#8088);
#209=PLANE('',#8089);
#210=PLANE('',#8090);
#211=PLANE('',#8091);
#212=PLANE('',#8092);
#213=PLANE('',#8093);
#214=PLANE('',#8094);
#215=PLANE('',#8096);
#216=PLANE('',#8098);
#217=PLANE('',#8100);
#218=PLANE('',#8101);
#219=PLANE('',#8102);
#220=PLANE('',#8103);
#221=PLANE('',#8104);
#222=PLANE('',#8105);
#223=PLANE('',#8106);
#224=PLANE('',#8107);
#225=PLANE('',#8108);
#226=PLANE('',#8109);
#227=PLANE('',#8110);
#228=PLANE('',#8111);
#229=PLANE('',#8113);
#230=PLANE('',#8115);
#231=PLANE('',#8117);
#232=PLANE('',#8118);
#233=PLANE('',#8119);
#234=PLANE('',#8120);
#235=PLANE('',#8121);
#236=PLANE('',#8122);
#237=PLANE('',#8123);
#238=PLANE('',#8124);
#239=PLANE('',#8125);
#240=PLANE('',#8127);
#241=PLANE('',#8128);
#242=PLANE('',#8129);
#243=PLANE('',#8130);
#244=PLANE('',#8131);
#245=PLANE('',#8132);
#246=PLANE('',#8133);
#247=PLANE('',#8134);
#248=PLANE('',#8135);
#249=PLANE('',#8136);
#250=PLANE('',#8137);
#251=PLANE('',#8138);
#252=PLANE('',#8139);
#253=PLANE('',#8140);
#254=PLANE('',#8141);
#255=PLANE('',#8142);
#256=PLANE('',#8143);
#257=PLANE('',#8144);
#258=PLANE('',#8145);
#259=PLANE('',#8146);
#260=PLANE('',#8147);
#261=PLANE('',#8148);
#262=PLANE('',#8149);
#263=PLANE('',#8150);
#264=PLANE('',#8167);
#265=PLANE('',#8168);
#266=PLANE('',#8169);
#267=PLANE('',#8170);
#268=PLANE('',#8171);
#269=PLANE('',#8172);
#270=PLANE('',#8173);
#271=PLANE('',#8174);
#272=PLANE('',#8175);
#273=PLANE('',#8176);
#274=PLANE('',#8177);
#275=PLANE('',#8194);
#276=PLANE('',#8195);
#277=PLANE('',#8196);
#278=PLANE('',#8197);
#279=PLANE('',#8198);
#280=PLANE('',#8199);
#281=PLANE('',#8200);
#282=PLANE('',#8201);
#283=PLANE('',#8217);
#284=PLANE('',#8220);
#285=PLANE('',#8221);
#286=PLANE('',#8224);
#287=PLANE('',#8227);
#288=PLANE('',#8230);
#289=PLANE('',#8231);
#290=PLANE('',#8232);
#291=PLANE('',#8233);
#292=PLANE('',#8234);
#293=PLANE('',#8235);
#294=PLANE('',#8236);
#295=PLANE('',#8237);
#296=PLANE('',#8238);
#297=PLANE('',#8239);
#298=PLANE('',#8240);
#299=PLANE('',#8241);
#300=PLANE('',#8242);
#301=PLANE('',#8243);
#302=PLANE('',#8244);
#303=PLANE('',#8245);
#304=PLANE('',#8246);
#305=PLANE('',#8247);
#306=PLANE('',#8248);
#307=PLANE('',#8249);
#308=PLANE('',#8252);
#309=PLANE('',#8253);
#310=PLANE('',#8256);
#311=PLANE('',#8259);
#312=PLANE('',#8260);
#313=PLANE('',#8262);
#314=PLANE('',#8264);
#315=PLANE('',#8265);
#316=PLANE('',#8267);
#317=PLANE('',#8268);
#318=PLANE('',#8269);
#319=PLANE('',#8270);
#320=PLANE('',#8271);
#321=PLANE('',#8272);
#322=PLANE('',#8273);
#323=PLANE('',#8277);
#324=PLANE('',#8278);
#325=PLANE('',#8279);
#326=PLANE('',#8280);
#327=PLANE('',#8287);
#328=PLANE('',#8300);
#329=PLANE('',#8301);
#330=PLANE('',#8302);
#331=PLANE('',#8303);
#332=PLANE('',#8304);
#333=PLANE('',#8305);
#334=PLANE('',#8306);
#335=PLANE('',#8307);
#336=PLANE('',#8308);
#337=PLANE('',#8309);
#338=PLANE('',#8310);
#339=PLANE('',#8311);
#340=PLANE('',#8312);
#341=PLANE('',#8313);
#342=PLANE('',#8314);
#343=PLANE('',#8315);
#344=PLANE('',#8316);
#345=PLANE('',#8317);
#346=PLANE('',#8318);
#347=PLANE('',#8319);
#348=PLANE('',#8320);
#349=PLANE('',#8321);
#350=PLANE('',#8323);
#351=PLANE('',#8325);
#352=PLANE('',#8327);
#353=PLANE('',#8328);
#354=PLANE('',#8329);
#355=PLANE('',#8330);
#356=PLANE('',#8331);
#357=PLANE('',#8332);
#358=PLANE('',#8333);
#359=PLANE('',#8334);
#360=PLANE('',#8335);
#361=PLANE('',#8336);
#362=PLANE('',#8337);
#363=PLANE('',#8338);
#364=PLANE('',#8340);
#365=PLANE('',#8342);
#366=PLANE('',#8344);
#367=PLANE('',#8345);
#368=PLANE('',#8346);
#369=PLANE('',#8347);
#370=PLANE('',#8348);
#371=PLANE('',#8349);
#372=PLANE('',#8350);
#373=PLANE('',#8351);
#374=PLANE('',#8352);
#375=PLANE('',#8353);
#376=PLANE('',#8354);
#377=PLANE('',#8355);
#378=PLANE('',#8356);
#379=PLANE('',#8357);
#380=PLANE('',#8358);
#381=PLANE('',#8359);
#382=PLANE('',#8360);
#383=PLANE('',#8361);
#384=PLANE('',#8362);
#385=PLANE('',#8364);
#386=PLANE('',#8366);
#387=PLANE('',#8368);
#388=PLANE('',#8369);
#389=PLANE('',#8370);
#390=PLANE('',#8371);
#391=PLANE('',#8372);
#392=PLANE('',#8373);
#393=PLANE('',#8374);
#394=PLANE('',#8375);
#395=PLANE('',#8376);
#396=PLANE('',#8377);
#397=PLANE('',#8378);
#398=PLANE('',#8379);
#399=PLANE('',#8381);
#400=PLANE('',#8383);
#401=PLANE('',#8385);
#402=PLANE('',#8386);
#403=PLANE('',#8387);
#404=PLANE('',#8388);
#405=PLANE('',#8389);
#406=PLANE('',#8390);
#407=PLANE('',#8391);
#408=PLANE('',#8392);
#409=PLANE('',#8393);
#410=PLANE('',#8394);
#411=PLANE('',#8395);
#412=PLANE('',#8396);
#413=PLANE('',#8398);
#414=PLANE('',#8400);
#415=PLANE('',#8402);
#416=PLANE('',#8403);
#417=PLANE('',#8405);
#418=PLANE('',#8407);
#419=PLANE('',#8408);
#420=PLANE('',#8410);
#421=PLANE('',#8411);
#422=PLANE('',#8412);
#423=PLANE('',#8413);
#424=PLANE('',#8414);
#425=PLANE('',#8415);
#426=PLANE('',#8416);
#427=PLANE('',#8417);
#428=PLANE('',#8418);
#429=PLANE('',#8419);
#430=PLANE('',#8420);
#431=PLANE('',#8421);
#432=PLANE('',#8422);
#433=FACE_OUTER_BOUND('',#817,.T.);
#434=FACE_OUTER_BOUND('',#818,.T.);
#435=FACE_OUTER_BOUND('',#823,.T.);
#436=FACE_OUTER_BOUND('',#824,.T.);
#437=FACE_OUTER_BOUND('',#825,.T.);
#438=FACE_OUTER_BOUND('',#826,.T.);
#439=FACE_OUTER_BOUND('',#827,.T.);
#440=FACE_OUTER_BOUND('',#828,.T.);
#441=FACE_OUTER_BOUND('',#829,.T.);
#442=FACE_OUTER_BOUND('',#830,.T.);
#443=FACE_OUTER_BOUND('',#835,.T.);
#444=FACE_OUTER_BOUND('',#836,.T.);
#445=FACE_OUTER_BOUND('',#837,.T.);
#446=FACE_OUTER_BOUND('',#838,.T.);
#447=FACE_OUTER_BOUND('',#839,.T.);
#448=FACE_OUTER_BOUND('',#840,.T.);
#449=FACE_OUTER_BOUND('',#841,.T.);
#450=FACE_OUTER_BOUND('',#842,.T.);
#451=FACE_OUTER_BOUND('',#843,.T.);
#452=FACE_OUTER_BOUND('',#844,.T.);
#453=FACE_OUTER_BOUND('',#845,.T.);
#454=FACE_OUTER_BOUND('',#846,.T.);
#455=FACE_OUTER_BOUND('',#847,.T.);
#456=FACE_OUTER_BOUND('',#848,.T.);
#457=FACE_OUTER_BOUND('',#849,.T.);
#458=FACE_OUTER_BOUND('',#850,.T.);
#459=FACE_OUTER_BOUND('',#851,.T.);
#460=FACE_OUTER_BOUND('',#852,.T.);
#461=FACE_OUTER_BOUND('',#853,.T.);
#462=FACE_OUTER_BOUND('',#854,.T.);
#463=FACE_OUTER_BOUND('',#855,.T.);
#464=FACE_OUTER_BOUND('',#856,.T.);
#465=FACE_OUTER_BOUND('',#857,.T.);
#466=FACE_OUTER_BOUND('',#858,.T.);
#467=FACE_OUTER_BOUND('',#859,.T.);
#468=FACE_OUTER_BOUND('',#860,.T.);
#469=FACE_OUTER_BOUND('',#861,.T.);
#470=FACE_OUTER_BOUND('',#862,.T.);
#471=FACE_OUTER_BOUND('',#863,.T.);
#472=FACE_OUTER_BOUND('',#864,.T.);
#473=FACE_OUTER_BOUND('',#865,.T.);
#474=FACE_OUTER_BOUND('',#866,.T.);
#475=FACE_OUTER_BOUND('',#867,.T.);
#476=FACE_OUTER_BOUND('',#868,.T.);
#477=FACE_OUTER_BOUND('',#869,.T.);
#478=FACE_OUTER_BOUND('',#870,.T.);
#479=FACE_OUTER_BOUND('',#871,.T.);
#480=FACE_OUTER_BOUND('',#872,.T.);
#481=FACE_OUTER_BOUND('',#873,.T.);
#482=FACE_OUTER_BOUND('',#874,.T.);
#483=FACE_OUTER_BOUND('',#875,.T.);
#484=FACE_OUTER_BOUND('',#876,.T.);
#485=FACE_OUTER_BOUND('',#877,.T.);
#486=FACE_OUTER_BOUND('',#878,.T.);
#487=FACE_OUTER_BOUND('',#879,.T.);
#488=FACE_OUTER_BOUND('',#880,.T.);
#489=FACE_OUTER_BOUND('',#881,.T.);
#490=FACE_OUTER_BOUND('',#882,.T.);
#491=FACE_OUTER_BOUND('',#883,.T.);
#492=FACE_OUTER_BOUND('',#884,.T.);
#493=FACE_OUTER_BOUND('',#885,.T.);
#494=FACE_OUTER_BOUND('',#886,.T.);
#495=FACE_OUTER_BOUND('',#887,.T.);
#496=FACE_OUTER_BOUND('',#888,.T.);
#497=FACE_OUTER_BOUND('',#889,.T.);
#498=FACE_OUTER_BOUND('',#890,.T.);
#499=FACE_OUTER_BOUND('',#891,.T.);
#500=FACE_OUTER_BOUND('',#892,.T.);
#501=FACE_OUTER_BOUND('',#893,.T.);
#502=FACE_OUTER_BOUND('',#894,.T.);
#503=FACE_OUTER_BOUND('',#895,.T.);
#504=FACE_OUTER_BOUND('',#896,.T.);
#505=FACE_OUTER_BOUND('',#897,.T.);
#506=FACE_OUTER_BOUND('',#898,.T.);
#507=FACE_OUTER_BOUND('',#899,.T.);
#508=FACE_OUTER_BOUND('',#900,.T.);
#509=FACE_OUTER_BOUND('',#901,.T.);
#510=FACE_OUTER_BOUND('',#902,.T.);
#511=FACE_OUTER_BOUND('',#903,.T.);
#512=FACE_OUTER_BOUND('',#904,.T.);
#513=FACE_OUTER_BOUND('',#905,.T.);
#514=FACE_OUTER_BOUND('',#906,.T.);
#515=FACE_OUTER_BOUND('',#907,.T.);
#516=FACE_OUTER_BOUND('',#908,.T.);
#517=FACE_OUTER_BOUND('',#909,.T.);
#518=FACE_OUTER_BOUND('',#910,.T.);
#519=FACE_OUTER_BOUND('',#911,.T.);
#520=FACE_OUTER_BOUND('',#912,.T.);
#521=FACE_OUTER_BOUND('',#913,.T.);
#522=FACE_OUTER_BOUND('',#914,.T.);
#523=FACE_OUTER_BOUND('',#915,.T.);
#524=FACE_OUTER_BOUND('',#916,.T.);
#525=FACE_OUTER_BOUND('',#917,.T.);
#526=FACE_OUTER_BOUND('',#918,.T.);
#527=FACE_OUTER_BOUND('',#919,.T.);
#528=FACE_OUTER_BOUND('',#920,.T.);
#529=FACE_OUTER_BOUND('',#921,.T.);
#530=FACE_OUTER_BOUND('',#922,.T.);
#531=FACE_OUTER_BOUND('',#923,.T.);
#532=FACE_OUTER_BOUND('',#924,.T.);
#533=FACE_OUTER_BOUND('',#925,.T.);
#534=FACE_OUTER_BOUND('',#926,.T.);
#535=FACE_OUTER_BOUND('',#927,.T.);
#536=FACE_OUTER_BOUND('',#928,.T.);
#537=FACE_OUTER_BOUND('',#929,.T.);
#538=FACE_OUTER_BOUND('',#930,.T.);
#539=FACE_OUTER_BOUND('',#931,.T.);
#540=FACE_OUTER_BOUND('',#932,.T.);
#541=FACE_OUTER_BOUND('',#933,.T.);
#542=FACE_OUTER_BOUND('',#934,.T.);
#543=FACE_OUTER_BOUND('',#935,.T.);
#544=FACE_OUTER_BOUND('',#936,.T.);
#545=FACE_OUTER_BOUND('',#937,.T.);
#546=FACE_OUTER_BOUND('',#938,.T.);
#547=FACE_OUTER_BOUND('',#939,.T.);
#548=FACE_OUTER_BOUND('',#940,.T.);
#549=FACE_OUTER_BOUND('',#941,.T.);
#550=FACE_OUTER_BOUND('',#942,.T.);
#551=FACE_OUTER_BOUND('',#943,.T.);
#552=FACE_OUTER_BOUND('',#944,.T.);
#553=FACE_OUTER_BOUND('',#945,.T.);
#554=FACE_OUTER_BOUND('',#946,.T.);
#555=FACE_OUTER_BOUND('',#947,.T.);
#556=FACE_OUTER_BOUND('',#948,.T.);
#557=FACE_OUTER_BOUND('',#949,.T.);
#558=FACE_OUTER_BOUND('',#950,.T.);
#559=FACE_OUTER_BOUND('',#951,.T.);
#560=FACE_OUTER_BOUND('',#952,.T.);
#561=FACE_OUTER_BOUND('',#953,.T.);
#562=FACE_OUTER_BOUND('',#954,.T.);
#563=FACE_OUTER_BOUND('',#955,.T.);
#564=FACE_OUTER_BOUND('',#956,.T.);
#565=FACE_OUTER_BOUND('',#957,.T.);
#566=FACE_OUTER_BOUND('',#958,.T.);
#567=FACE_OUTER_BOUND('',#959,.T.);
#568=FACE_OUTER_BOUND('',#960,.T.);
#569=FACE_OUTER_BOUND('',#961,.T.);
#570=FACE_OUTER_BOUND('',#962,.T.);
#571=FACE_OUTER_BOUND('',#963,.T.);
#572=FACE_OUTER_BOUND('',#964,.T.);
#573=FACE_OUTER_BOUND('',#965,.T.);
#574=FACE_OUTER_BOUND('',#966,.T.);
#575=FACE_OUTER_BOUND('',#967,.T.);
#576=FACE_OUTER_BOUND('',#968,.T.);
#577=FACE_OUTER_BOUND('',#969,.T.);
#578=FACE_OUTER_BOUND('',#970,.T.);
#579=FACE_OUTER_BOUND('',#971,.T.);
#580=FACE_OUTER_BOUND('',#972,.T.);
#581=FACE_OUTER_BOUND('',#973,.T.);
#582=FACE_OUTER_BOUND('',#974,.T.);
#583=FACE_OUTER_BOUND('',#975,.T.);
#584=FACE_OUTER_BOUND('',#976,.T.);
#585=FACE_OUTER_BOUND('',#977,.T.);
#586=FACE_OUTER_BOUND('',#978,.T.);
#587=FACE_OUTER_BOUND('',#979,.T.);
#588=FACE_OUTER_BOUND('',#980,.T.);
#589=FACE_OUTER_BOUND('',#981,.T.);
#590=FACE_OUTER_BOUND('',#982,.T.);
#591=FACE_OUTER_BOUND('',#983,.T.);
#592=FACE_OUTER_BOUND('',#984,.T.);
#593=FACE_OUTER_BOUND('',#985,.T.);
#594=FACE_OUTER_BOUND('',#986,.T.);
#595=FACE_OUTER_BOUND('',#987,.T.);
#596=FACE_OUTER_BOUND('',#988,.T.);
#597=FACE_OUTER_BOUND('',#989,.T.);
#598=FACE_OUTER_BOUND('',#990,.T.);
#599=FACE_OUTER_BOUND('',#991,.T.);
#600=FACE_OUTER_BOUND('',#992,.T.);
#601=FACE_OUTER_BOUND('',#993,.T.);
#602=FACE_OUTER_BOUND('',#994,.T.);
#603=FACE_OUTER_BOUND('',#995,.T.);
#604=FACE_OUTER_BOUND('',#996,.T.);
#605=FACE_OUTER_BOUND('',#997,.T.);
#606=FACE_OUTER_BOUND('',#998,.T.);
#607=FACE_OUTER_BOUND('',#999,.T.);
#608=FACE_OUTER_BOUND('',#1000,.T.);
#609=FACE_OUTER_BOUND('',#1001,.T.);
#610=FACE_OUTER_BOUND('',#1002,.T.);
#611=FACE_OUTER_BOUND('',#1003,.T.);
#612=FACE_OUTER_BOUND('',#1011,.T.);
#613=FACE_OUTER_BOUND('',#1012,.T.);
#614=FACE_OUTER_BOUND('',#1013,.T.);
#615=FACE_OUTER_BOUND('',#1014,.T.);
#616=FACE_OUTER_BOUND('',#1015,.T.);
#617=FACE_OUTER_BOUND('',#1016,.T.);
#618=FACE_OUTER_BOUND('',#1017,.T.);
#619=FACE_OUTER_BOUND('',#1018,.T.);
#620=FACE_OUTER_BOUND('',#1019,.T.);
#621=FACE_OUTER_BOUND('',#1020,.T.);
#622=FACE_OUTER_BOUND('',#1021,.T.);
#623=FACE_OUTER_BOUND('',#1031,.T.);
#624=FACE_OUTER_BOUND('',#1032,.T.);
#625=FACE_OUTER_BOUND('',#1033,.T.);
#626=FACE_OUTER_BOUND('',#1034,.T.);
#627=FACE_OUTER_BOUND('',#1035,.T.);
#628=FACE_OUTER_BOUND('',#1036,.T.);
#629=FACE_OUTER_BOUND('',#1037,.T.);
#630=FACE_OUTER_BOUND('',#1038,.T.);
#631=FACE_OUTER_BOUND('',#1039,.T.);
#632=FACE_OUTER_BOUND('',#1040,.T.);
#633=FACE_OUTER_BOUND('',#1041,.T.);
#634=FACE_OUTER_BOUND('',#1042,.T.);
#635=FACE_OUTER_BOUND('',#1043,.T.);
#636=FACE_OUTER_BOUND('',#1044,.T.);
#637=FACE_OUTER_BOUND('',#1045,.T.);
#638=FACE_OUTER_BOUND('',#1046,.T.);
#639=FACE_OUTER_BOUND('',#1047,.T.);
#640=FACE_OUTER_BOUND('',#1048,.T.);
#641=FACE_OUTER_BOUND('',#1049,.T.);
#642=FACE_OUTER_BOUND('',#1050,.T.);
#643=FACE_OUTER_BOUND('',#1051,.T.);
#644=FACE_OUTER_BOUND('',#1052,.T.);
#645=FACE_OUTER_BOUND('',#1053,.T.);
#646=FACE_OUTER_BOUND('',#1054,.T.);
#647=FACE_OUTER_BOUND('',#1055,.T.);
#648=FACE_OUTER_BOUND('',#1056,.T.);
#649=FACE_OUTER_BOUND('',#1057,.T.);
#650=FACE_OUTER_BOUND('',#1058,.T.);
#651=FACE_OUTER_BOUND('',#1059,.T.);
#652=FACE_OUTER_BOUND('',#1060,.T.);
#653=FACE_OUTER_BOUND('',#1061,.T.);
#654=FACE_OUTER_BOUND('',#1062,.T.);
#655=FACE_OUTER_BOUND('',#1063,.T.);
#656=FACE_OUTER_BOUND('',#1064,.T.);
#657=FACE_OUTER_BOUND('',#1065,.T.);
#658=FACE_OUTER_BOUND('',#1066,.T.);
#659=FACE_OUTER_BOUND('',#1067,.T.);
#660=FACE_OUTER_BOUND('',#1068,.T.);
#661=FACE_OUTER_BOUND('',#1069,.T.);
#662=FACE_OUTER_BOUND('',#1070,.T.);
#663=FACE_OUTER_BOUND('',#1071,.T.);
#664=FACE_OUTER_BOUND('',#1072,.T.);
#665=FACE_OUTER_BOUND('',#1073,.T.);
#666=FACE_OUTER_BOUND('',#1074,.T.);
#667=FACE_OUTER_BOUND('',#1075,.T.);
#668=FACE_OUTER_BOUND('',#1076,.T.);
#669=FACE_OUTER_BOUND('',#1077,.T.);
#670=FACE_OUTER_BOUND('',#1078,.T.);
#671=FACE_OUTER_BOUND('',#1079,.T.);
#672=FACE_OUTER_BOUND('',#1080,.T.);
#673=FACE_OUTER_BOUND('',#1081,.T.);
#674=FACE_OUTER_BOUND('',#1082,.T.);
#675=FACE_OUTER_BOUND('',#1083,.T.);
#676=FACE_OUTER_BOUND('',#1085,.T.);
#677=FACE_OUTER_BOUND('',#1087,.T.);
#678=FACE_OUTER_BOUND('',#1089,.T.);
#679=FACE_OUTER_BOUND('',#1091,.T.);
#680=FACE_OUTER_BOUND('',#1092,.T.);
#681=FACE_OUTER_BOUND('',#1093,.T.);
#682=FACE_OUTER_BOUND('',#1094,.T.);
#683=FACE_OUTER_BOUND('',#1095,.T.);
#684=FACE_OUTER_BOUND('',#1096,.T.);
#685=FACE_OUTER_BOUND('',#1097,.T.);
#686=FACE_OUTER_BOUND('',#1098,.T.);
#687=FACE_OUTER_BOUND('',#1099,.T.);
#688=FACE_OUTER_BOUND('',#1100,.T.);
#689=FACE_OUTER_BOUND('',#1101,.T.);
#690=FACE_OUTER_BOUND('',#1102,.T.);
#691=FACE_OUTER_BOUND('',#1103,.T.);
#692=FACE_OUTER_BOUND('',#1104,.T.);
#693=FACE_OUTER_BOUND('',#1105,.T.);
#694=FACE_OUTER_BOUND('',#1106,.T.);
#695=FACE_OUTER_BOUND('',#1107,.T.);
#696=FACE_OUTER_BOUND('',#1108,.T.);
#697=FACE_OUTER_BOUND('',#1109,.T.);
#698=FACE_OUTER_BOUND('',#1110,.T.);
#699=FACE_OUTER_BOUND('',#1111,.T.);
#700=FACE_OUTER_BOUND('',#1112,.T.);
#701=FACE_OUTER_BOUND('',#1113,.T.);
#702=FACE_OUTER_BOUND('',#1114,.T.);
#703=FACE_OUTER_BOUND('',#1115,.T.);
#704=FACE_OUTER_BOUND('',#1116,.T.);
#705=FACE_OUTER_BOUND('',#1117,.T.);
#706=FACE_OUTER_BOUND('',#1118,.T.);
#707=FACE_OUTER_BOUND('',#1119,.T.);
#708=FACE_OUTER_BOUND('',#1120,.T.);
#709=FACE_OUTER_BOUND('',#1121,.T.);
#710=FACE_OUTER_BOUND('',#1122,.T.);
#711=FACE_OUTER_BOUND('',#1123,.T.);
#712=FACE_OUTER_BOUND('',#1124,.T.);
#713=FACE_OUTER_BOUND('',#1125,.T.);
#714=FACE_OUTER_BOUND('',#1126,.T.);
#715=FACE_OUTER_BOUND('',#1127,.T.);
#716=FACE_OUTER_BOUND('',#1128,.T.);
#717=FACE_OUTER_BOUND('',#1129,.T.);
#718=FACE_OUTER_BOUND('',#1130,.T.);
#719=FACE_OUTER_BOUND('',#1131,.T.);
#720=FACE_OUTER_BOUND('',#1132,.T.);
#721=FACE_OUTER_BOUND('',#1133,.T.);
#722=FACE_OUTER_BOUND('',#1134,.T.);
#723=FACE_OUTER_BOUND('',#1135,.T.);
#724=FACE_OUTER_BOUND('',#1136,.T.);
#725=FACE_OUTER_BOUND('',#1137,.T.);
#726=FACE_OUTER_BOUND('',#1138,.T.);
#727=FACE_OUTER_BOUND('',#1139,.T.);
#728=FACE_OUTER_BOUND('',#1140,.T.);
#729=FACE_OUTER_BOUND('',#1141,.T.);
#730=FACE_OUTER_BOUND('',#1142,.T.);
#731=FACE_OUTER_BOUND('',#1143,.T.);
#732=FACE_OUTER_BOUND('',#1144,.T.);
#733=FACE_OUTER_BOUND('',#1145,.T.);
#734=FACE_OUTER_BOUND('',#1146,.T.);
#735=FACE_OUTER_BOUND('',#1147,.T.);
#736=FACE_OUTER_BOUND('',#1148,.T.);
#737=FACE_OUTER_BOUND('',#1149,.T.);
#738=FACE_OUTER_BOUND('',#1150,.T.);
#739=FACE_OUTER_BOUND('',#1151,.T.);
#740=FACE_OUTER_BOUND('',#1152,.T.);
#741=FACE_OUTER_BOUND('',#1153,.T.);
#742=FACE_OUTER_BOUND('',#1154,.T.);
#743=FACE_OUTER_BOUND('',#1155,.T.);
#744=FACE_OUTER_BOUND('',#1156,.T.);
#745=FACE_OUTER_BOUND('',#1157,.T.);
#746=FACE_OUTER_BOUND('',#1158,.T.);
#747=FACE_OUTER_BOUND('',#1159,.T.);
#748=FACE_OUTER_BOUND('',#1160,.T.);
#749=FACE_OUTER_BOUND('',#1161,.T.);
#750=FACE_OUTER_BOUND('',#1162,.T.);
#751=FACE_OUTER_BOUND('',#1163,.T.);
#752=FACE_OUTER_BOUND('',#1164,.T.);
#753=FACE_OUTER_BOUND('',#1165,.T.);
#754=FACE_OUTER_BOUND('',#1166,.T.);
#755=FACE_OUTER_BOUND('',#1167,.T.);
#756=FACE_OUTER_BOUND('',#1168,.T.);
#757=FACE_OUTER_BOUND('',#1169,.T.);
#758=FACE_OUTER_BOUND('',#1170,.T.);
#759=FACE_OUTER_BOUND('',#1171,.T.);
#760=FACE_OUTER_BOUND('',#1172,.T.);
#761=FACE_OUTER_BOUND('',#1173,.T.);
#762=FACE_OUTER_BOUND('',#1174,.T.);
#763=FACE_OUTER_BOUND('',#1175,.T.);
#764=FACE_OUTER_BOUND('',#1176,.T.);
#765=FACE_OUTER_BOUND('',#1177,.T.);
#766=FACE_OUTER_BOUND('',#1178,.T.);
#767=FACE_OUTER_BOUND('',#1179,.T.);
#768=FACE_OUTER_BOUND('',#1180,.T.);
#769=FACE_OUTER_BOUND('',#1181,.T.);
#770=FACE_OUTER_BOUND('',#1182,.T.);
#771=FACE_OUTER_BOUND('',#1183,.T.);
#772=FACE_OUTER_BOUND('',#1184,.T.);
#773=FACE_OUTER_BOUND('',#1185,.T.);
#774=FACE_OUTER_BOUND('',#1186,.T.);
#775=FACE_OUTER_BOUND('',#1187,.T.);
#776=FACE_OUTER_BOUND('',#1188,.T.);
#777=FACE_OUTER_BOUND('',#1189,.T.);
#778=FACE_OUTER_BOUND('',#1190,.T.);
#779=FACE_OUTER_BOUND('',#1191,.T.);
#780=FACE_OUTER_BOUND('',#1192,.T.);
#781=FACE_OUTER_BOUND('',#1193,.T.);
#782=FACE_OUTER_BOUND('',#1194,.T.);
#783=FACE_OUTER_BOUND('',#1195,.T.);
#784=FACE_OUTER_BOUND('',#1196,.T.);
#785=FACE_OUTER_BOUND('',#1197,.T.);
#786=FACE_OUTER_BOUND('',#1198,.T.);
#787=FACE_OUTER_BOUND('',#1199,.T.);
#788=FACE_OUTER_BOUND('',#1200,.T.);
#789=FACE_OUTER_BOUND('',#1201,.T.);
#790=FACE_OUTER_BOUND('',#1202,.T.);
#791=FACE_OUTER_BOUND('',#1203,.T.);
#792=FACE_OUTER_BOUND('',#1204,.T.);
#793=FACE_OUTER_BOUND('',#1205,.T.);
#794=FACE_OUTER_BOUND('',#1206,.T.);
#795=FACE_OUTER_BOUND('',#1207,.T.);
#796=FACE_OUTER_BOUND('',#1208,.T.);
#797=FACE_OUTER_BOUND('',#1209,.T.);
#798=FACE_OUTER_BOUND('',#1210,.T.);
#799=FACE_OUTER_BOUND('',#1211,.T.);
#800=FACE_OUTER_BOUND('',#1212,.T.);
#801=FACE_OUTER_BOUND('',#1213,.T.);
#802=FACE_OUTER_BOUND('',#1214,.T.);
#803=FACE_OUTER_BOUND('',#1215,.T.);
#804=FACE_OUTER_BOUND('',#1216,.T.);
#805=FACE_OUTER_BOUND('',#1217,.T.);
#806=FACE_OUTER_BOUND('',#1218,.T.);
#807=FACE_OUTER_BOUND('',#1219,.T.);
#808=FACE_OUTER_BOUND('',#1220,.T.);
#809=FACE_OUTER_BOUND('',#1221,.T.);
#810=FACE_OUTER_BOUND('',#1222,.T.);
#811=FACE_OUTER_BOUND('',#1223,.T.);
#812=FACE_OUTER_BOUND('',#1224,.T.);
#813=FACE_OUTER_BOUND('',#1225,.T.);
#814=FACE_OUTER_BOUND('',#1226,.T.);
#815=FACE_OUTER_BOUND('',#1227,.T.);
#816=FACE_OUTER_BOUND('',#1228,.T.);
#817=EDGE_LOOP('',(#5234,#5235,#5236,#5237));
#818=EDGE_LOOP('',(#5238,#5239,#5240,#5241,#5242,#5243,#5244,#5245,#5246,
#5247,#5248,#5249,#5250,#5251,#5252,#5253,#5254,#5255,#5256,#5257,#5258,
#5259,#5260,#5261,#5262,#5263,#5264,#5265,#5266,#5267,#5268,#5269,#5270,
#5271,#5272,#5273,#5274,#5275,#5276,#5277,#5278,#5279,#5280,#5281,#5282,
#5283,#5284,#5285,#5286,#5287,#5288,#5289,#5290,#5291,#5292,#5293,#5294,
#5295,#5296,#5297,#5298,#5299,#5300,#5301,#5302,#5303,#5304,#5305));
#819=EDGE_LOOP('',(#5306));
#820=EDGE_LOOP('',(#5307));
#821=EDGE_LOOP('',(#5308));
#822=EDGE_LOOP('',(#5309));
#823=EDGE_LOOP('',(#5310,#5311,#5312,#5313));
#824=EDGE_LOOP('',(#5314,#5315,#5316,#5317));
#825=EDGE_LOOP('',(#5318,#5319,#5320,#5321));
#826=EDGE_LOOP('',(#5322,#5323,#5324,#5325));
#827=EDGE_LOOP('',(#5326,#5327,#5328,#5329));
#828=EDGE_LOOP('',(#5330,#5331,#5332,#5333));
#829=EDGE_LOOP('',(#5334,#5335,#5336,#5337));
#830=EDGE_LOOP('',(#5338,#5339,#5340,#5341,#5342,#5343,#5344,#5345,#5346,
#5347,#5348,#5349,#5350,#5351,#5352,#5353,#5354,#5355,#5356,#5357,#5358,
#5359,#5360,#5361,#5362,#5363,#5364,#5365,#5366,#5367,#5368,#5369,#5370,
#5371,#5372,#5373,#5374,#5375,#5376,#5377,#5378,#5379,#5380,#5381,#5382,
#5383,#5384,#5385,#5386,#5387,#5388,#5389,#5390,#5391,#5392,#5393,#5394,
#5395,#5396,#5397,#5398,#5399,#5400,#5401,#5402,#5403,#5404,#5405));
#831=EDGE_LOOP('',(#5406));
#832=EDGE_LOOP('',(#5407));
#833=EDGE_LOOP('',(#5408));
#834=EDGE_LOOP('',(#5409));
#835=EDGE_LOOP('',(#5410,#5411,#5412,#5413));
#836=EDGE_LOOP('',(#5414,#5415,#5416,#5417));
#837=EDGE_LOOP('',(#5418,#5419,#5420,#5421));
#838=EDGE_LOOP('',(#5422,#5423,#5424,#5425,#5426,#5427,#5428,#5429));
#839=EDGE_LOOP('',(#5430,#5431,#5432,#5433,#5434,#5435,#5436,#5437,#5438,
#5439,#5440,#5441,#5442,#5443,#5444,#5445,#5446,#5447,#5448,#5449,#5450,
#5451,#5452,#5453,#5454,#5455,#5456,#5457,#5458,#5459,#5460,#5461,#5462,
#5463,#5464,#5465,#5466,#5467,#5468,#5469,#5470,#5471,#5472,#5473,#5474,
#5475,#5476,#5477,#5478,#5479,#5480,#5481,#5482,#5483,#5484,#5485,#5486,
#5487,#5488,#5489,#5490,#5491,#5492,#5493,#5494,#5495,#5496,#5497,#5498,
#5499,#5500,#5501));
#840=EDGE_LOOP('',(#5502,#5503,#5504,#5505));
#841=EDGE_LOOP('',(#5506,#5507,#5508,#5509,#5510,#5511,#5512,#5513));
#842=EDGE_LOOP('',(#5514,#5515,#5516,#5517));
#843=EDGE_LOOP('',(#5518,#5519,#5520,#5521));
#844=EDGE_LOOP('',(#5522,#5523,#5524,#5525,#5526,#5527,#5528,#5529,#5530,
#5531,#5532,#5533,#5534,#5535,#5536,#5537,#5538,#5539,#5540,#5541,#5542,
#5543,#5544,#5545,#5546,#5547,#5548,#5549,#5550,#5551,#5552,#5553,#5554,
#5555,#5556,#5557,#5558,#5559,#5560,#5561,#5562,#5563,#5564,#5565,#5566,
#5567,#5568,#5569,#5570,#5571,#5572,#5573,#5574,#5575,#5576,#5577,#5578,
#5579,#5580,#5581,#5582,#5583,#5584,#5585,#5586,#5587,#5588,#5589,#5590,
#5591,#5592,#5593));
#845=EDGE_LOOP('',(#5594,#5595,#5596,#5597));
#846=EDGE_LOOP('',(#5598,#5599,#5600,#5601));
#847=EDGE_LOOP('',(#5602,#5603,#5604,#5605));
#848=EDGE_LOOP('',(#5606,#5607,#5608,#5609));
#849=EDGE_LOOP('',(#5610,#5611,#5612,#5613));
#850=EDGE_LOOP('',(#5614,#5615,#5616,#5617));
#851=EDGE_LOOP('',(#5618,#5619,#5620,#5621));
#852=EDGE_LOOP('',(#5622,#5623,#5624,#5625));
#853=EDGE_LOOP('',(#5626,#5627,#5628,#5629));
#854=EDGE_LOOP('',(#5630,#5631,#5632,#5633));
#855=EDGE_LOOP('',(#5634,#5635,#5636,#5637));
#856=EDGE_LOOP('',(#5638,#5639,#5640,#5641));
#857=EDGE_LOOP('',(#5642,#5643,#5644,#5645));
#858=EDGE_LOOP('',(#5646,#5647,#5648,#5649));
#859=EDGE_LOOP('',(#5650,#5651,#5652,#5653));
#860=EDGE_LOOP('',(#5654,#5655,#5656,#5657));
#861=EDGE_LOOP('',(#5658,#5659,#5660,#5661));
#862=EDGE_LOOP('',(#5662,#5663,#5664,#5665));
#863=EDGE_LOOP('',(#5666,#5667,#5668,#5669));
#864=EDGE_LOOP('',(#5670,#5671,#5672,#5673));
#865=EDGE_LOOP('',(#5674,#5675,#5676,#5677));
#866=EDGE_LOOP('',(#5678,#5679,#5680,#5681));
#867=EDGE_LOOP('',(#5682,#5683,#5684,#5685));
#868=EDGE_LOOP('',(#5686,#5687,#5688,#5689));
#869=EDGE_LOOP('',(#5690,#5691,#5692,#5693));
#870=EDGE_LOOP('',(#5694,#5695,#5696,#5697));
#871=EDGE_LOOP('',(#5698,#5699,#5700,#5701));
#872=EDGE_LOOP('',(#5702,#5703,#5704,#5705));
#873=EDGE_LOOP('',(#5706,#5707,#5708,#5709));
#874=EDGE_LOOP('',(#5710,#5711,#5712,#5713));
#875=EDGE_LOOP('',(#5714,#5715,#5716,#5717));
#876=EDGE_LOOP('',(#5718,#5719,#5720,#5721));
#877=EDGE_LOOP('',(#5722,#5723,#5724,#5725));
#878=EDGE_LOOP('',(#5726,#5727,#5728,#5729));
#879=EDGE_LOOP('',(#5730,#5731,#5732,#5733));
#880=EDGE_LOOP('',(#5734,#5735,#5736,#5737));
#881=EDGE_LOOP('',(#5738,#5739,#5740,#5741));
#882=EDGE_LOOP('',(#5742,#5743,#5744,#5745));
#883=EDGE_LOOP('',(#5746,#5747,#5748,#5749));
#884=EDGE_LOOP('',(#5750,#5751,#5752,#5753));
#885=EDGE_LOOP('',(#5754,#5755,#5756,#5757));
#886=EDGE_LOOP('',(#5758,#5759,#5760,#5761));
#887=EDGE_LOOP('',(#5762,#5763,#5764,#5765));
#888=EDGE_LOOP('',(#5766,#5767,#5768,#5769));
#889=EDGE_LOOP('',(#5770,#5771,#5772,#5773));
#890=EDGE_LOOP('',(#5774,#5775,#5776,#5777));
#891=EDGE_LOOP('',(#5778,#5779,#5780,#5781));
#892=EDGE_LOOP('',(#5782,#5783,#5784,#5785));
#893=EDGE_LOOP('',(#5786,#5787,#5788,#5789));
#894=EDGE_LOOP('',(#5790,#5791,#5792,#5793));
#895=EDGE_LOOP('',(#5794,#5795,#5796,#5797));
#896=EDGE_LOOP('',(#5798,#5799,#5800,#5801));
#897=EDGE_LOOP('',(#5802,#5803,#5804,#5805));
#898=EDGE_LOOP('',(#5806,#5807,#5808,#5809));
#899=EDGE_LOOP('',(#5810,#5811,#5812,#5813));
#900=EDGE_LOOP('',(#5814,#5815,#5816,#5817));
#901=EDGE_LOOP('',(#5818,#5819,#5820,#5821));
#902=EDGE_LOOP('',(#5822,#5823,#5824,#5825));
#903=EDGE_LOOP('',(#5826,#5827,#5828,#5829));
#904=EDGE_LOOP('',(#5830,#5831,#5832,#5833));
#905=EDGE_LOOP('',(#5834,#5835,#5836,#5837));
#906=EDGE_LOOP('',(#5838,#5839,#5840,#5841));
#907=EDGE_LOOP('',(#5842,#5843,#5844,#5845));
#908=EDGE_LOOP('',(#5846,#5847,#5848,#5849));
#909=EDGE_LOOP('',(#5850,#5851,#5852,#5853));
#910=EDGE_LOOP('',(#5854,#5855,#5856,#5857));
#911=EDGE_LOOP('',(#5858,#5859,#5860,#5861));
#912=EDGE_LOOP('',(#5862,#5863,#5864,#5865));
#913=EDGE_LOOP('',(#5866,#5867,#5868,#5869));
#914=EDGE_LOOP('',(#5870,#5871,#5872,#5873));
#915=EDGE_LOOP('',(#5874,#5875,#5876,#5877));
#916=EDGE_LOOP('',(#5878,#5879,#5880,#5881));
#917=EDGE_LOOP('',(#5882,#5883,#5884,#5885));
#918=EDGE_LOOP('',(#5886,#5887,#5888,#5889));
#919=EDGE_LOOP('',(#5890,#5891,#5892,#5893));
#920=EDGE_LOOP('',(#5894,#5895,#5896,#5897));
#921=EDGE_LOOP('',(#5898,#5899,#5900,#5901));
#922=EDGE_LOOP('',(#5902,#5903,#5904,#5905));
#923=EDGE_LOOP('',(#5906,#5907,#5908,#5909));
#924=EDGE_LOOP('',(#5910,#5911,#5912,#5913));
#925=EDGE_LOOP('',(#5914,#5915,#5916,#5917));
#926=EDGE_LOOP('',(#5918,#5919,#5920,#5921));
#927=EDGE_LOOP('',(#5922,#5923,#5924,#5925,#5926));
#928=EDGE_LOOP('',(#5927,#5928,#5929,#5930,#5931));
#929=EDGE_LOOP('',(#5932,#5933,#5934,#5935));
#930=EDGE_LOOP('',(#5936,#5937,#5938,#5939));
#931=EDGE_LOOP('',(#5940,#5941,#5942,#5943));
#932=EDGE_LOOP('',(#5944,#5945,#5946,#5947));
#933=EDGE_LOOP('',(#5948,#5949,#5950,#5951));
#934=EDGE_LOOP('',(#5952,#5953,#5954,#5955));
#935=EDGE_LOOP('',(#5956,#5957,#5958,#5959));
#936=EDGE_LOOP('',(#5960,#5961,#5962,#5963));
#937=EDGE_LOOP('',(#5964,#5965,#5966,#5967));
#938=EDGE_LOOP('',(#5968,#5969,#5970,#5971));
#939=EDGE_LOOP('',(#5972,#5973,#5974,#5975));
#940=EDGE_LOOP('',(#5976,#5977,#5978,#5979));
#941=EDGE_LOOP('',(#5980,#5981,#5982,#5983));
#942=EDGE_LOOP('',(#5984,#5985,#5986,#5987));
#943=EDGE_LOOP('',(#5988,#5989,#5990,#5991));
#944=EDGE_LOOP('',(#5992,#5993,#5994,#5995));
#945=EDGE_LOOP('',(#5996,#5997,#5998,#5999,#6000,#6001,#6002,#6003));
#946=EDGE_LOOP('',(#6004,#6005,#6006,#6007));
#947=EDGE_LOOP('',(#6008,#6009,#6010,#6011));
#948=EDGE_LOOP('',(#6012,#6013,#6014,#6015));
#949=EDGE_LOOP('',(#6016,#6017,#6018,#6019));
#950=EDGE_LOOP('',(#6020,#6021,#6022,#6023));
#951=EDGE_LOOP('',(#6024,#6025,#6026,#6027));
#952=EDGE_LOOP('',(#6028,#6029,#6030,#6031));
#953=EDGE_LOOP('',(#6032,#6033,#6034,#6035));
#954=EDGE_LOOP('',(#6036,#6037,#6038,#6039));
#955=EDGE_LOOP('',(#6040,#6041,#6042,#6043));
#956=EDGE_LOOP('',(#6044,#6045,#6046,#6047));
#957=EDGE_LOOP('',(#6048,#6049,#6050,#6051));
#958=EDGE_LOOP('',(#6052,#6053,#6054,#6055));
#959=EDGE_LOOP('',(#6056,#6057,#6058,#6059));
#960=EDGE_LOOP('',(#6060,#6061,#6062,#6063));
#961=EDGE_LOOP('',(#6064,#6065,#6066,#6067));
#962=EDGE_LOOP('',(#6068,#6069,#6070,#6071));
#963=EDGE_LOOP('',(#6072,#6073,#6074,#6075,#6076,#6077,#6078,#6079));
#964=EDGE_LOOP('',(#6080,#6081,#6082,#6083));
#965=EDGE_LOOP('',(#6084,#6085,#6086,#6087));
#966=EDGE_LOOP('',(#6088,#6089,#6090,#6091));
#967=EDGE_LOOP('',(#6092,#6093,#6094,#6095));
#968=EDGE_LOOP('',(#6096,#6097,#6098,#6099));
#969=EDGE_LOOP('',(#6100,#6101,#6102,#6103));
#970=EDGE_LOOP('',(#6104,#6105,#6106,#6107));
#971=EDGE_LOOP('',(#6108,#6109,#6110,#6111));
#972=EDGE_LOOP('',(#6112,#6113,#6114,#6115));
#973=EDGE_LOOP('',(#6116,#6117,#6118,#6119));
#974=EDGE_LOOP('',(#6120,#6121,#6122,#6123));
#975=EDGE_LOOP('',(#6124,#6125,#6126,#6127));
#976=EDGE_LOOP('',(#6128,#6129,#6130,#6131));
#977=EDGE_LOOP('',(#6132,#6133,#6134,#6135));
#978=EDGE_LOOP('',(#6136,#6137,#6138,#6139));
#979=EDGE_LOOP('',(#6140,#6141,#6142,#6143));
#980=EDGE_LOOP('',(#6144,#6145,#6146,#6147));
#981=EDGE_LOOP('',(#6148,#6149,#6150,#6151));
#982=EDGE_LOOP('',(#6152,#6153,#6154,#6155));
#983=EDGE_LOOP('',(#6156,#6157,#6158,#6159));
#984=EDGE_LOOP('',(#6160,#6161,#6162,#6163));
#985=EDGE_LOOP('',(#6164,#6165,#6166,#6167));
#986=EDGE_LOOP('',(#6168,#6169,#6170,#6171));
#987=EDGE_LOOP('',(#6172,#6173,#6174,#6175,#6176));
#988=EDGE_LOOP('',(#6177,#6178,#6179,#6180));
#989=EDGE_LOOP('',(#6181,#6182,#6183,#6184,#6185,#6186,#6187,#6188));
#990=EDGE_LOOP('',(#6189,#6190,#6191,#6192));
#991=EDGE_LOOP('',(#6193,#6194,#6195,#6196));
#992=EDGE_LOOP('',(#6197,#6198,#6199,#6200));
#993=EDGE_LOOP('',(#6201,#6202,#6203,#6204));
#994=EDGE_LOOP('',(#6205,#6206,#6207,#6208));
#995=EDGE_LOOP('',(#6209,#6210,#6211,#6212));
#996=EDGE_LOOP('',(#6213,#6214,#6215,#6216));
#997=EDGE_LOOP('',(#6217,#6218,#6219,#6220));
#998=EDGE_LOOP('',(#6221,#6222,#6223,#6224,#6225,#6226,#6227));
#999=EDGE_LOOP('',(#6228,#6229,#6230,#6231,#6232,#6233,#6234));
#1000=EDGE_LOOP('',(#6235,#6236,#6237,#6238,#6239));
#1001=EDGE_LOOP('',(#6240,#6241,#6242,#6243,#6244,#6245,#6246));
#1002=EDGE_LOOP('',(#6247,#6248,#6249,#6250));
#1003=EDGE_LOOP('',(#6251,#6252,#6253,#6254,#6255,#6256,#6257,#6258,#6259,
#6260,#6261,#6262,#6263,#6264,#6265,#6266,#6267,#6268,#6269,#6270,#6271,
#6272,#6273,#6274,#6275,#6276,#6277,#6278,#6279,#6280,#6281,#6282,#6283,
#6284,#6285,#6286,#6287,#6288,#6289,#6290,#6291,#6292,#6293,#6294,#6295,
#6296,#6297,#6298,#6299,#6300,#6301,#6302,#6303,#6304,#6305,#6306,#6307,
#6308,#6309,#6310,#6311,#6312,#6313,#6314,#6315,#6316,#6317,#6318,#6319,
#6320,#6321,#6322));
#1004=EDGE_LOOP('',(#6323,#6324,#6325,#6326,#6327,#6328,#6329,#6330,#6331,
#6332,#6333,#6334,#6335,#6336,#6337,#6338,#6339,#6340,#6341,#6342,#6343,
#6344,#6345,#6346,#6347,#6348,#6349,#6350,#6351,#6352));
#1005=EDGE_LOOP('',(#6353,#6354,#6355,#6356));
#1006=EDGE_LOOP('',(#6357,#6358,#6359,#6360));
#1007=EDGE_LOOP('',(#6361,#6362,#6363,#6364,#6365,#6366,#6367,#6368));
#1008=EDGE_LOOP('',(#6369));
#1009=EDGE_LOOP('',(#6370));
#1010=EDGE_LOOP('',(#6371,#6372,#6373,#6374,#6375,#6376,#6377,#6378,#6379));
#1011=EDGE_LOOP('',(#6380,#6381,#6382,#6383));
#1012=EDGE_LOOP('',(#6384,#6385,#6386,#6387));
#1013=EDGE_LOOP('',(#6388,#6389,#6390,#6391));
#1014=EDGE_LOOP('',(#6392,#6393,#6394,#6395));
#1015=EDGE_LOOP('',(#6396,#6397,#6398,#6399));
#1016=EDGE_LOOP('',(#6400,#6401,#6402,#6403));
#1017=EDGE_LOOP('',(#6404,#6405,#6406,#6407));
#1018=EDGE_LOOP('',(#6408,#6409,#6410,#6411));
#1019=EDGE_LOOP('',(#6412,#6413,#6414,#6415));
#1020=EDGE_LOOP('',(#6416,#6417,#6418,#6419));
#1021=EDGE_LOOP('',(#6420,#6421,#6422,#6423,#6424,#6425,#6426,#6427,#6428,
#6429,#6430,#6431,#6432,#6433,#6434,#6435,#6436,#6437,#6438,#6439,#6440,
#6441,#6442,#6443,#6444,#6445,#6446,#6447,#6448,#6449,#6450,#6451,#6452,
#6453,#6454,#6455,#6456,#6457,#6458,#6459,#6460,#6461,#6462,#6463,#6464,
#6465,#6466,#6467,#6468,#6469,#6470,#6471,#6472,#6473,#6474,#6475,#6476,
#6477,#6478,#6479,#6480,#6481,#6482,#6483,#6484,#6485,#6486,#6487,#6488,
#6489,#6490,#6491));
#1022=EDGE_LOOP('',(#6492,#6493,#6494,#6495));
#1023=EDGE_LOOP('',(#6496,#6497,#6498,#6499,#6500,#6501,#6502,#6503));
#1024=EDGE_LOOP('',(#6504,#6505,#6506,#6507,#6508,#6509,#6510,#6511,#6512,
#6513,#6514,#6515,#6516,#6517,#6518,#6519,#6520,#6521,#6522,#6523));
#1025=EDGE_LOOP('',(#6524,#6525,#6526,#6527,#6528,#6529,#6530,#6531,#6532));
#1026=EDGE_LOOP('',(#6533));
#1027=EDGE_LOOP('',(#6534));
#1028=EDGE_LOOP('',(#6535));
#1029=EDGE_LOOP('',(#6536));
#1030=EDGE_LOOP('',(#6537,#6538,#6539,#6540));
#1031=EDGE_LOOP('',(#6541,#6542,#6543,#6544));
#1032=EDGE_LOOP('',(#6545,#6546,#6547,#6548));
#1033=EDGE_LOOP('',(#6549,#6550,#6551,#6552));
#1034=EDGE_LOOP('',(#6553,#6554,#6555,#6556));
#1035=EDGE_LOOP('',(#6557,#6558,#6559,#6560));
#1036=EDGE_LOOP('',(#6561,#6562,#6563,#6564));
#1037=EDGE_LOOP('',(#6565,#6566,#6567,#6568));
#1038=EDGE_LOOP('',(#6569,#6570,#6571,#6572));
#1039=EDGE_LOOP('',(#6573,#6574,#6575,#6576));
#1040=EDGE_LOOP('',(#6577,#6578,#6579,#6580));
#1041=EDGE_LOOP('',(#6581,#6582,#6583,#6584));
#1042=EDGE_LOOP('',(#6585,#6586,#6587,#6588,#6589));
#1043=EDGE_LOOP('',(#6590,#6591,#6592,#6593));
#1044=EDGE_LOOP('',(#6594,#6595,#6596,#6597));
#1045=EDGE_LOOP('',(#6598,#6599,#6600,#6601));
#1046=EDGE_LOOP('',(#6602,#6603,#6604,#6605,#6606));
#1047=EDGE_LOOP('',(#6607,#6608,#6609,#6610));
#1048=EDGE_LOOP('',(#6611,#6612,#6613,#6614));
#1049=EDGE_LOOP('',(#6615,#6616,#6617,#6618));
#1050=EDGE_LOOP('',(#6619,#6620,#6621,#6622));
#1051=EDGE_LOOP('',(#6623,#6624,#6625,#6626));
#1052=EDGE_LOOP('',(#6627,#6628,#6629,#6630));
#1053=EDGE_LOOP('',(#6631,#6632,#6633,#6634));
#1054=EDGE_LOOP('',(#6635,#6636,#6637,#6638));
#1055=EDGE_LOOP('',(#6639,#6640,#6641,#6642));
#1056=EDGE_LOOP('',(#6643,#6644,#6645,#6646));
#1057=EDGE_LOOP('',(#6647,#6648,#6649,#6650));
#1058=EDGE_LOOP('',(#6651,#6652,#6653,#6654));
#1059=EDGE_LOOP('',(#6655,#6656,#6657,#6658));
#1060=EDGE_LOOP('',(#6659,#6660,#6661,#6662));
#1061=EDGE_LOOP('',(#6663,#6664,#6665,#6666));
#1062=EDGE_LOOP('',(#6667,#6668,#6669,#6670));
#1063=EDGE_LOOP('',(#6671,#6672,#6673,#6674));
#1064=EDGE_LOOP('',(#6675,#6676,#6677,#6678));
#1065=EDGE_LOOP('',(#6679,#6680,#6681,#6682));
#1066=EDGE_LOOP('',(#6683,#6684,#6685,#6686));
#1067=EDGE_LOOP('',(#6687,#6688,#6689,#6690));
#1068=EDGE_LOOP('',(#6691,#6692,#6693,#6694));
#1069=EDGE_LOOP('',(#6695,#6696,#6697,#6698));
#1070=EDGE_LOOP('',(#6699,#6700,#6701,#6702));
#1071=EDGE_LOOP('',(#6703,#6704,#6705,#6706));
#1072=EDGE_LOOP('',(#6707,#6708,#6709,#6710));
#1073=EDGE_LOOP('',(#6711,#6712,#6713,#6714));
#1074=EDGE_LOOP('',(#6715,#6716,#6717,#6718));
#1075=EDGE_LOOP('',(#6719,#6720,#6721,#6722));
#1076=EDGE_LOOP('',(#6723,#6724,#6725,#6726));
#1077=EDGE_LOOP('',(#6727,#6728,#6729,#6730));
#1078=EDGE_LOOP('',(#6731,#6732,#6733,#6734));
#1079=EDGE_LOOP('',(#6735,#6736,#6737,#6738));
#1080=EDGE_LOOP('',(#6739,#6740,#6741,#6742));
#1081=EDGE_LOOP('',(#6743,#6744,#6745,#6746));
#1082=EDGE_LOOP('',(#6747,#6748,#6749,#6750,#6751,#6752,#6753,#6754,#6755,
#6756,#6757,#6758));
#1083=EDGE_LOOP('',(#6759,#6760,#6761,#6762));
#1084=EDGE_LOOP('',(#6763));
#1085=EDGE_LOOP('',(#6764));
#1086=EDGE_LOOP('',(#6765));
#1087=EDGE_LOOP('',(#6766,#6767,#6768,#6769));
#1088=EDGE_LOOP('',(#6770));
#1089=EDGE_LOOP('',(#6771));
#1090=EDGE_LOOP('',(#6772));
#1091=EDGE_LOOP('',(#6773,#6774,#6775,#6776,#6777,#6778));
#1092=EDGE_LOOP('',(#6779,#6780,#6781,#6782));
#1093=EDGE_LOOP('',(#6783,#6784,#6785,#6786));
#1094=EDGE_LOOP('',(#6787,#6788,#6789,#6790));
#1095=EDGE_LOOP('',(#6791,#6792,#6793,#6794));
#1096=EDGE_LOOP('',(#6795,#6796,#6797,#6798));
#1097=EDGE_LOOP('',(#6799,#6800,#6801,#6802,#6803,#6804,#6805,#6806));
#1098=EDGE_LOOP('',(#6807,#6808,#6809,#6810));
#1099=EDGE_LOOP('',(#6811,#6812,#6813,#6814));
#1100=EDGE_LOOP('',(#6815,#6816,#6817,#6818));
#1101=EDGE_LOOP('',(#6819,#6820,#6821,#6822));
#1102=EDGE_LOOP('',(#6823,#6824,#6825,#6826));
#1103=EDGE_LOOP('',(#6827,#6828,#6829,#6830));
#1104=EDGE_LOOP('',(#6831,#6832,#6833,#6834,#6835,#6836,#6837,#6838,#6839,
#6840,#6841,#6842,#6843,#6844,#6845,#6846,#6847,#6848,#6849,#6850,#6851,
#6852,#6853,#6854,#6855,#6856,#6857,#6858,#6859,#6860,#6861,#6862,#6863,
#6864,#6865,#6866,#6867,#6868,#6869,#6870,#6871,#6872,#6873,#6874,#6875,
#6876,#6877,#6878,#6879,#6880,#6881,#6882,#6883,#6884,#6885,#6886,#6887,
#6888,#6889,#6890,#6891,#6892,#6893,#6894,#6895,#6896,#6897,#6898,#6899,
#6900,#6901,#6902));
#1105=EDGE_LOOP('',(#6903,#6904,#6905,#6906,#6907,#6908,#6909,#6910,#6911,
#6912,#6913,#6914,#6915,#6916,#6917,#6918,#6919,#6920,#6921,#6922,#6923,
#6924,#6925,#6926,#6927,#6928,#6929,#6930,#6931,#6932,#6933,#6934,#6935,
#6936,#6937,#6938,#6939,#6940,#6941,#6942,#6943,#6944,#6945,#6946,#6947,
#6948,#6949,#6950,#6951,#6952,#6953,#6954,#6955,#6956,#6957,#6958,#6959,
#6960,#6961,#6962,#6963,#6964,#6965,#6966,#6967,#6968,#6969,#6970,#6971,
#6972,#6973,#6974));
#1106=EDGE_LOOP('',(#6975,#6976,#6977,#6978));
#1107=EDGE_LOOP('',(#6979,#6980,#6981,#6982,#6983));
#1108=EDGE_LOOP('',(#6984,#6985,#6986,#6987));
#1109=EDGE_LOOP('',(#6988,#6989,#6990,#6991));
#1110=EDGE_LOOP('',(#6992,#6993,#6994,#6995,#6996));
#1111=EDGE_LOOP('',(#6997,#6998,#6999,#7000));
#1112=EDGE_LOOP('',(#7001,#7002,#7003,#7004));
#1113=EDGE_LOOP('',(#7005,#7006,#7007,#7008));
#1114=EDGE_LOOP('',(#7009,#7010,#7011,#7012,#7013));
#1115=EDGE_LOOP('',(#7014,#7015,#7016,#7017));
#1116=EDGE_LOOP('',(#7018,#7019,#7020,#7021));
#1117=EDGE_LOOP('',(#7022,#7023,#7024,#7025));
#1118=EDGE_LOOP('',(#7026,#7027,#7028,#7029));
#1119=EDGE_LOOP('',(#7030,#7031,#7032,#7033));
#1120=EDGE_LOOP('',(#7034,#7035,#7036,#7037,#7038,#7039,#7040));
#1121=EDGE_LOOP('',(#7041,#7042,#7043,#7044,#7045,#7046,#7047,#7048,#7049,
#7050,#7051,#7052));
#1122=EDGE_LOOP('',(#7053,#7054,#7055,#7056));
#1123=EDGE_LOOP('',(#7057,#7058,#7059,#7060));
#1124=EDGE_LOOP('',(#7061,#7062,#7063,#7064));
#1125=EDGE_LOOP('',(#7065,#7066,#7067,#7068,#7069,#7070,#7071));
#1126=EDGE_LOOP('',(#7072,#7073,#7074,#7075));
#1127=EDGE_LOOP('',(#7076,#7077,#7078,#7079));
#1128=EDGE_LOOP('',(#7080,#7081,#7082,#7083));
#1129=EDGE_LOOP('',(#7084,#7085,#7086,#7087));
#1130=EDGE_LOOP('',(#7088,#7089,#7090,#7091));
#1131=EDGE_LOOP('',(#7092,#7093,#7094,#7095));
#1132=EDGE_LOOP('',(#7096,#7097,#7098,#7099));
#1133=EDGE_LOOP('',(#7100,#7101,#7102,#7103));
#1134=EDGE_LOOP('',(#7104,#7105,#7106,#7107));
#1135=EDGE_LOOP('',(#7108,#7109,#7110,#7111));
#1136=EDGE_LOOP('',(#7112,#7113,#7114,#7115));
#1137=EDGE_LOOP('',(#7116,#7117,#7118,#7119));
#1138=EDGE_LOOP('',(#7120,#7121,#7122,#7123));
#1139=EDGE_LOOP('',(#7124,#7125,#7126,#7127));
#1140=EDGE_LOOP('',(#7128,#7129,#7130,#7131));
#1141=EDGE_LOOP('',(#7132,#7133,#7134,#7135));
#1142=EDGE_LOOP('',(#7136,#7137,#7138,#7139));
#1143=EDGE_LOOP('',(#7140,#7141,#7142,#7143));
#1144=EDGE_LOOP('',(#7144,#7145,#7146,#7147));
#1145=EDGE_LOOP('',(#7148,#7149,#7150,#7151));
#1146=EDGE_LOOP('',(#7152,#7153,#7154,#7155));
#1147=EDGE_LOOP('',(#7156,#7157,#7158,#7159));
#1148=EDGE_LOOP('',(#7160,#7161,#7162,#7163));
#1149=EDGE_LOOP('',(#7164,#7165,#7166,#7167));
#1150=EDGE_LOOP('',(#7168,#7169,#7170,#7171));
#1151=EDGE_LOOP('',(#7172,#7173,#7174,#7175));
#1152=EDGE_LOOP('',(#7176,#7177,#7178,#7179));
#1153=EDGE_LOOP('',(#7180,#7181,#7182,#7183));
#1154=EDGE_LOOP('',(#7184,#7185,#7186,#7187));
#1155=EDGE_LOOP('',(#7188,#7189,#7190,#7191));
#1156=EDGE_LOOP('',(#7192,#7193,#7194,#7195));
#1157=EDGE_LOOP('',(#7196,#7197,#7198,#7199));
#1158=EDGE_LOOP('',(#7200,#7201,#7202,#7203));
#1159=EDGE_LOOP('',(#7204,#7205,#7206,#7207,#7208,#7209,#7210,#7211));
#1160=EDGE_LOOP('',(#7212,#7213,#7214,#7215));
#1161=EDGE_LOOP('',(#7216,#7217,#7218,#7219));
#1162=EDGE_LOOP('',(#7220,#7221,#7222,#7223));
#1163=EDGE_LOOP('',(#7224,#7225,#7226,#7227));
#1164=EDGE_LOOP('',(#7228,#7229,#7230,#7231));
#1165=EDGE_LOOP('',(#7232,#7233,#7234,#7235));
#1166=EDGE_LOOP('',(#7236,#7237,#7238,#7239));
#1167=EDGE_LOOP('',(#7240,#7241,#7242,#7243));
#1168=EDGE_LOOP('',(#7244,#7245,#7246,#7247));
#1169=EDGE_LOOP('',(#7248,#7249,#7250,#7251));
#1170=EDGE_LOOP('',(#7252,#7253,#7254,#7255));
#1171=EDGE_LOOP('',(#7256,#7257,#7258,#7259));
#1172=EDGE_LOOP('',(#7260,#7261,#7262,#7263));
#1173=EDGE_LOOP('',(#7264,#7265,#7266,#7267));
#1174=EDGE_LOOP('',(#7268,#7269,#7270,#7271));
#1175=EDGE_LOOP('',(#7272,#7273,#7274,#7275));
#1176=EDGE_LOOP('',(#7276,#7277,#7278,#7279,#7280,#7281,#7282,#7283));
#1177=EDGE_LOOP('',(#7284,#7285,#7286,#7287));
#1178=EDGE_LOOP('',(#7288,#7289,#7290,#7291));
#1179=EDGE_LOOP('',(#7292,#7293,#7294,#7295));
#1180=EDGE_LOOP('',(#7296,#7297,#7298,#7299));
#1181=EDGE_LOOP('',(#7300,#7301,#7302,#7303));
#1182=EDGE_LOOP('',(#7304,#7305,#7306,#7307));
#1183=EDGE_LOOP('',(#7308,#7309,#7310,#7311));
#1184=EDGE_LOOP('',(#7312,#7313,#7314,#7315));
#1185=EDGE_LOOP('',(#7316,#7317,#7318,#7319));
#1186=EDGE_LOOP('',(#7320,#7321,#7322,#7323));
#1187=EDGE_LOOP('',(#7324,#7325,#7326,#7327));
#1188=EDGE_LOOP('',(#7328,#7329,#7330,#7331));
#1189=EDGE_LOOP('',(#7332,#7333,#7334,#7335));
#1190=EDGE_LOOP('',(#7336,#7337,#7338,#7339));
#1191=EDGE_LOOP('',(#7340,#7341,#7342,#7343));
#1192=EDGE_LOOP('',(#7344,#7345,#7346,#7347));
#1193=EDGE_LOOP('',(#7348,#7349,#7350,#7351));
#1194=EDGE_LOOP('',(#7352,#7353,#7354,#7355));
#1195=EDGE_LOOP('',(#7356,#7357,#7358,#7359));
#1196=EDGE_LOOP('',(#7360,#7361,#7362,#7363));
#1197=EDGE_LOOP('',(#7364,#7365,#7366,#7367));
#1198=EDGE_LOOP('',(#7368,#7369,#7370,#7371));
#1199=EDGE_LOOP('',(#7372,#7373,#7374,#7375));
#1200=EDGE_LOOP('',(#7376,#7377,#7378,#7379));
#1201=EDGE_LOOP('',(#7380,#7381,#7382,#7383));
#1202=EDGE_LOOP('',(#7384,#7385,#7386,#7387));
#1203=EDGE_LOOP('',(#7388,#7389,#7390,#7391));
#1204=EDGE_LOOP('',(#7392,#7393,#7394,#7395));
#1205=EDGE_LOOP('',(#7396,#7397,#7398,#7399));
#1206=EDGE_LOOP('',(#7400,#7401,#7402,#7403));
#1207=EDGE_LOOP('',(#7404,#7405,#7406,#7407));
#1208=EDGE_LOOP('',(#7408,#7409,#7410,#7411));
#1209=EDGE_LOOP('',(#7412,#7413,#7414,#7415));
#1210=EDGE_LOOP('',(#7416,#7417,#7418,#7419));
#1211=EDGE_LOOP('',(#7420,#7421,#7422,#7423));
#1212=EDGE_LOOP('',(#7424,#7425,#7426,#7427));
#1213=EDGE_LOOP('',(#7428,#7429,#7430,#7431));
#1214=EDGE_LOOP('',(#7432,#7433,#7434,#7435));
#1215=EDGE_LOOP('',(#7436,#7437,#7438,#7439));
#1216=EDGE_LOOP('',(#7440,#7441,#7442,#7443));
#1217=EDGE_LOOP('',(#7444,#7445,#7446,#7447));
#1218=EDGE_LOOP('',(#7448,#7449,#7450,#7451));
#1219=EDGE_LOOP('',(#7452,#7453,#7454,#7455));
#1220=EDGE_LOOP('',(#7456,#7457,#7458,#7459));
#1221=EDGE_LOOP('',(#7460,#7461,#7462,#7463));
#1222=EDGE_LOOP('',(#7464,#7465,#7466,#7467));
#1223=EDGE_LOOP('',(#7468,#7469,#7470,#7471));
#1224=EDGE_LOOP('',(#7472,#7473,#7474,#7475));
#1225=EDGE_LOOP('',(#7476,#7477,#7478,#7479));
#1226=EDGE_LOOP('',(#7480,#7481,#7482,#7483));
#1227=EDGE_LOOP('',(#7484,#7485,#7486,#7487));
#1228=EDGE_LOOP('',(#7488,#7489,#7490,#7491));
#1229=LINE('',#10463,#2229);
#1230=LINE('',#10468,#2230);
#1231=LINE('',#10470,#2231);
#1232=LINE('',#10472,#2232);
#1233=LINE('',#10474,#2233);
#1234=LINE('',#10476,#2234);
#1235=LINE('',#10480,#2235);
#1236=LINE('',#10484,#2236);
#1237=LINE('',#10488,#2237);
#1238=LINE('',#10490,#2238);
#1239=LINE('',#10492,#2239);
#1240=LINE('',#10494,#2240);
#1241=LINE('',#10496,#2241);
#1242=LINE('',#10498,#2242);
#1243=LINE('',#10500,#2243);
#1244=LINE('',#10502,#2244);
#1245=LINE('',#10504,#2245);
#1246=LINE('',#10506,#2246);
#1247=LINE('',#10508,#2247);
#1248=LINE('',#10510,#2248);
#1249=LINE('',#10514,#2249);
#1250=LINE('',#10518,#2250);
#1251=LINE('',#10522,#2251);
#1252=LINE('',#10524,#2252);
#1253=LINE('',#10526,#2253);
#1254=LINE('',#10528,#2254);
#1255=LINE('',#10530,#2255);
#1256=LINE('',#10532,#2256);
#1257=LINE('',#10534,#2257);
#1258=LINE('',#10536,#2258);
#1259=LINE('',#10538,#2259);
#1260=LINE('',#10540,#2260);
#1261=LINE('',#10542,#2261);
#1262=LINE('',#10544,#2262);
#1263=LINE('',#10546,#2263);
#1264=LINE('',#10548,#2264);
#1265=LINE('',#10550,#2265);
#1266=LINE('',#10552,#2266);
#1267=LINE('',#10554,#2267);
#1268=LINE('',#10556,#2268);
#1269=LINE('',#10558,#2269);
#1270=LINE('',#10560,#2270);
#1271=LINE('',#10564,#2271);
#1272=LINE('',#10566,#2272);
#1273=LINE('',#10570,#2273);
#1274=LINE('',#10574,#2274);
#1275=LINE('',#10576,#2275);
#1276=LINE('',#10578,#2276);
#1277=LINE('',#10582,#2277);
#1278=LINE('',#10586,#2278);
#1279=LINE('',#10590,#2279);
#1280=LINE('',#10592,#2280);
#1281=LINE('',#10594,#2281);
#1282=LINE('',#10596,#2282);
#1283=LINE('',#10598,#2283);
#1284=LINE('',#10600,#2284);
#1285=LINE('',#10601,#2285);
#1286=LINE('',#10610,#2286);
#1287=LINE('',#10614,#2287);
#1288=LINE('',#10618,#2288);
#1289=LINE('',#10622,#2289);
#1290=LINE('',#10626,#2290);
#1291=LINE('',#10630,#2291);
#1292=LINE('',#10634,#2292);
#1293=LINE('',#10639,#2293);
#1294=LINE('',#10641,#2294);
#1295=LINE('',#10643,#2295);
#1296=LINE('',#10645,#2296);
#1297=LINE('',#10647,#2297);
#1298=LINE('',#10649,#2298);
#1299=LINE('',#10651,#2299);
#1300=LINE('',#10653,#2300);
#1301=LINE('',#10655,#2301);
#1302=LINE('',#10657,#2302);
#1303=LINE('',#10661,#2303);
#1304=LINE('',#10665,#2304);
#1305=LINE('',#10669,#2305);
#1306=LINE('',#10671,#2306);
#1307=LINE('',#10673,#2307);
#1308=LINE('',#10675,#2308);
#1309=LINE('',#10677,#2309);
#1310=LINE('',#10679,#2310);
#1311=LINE('',#10681,#2311);
#1312=LINE('',#10683,#2312);
#1313=LINE('',#10685,#2313);
#1314=LINE('',#10687,#2314);
#1315=LINE('',#10689,#2315);
#1316=LINE('',#10691,#2316);
#1317=LINE('',#10695,#2317);
#1318=LINE('',#10699,#2318);
#1319=LINE('',#10703,#2319);
#1320=LINE('',#10705,#2320);
#1321=LINE('',#10707,#2321);
#1322=LINE('',#10709,#2322);
#1323=LINE('',#10711,#2323);
#1324=LINE('',#10713,#2324);
#1325=LINE('',#10715,#2325);
#1326=LINE('',#10717,#2326);
#1327=LINE('',#10719,#2327);
#1328=LINE('',#10721,#2328);
#1329=LINE('',#10723,#2329);
#1330=LINE('',#10725,#2330);
#1331=LINE('',#10729,#2331);
#1332=LINE('',#10733,#2332);
#1333=LINE('',#10737,#2333);
#1334=LINE('',#10739,#2334);
#1335=LINE('',#10741,#2335);
#1336=LINE('',#10745,#2336);
#1337=LINE('',#10749,#2337);
#1338=LINE('',#10751,#2338);
#1339=LINE('',#10755,#2339);
#1340=LINE('',#10757,#2340);
#1341=LINE('',#10759,#2341);
#1342=LINE('',#10761,#2342);
#1343=LINE('',#10763,#2343);
#1344=LINE('',#10765,#2344);
#1345=LINE('',#10767,#2345);
#1346=LINE('',#10769,#2346);
#1347=LINE('',#10771,#2347);
#1348=LINE('',#10772,#2348);
#1349=LINE('',#10776,#2349);
#1350=LINE('',#10778,#2350);
#1351=LINE('',#10780,#2351);
#1352=LINE('',#10781,#2352);
#1353=LINE('',#10785,#2353);
#1354=LINE('',#10787,#2354);
#1355=LINE('',#10789,#2355);
#1356=LINE('',#10790,#2356);
#1357=LINE('',#10792,#2357);
#1358=LINE('',#10793,#2358);
#1359=LINE('',#10796,#2359);
#1360=LINE('',#10797,#2360);
#1361=LINE('',#10799,#2361);
#1362=LINE('',#10800,#2362);
#1363=LINE('',#10803,#2363);
#1364=LINE('',#10805,#2364);
#1365=LINE('',#10807,#2365);
#1366=LINE('',#10811,#2366);
#1367=LINE('',#10815,#2367);
#1368=LINE('',#10819,#2368);
#1369=LINE('',#10821,#2369);
#1370=LINE('',#10823,#2370);
#1371=LINE('',#10825,#2371);
#1372=LINE('',#10827,#2372);
#1373=LINE('',#10829,#2373);
#1374=LINE('',#10831,#2374);
#1375=LINE('',#10833,#2375);
#1376=LINE('',#10835,#2376);
#1377=LINE('',#10837,#2377);
#1378=LINE('',#10839,#2378);
#1379=LINE('',#10841,#2379);
#1380=LINE('',#10843,#2380);
#1381=LINE('',#10845,#2381);
#1382=LINE('',#10847,#2382);
#1383=LINE('',#10849,#2383);
#1384=LINE('',#10851,#2384);
#1385=LINE('',#10853,#2385);
#1386=LINE('',#10855,#2386);
#1387=LINE('',#10857,#2387);
#1388=LINE('',#10861,#2388);
#1389=LINE('',#10863,#2389);
#1390=LINE('',#10867,#2390);
#1391=LINE('',#10871,#2391);
#1392=LINE('',#10873,#2392);
#1393=LINE('',#10875,#2393);
#1394=LINE('',#10879,#2394);
#1395=LINE('',#10883,#2395);
#1396=LINE('',#10885,#2396);
#1397=LINE('',#10889,#2397);
#1398=LINE('',#10891,#2398);
#1399=LINE('',#10893,#2399);
#1400=LINE('',#10895,#2400);
#1401=LINE('',#10897,#2401);
#1402=LINE('',#10899,#2402);
#1403=LINE('',#10901,#2403);
#1404=LINE('',#10903,#2404);
#1405=LINE('',#10905,#2405);
#1406=LINE('',#10907,#2406);
#1407=LINE('',#10909,#2407);
#1408=LINE('',#10911,#2408);
#1409=LINE('',#10913,#2409);
#1410=LINE('',#10915,#2410);
#1411=LINE('',#10917,#2411);
#1412=LINE('',#10919,#2412);
#1413=LINE('',#10921,#2413);
#1414=LINE('',#10923,#2414);
#1415=LINE('',#10925,#2415);
#1416=LINE('',#10927,#2416);
#1417=LINE('',#10931,#2417);
#1418=LINE('',#10935,#2418);
#1419=LINE('',#10939,#2419);
#1420=LINE('',#10940,#2420);
#1421=LINE('',#10943,#2421);
#1422=LINE('',#10945,#2422);
#1423=LINE('',#10946,#2423);
#1424=LINE('',#10949,#2424);
#1425=LINE('',#10951,#2425);
#1426=LINE('',#10953,#2426);
#1427=LINE('',#10954,#2427);
#1428=LINE('',#10955,#2428);
#1429=LINE('',#10958,#2429);
#1430=LINE('',#10960,#2430);
#1431=LINE('',#10961,#2431);
#1432=LINE('',#10963,#2432);
#1433=LINE('',#10966,#2433);
#1434=LINE('',#10968,#2434);
#1435=LINE('',#10970,#2435);
#1436=LINE('',#10972,#2436);
#1437=LINE('',#10974,#2437);
#1438=LINE('',#10976,#2438);
#1439=LINE('',#10978,#2439);
#1440=LINE('',#10980,#2440);
#1441=LINE('',#10982,#2441);
#1442=LINE('',#10986,#2442);
#1443=LINE('',#10990,#2443);
#1444=LINE('',#10994,#2444);
#1445=LINE('',#10996,#2445);
#1446=LINE('',#10998,#2446);
#1447=LINE('',#11000,#2447);
#1448=LINE('',#11002,#2448);
#1449=LINE('',#11004,#2449);
#1450=LINE('',#11006,#2450);
#1451=LINE('',#11008,#2451);
#1452=LINE('',#11010,#2452);
#1453=LINE('',#11012,#2453);
#1454=LINE('',#11014,#2454);
#1455=LINE('',#11016,#2455);
#1456=LINE('',#11020,#2456);
#1457=LINE('',#11024,#2457);
#1458=LINE('',#11028,#2458);
#1459=LINE('',#11029,#2459);
#1460=LINE('',#11031,#2460);
#1461=LINE('',#11033,#2461);
#1462=LINE('',#11035,#2462);
#1463=LINE('',#11039,#2463);
#1464=LINE('',#11043,#2464);
#1465=LINE('',#11047,#2465);
#1466=LINE('',#11049,#2466);
#1467=LINE('',#11051,#2467);
#1468=LINE('',#11053,#2468);
#1469=LINE('',#11055,#2469);
#1470=LINE('',#11057,#2470);
#1471=LINE('',#11059,#2471);
#1472=LINE('',#11061,#2472);
#1473=LINE('',#11063,#2473);
#1474=LINE('',#11065,#2474);
#1475=LINE('',#11067,#2475);
#1476=LINE('',#11069,#2476);
#1477=LINE('',#11073,#2477);
#1478=LINE('',#11077,#2478);
#1479=LINE('',#11081,#2479);
#1480=LINE('',#11083,#2480);
#1481=LINE('',#11085,#2481);
#1482=LINE('',#11087,#2482);
#1483=LINE('',#11089,#2483);
#1484=LINE('',#11091,#2484);
#1485=LINE('',#11093,#2485);
#1486=LINE('',#11095,#2486);
#1487=LINE('',#11097,#2487);
#1488=LINE('',#11098,#2488);
#1489=LINE('',#11100,#2489);
#1490=LINE('',#11101,#2490);
#1491=LINE('',#11103,#2491);
#1492=LINE('',#11105,#2492);
#1493=LINE('',#11107,#2493);
#1494=LINE('',#11109,#2494);
#1495=LINE('',#11111,#2495);
#1496=LINE('',#11113,#2496);
#1497=LINE('',#11115,#2497);
#1498=LINE('',#11117,#2498);
#1499=LINE('',#11119,#2499);
#1500=LINE('',#11121,#2500);
#1501=LINE('',#11123,#2501);
#1502=LINE('',#11125,#2502);
#1503=LINE('',#11127,#2503);
#1504=LINE('',#11129,#2504);
#1505=LINE('',#11131,#2505);
#1506=LINE('',#11133,#2506);
#1507=LINE('',#11135,#2507);
#1508=LINE('',#11138,#2508);
#1509=LINE('',#11140,#2509);
#1510=LINE('',#11142,#2510);
#1511=LINE('',#11144,#2511);
#1512=LINE('',#11146,#2512);
#1513=LINE('',#11148,#2513);
#1514=LINE('',#11150,#2514);
#1515=LINE('',#11152,#2515);
#1516=LINE('',#11154,#2516);
#1517=LINE('',#11156,#2517);
#1518=LINE('',#11158,#2518);
#1519=LINE('',#11160,#2519);
#1520=LINE('',#11162,#2520);
#1521=LINE('',#11164,#2521);
#1522=LINE('',#11167,#2522);
#1523=LINE('',#11169,#2523);
#1524=LINE('',#11170,#2524);
#1525=LINE('',#11172,#2525);
#1526=LINE('',#11174,#2526);
#1527=LINE('',#11176,#2527);
#1528=LINE('',#11178,#2528);
#1529=LINE('',#11180,#2529);
#1530=LINE('',#11182,#2530);
#1531=LINE('',#11184,#2531);
#1532=LINE('',#11186,#2532);
#1533=LINE('',#11188,#2533);
#1534=LINE('',#11190,#2534);
#1535=LINE('',#11192,#2535);
#1536=LINE('',#11194,#2536);
#1537=LINE('',#11196,#2537);
#1538=LINE('',#11199,#2538);
#1539=LINE('',#11201,#2539);
#1540=LINE('',#11203,#2540);
#1541=LINE('',#11205,#2541);
#1542=LINE('',#11207,#2542);
#1543=LINE('',#11209,#2543);
#1544=LINE('',#11211,#2544);
#1545=LINE('',#11213,#2545);
#1546=LINE('',#11215,#2546);
#1547=LINE('',#11217,#2547);
#1548=LINE('',#11219,#2548);
#1549=LINE('',#11221,#2549);
#1550=LINE('',#11223,#2550);
#1551=LINE('',#11225,#2551);
#1552=LINE('',#11227,#2552);
#1553=LINE('',#11229,#2553);
#1554=LINE('',#11231,#2554);
#1555=LINE('',#11233,#2555);
#1556=LINE('',#11236,#2556);
#1557=LINE('',#11237,#2557);
#1558=LINE('',#11239,#2558);
#1559=LINE('',#11240,#2559);
#1560=LINE('',#11242,#2560);
#1561=LINE('',#11244,#2561);
#1562=LINE('',#11246,#2562);
#1563=LINE('',#11248,#2563);
#1564=LINE('',#11250,#2564);
#1565=LINE('',#11252,#2565);
#1566=LINE('',#11254,#2566);
#1567=LINE('',#11256,#2567);
#1568=LINE('',#11258,#2568);
#1569=LINE('',#11260,#2569);
#1570=LINE('',#11262,#2570);
#1571=LINE('',#11264,#2571);
#1572=LINE('',#11266,#2572);
#1573=LINE('',#11269,#2573);
#1574=LINE('',#11271,#2574);
#1575=LINE('',#11272,#2575);
#1576=LINE('',#11274,#2576);
#1577=LINE('',#11276,#2577);
#1578=LINE('',#11278,#2578);
#1579=LINE('',#11280,#2579);
#1580=LINE('',#11282,#2580);
#1581=LINE('',#11284,#2581);
#1582=LINE('',#11286,#2582);
#1583=LINE('',#11288,#2583);
#1584=LINE('',#11290,#2584);
#1585=LINE('',#11292,#2585);
#1586=LINE('',#11294,#2586);
#1587=LINE('',#11296,#2587);
#1588=LINE('',#11298,#2588);
#1589=LINE('',#11300,#2589);
#1590=LINE('',#11302,#2590);
#1591=LINE('',#11305,#2591);
#1592=LINE('',#11307,#2592);
#1593=LINE('',#11309,#2593);
#1594=LINE('',#11311,#2594);
#1595=LINE('',#11313,#2595);
#1596=LINE('',#11315,#2596);
#1597=LINE('',#11317,#2597);
#1598=LINE('',#11319,#2598);
#1599=LINE('',#11321,#2599);
#1600=LINE('',#11323,#2600);
#1601=LINE('',#11325,#2601);
#1602=LINE('',#11327,#2602);
#1603=LINE('',#11329,#2603);
#1604=LINE('',#11331,#2604);
#1605=LINE('',#11333,#2605);
#1606=LINE('',#11335,#2606);
#1607=LINE('',#11337,#2607);
#1608=LINE('',#11339,#2608);
#1609=LINE('',#11341,#2609);
#1610=LINE('',#11343,#2610);
#1611=LINE('',#11345,#2611);
#1612=LINE('',#11347,#2612);
#1613=LINE('',#11349,#2613);
#1614=LINE('',#11351,#2614);
#1615=LINE('',#11353,#2615);
#1616=LINE('',#11355,#2616);
#1617=LINE('',#11357,#2617);
#1618=LINE('',#11359,#2618);
#1619=LINE('',#11361,#2619);
#1620=LINE('',#11363,#2620);
#1621=LINE('',#11365,#2621);
#1622=LINE('',#11367,#2622);
#1623=LINE('',#11369,#2623);
#1624=LINE('',#11375,#2624);
#1625=LINE('',#11377,#2625);
#1626=LINE('',#11379,#2626);
#1627=LINE('',#11380,#2627);
#1628=LINE('',#11383,#2628);
#1629=LINE('',#11385,#2629);
#1630=LINE('',#11386,#2630);
#1631=LINE('',#11390,#2631);
#1632=LINE('',#11392,#2632);
#1633=LINE('',#11394,#2633);
#1634=LINE('',#11395,#2634);
#1635=LINE('',#11398,#2635);
#1636=LINE('',#11400,#2636);
#1637=LINE('',#11401,#2637);
#1638=LINE('',#11405,#2638);
#1639=LINE('',#11407,#2639);
#1640=LINE('',#11409,#2640);
#1641=LINE('',#11410,#2641);
#1642=LINE('',#11413,#2642);
#1643=LINE('',#11415,#2643);
#1644=LINE('',#11416,#2644);
#1645=LINE('',#11420,#2645);
#1646=LINE('',#11422,#2646);
#1647=LINE('',#11424,#2647);
#1648=LINE('',#11425,#2648);
#1649=LINE('',#11427,#2649);
#1650=LINE('',#11428,#2650);
#1651=LINE('',#11432,#2651);
#1652=LINE('',#11434,#2652);
#1653=LINE('',#11436,#2653);
#1654=LINE('',#11437,#2654);
#1655=LINE('',#11441,#2655);
#1656=LINE('',#11443,#2656);
#1657=LINE('',#11445,#2657);
#1658=LINE('',#11447,#2658);
#1659=LINE('',#11449,#2659);
#1660=LINE('',#11451,#2660);
#1661=LINE('',#11453,#2661);
#1662=LINE('',#11454,#2662);
#1663=LINE('',#11457,#2663);
#1664=LINE('',#11459,#2664);
#1665=LINE('',#11460,#2665);
#1666=LINE('',#11464,#2666);
#1667=LINE('',#11466,#2667);
#1668=LINE('',#11468,#2668);
#1669=LINE('',#11469,#2669);
#1670=LINE('',#11472,#2670);
#1671=LINE('',#11474,#2671);
#1672=LINE('',#11475,#2672);
#1673=LINE('',#11478,#2673);
#1674=LINE('',#11480,#2674);
#1675=LINE('',#11481,#2675);
#1676=LINE('',#11485,#2676);
#1677=LINE('',#11487,#2677);
#1678=LINE('',#11489,#2678);
#1679=LINE('',#11490,#2679);
#1680=LINE('',#11493,#2680);
#1681=LINE('',#11495,#2681);
#1682=LINE('',#11496,#2682);
#1683=LINE('',#11500,#2683);
#1684=LINE('',#11502,#2684);
#1685=LINE('',#11504,#2685);
#1686=LINE('',#11505,#2686);
#1687=LINE('',#11508,#2687);
#1688=LINE('',#11510,#2688);
#1689=LINE('',#11511,#2689);
#1690=LINE('',#11514,#2690);
#1691=LINE('',#11516,#2691);
#1692=LINE('',#11518,#2692);
#1693=LINE('',#11520,#2693);
#1694=LINE('',#11521,#2694);
#1695=LINE('',#11524,#2695);
#1696=LINE('',#11526,#2696);
#1697=LINE('',#11528,#2697);
#1698=LINE('',#11530,#2698);
#1699=LINE('',#11531,#2699);
#1700=LINE('',#11533,#2700);
#1701=LINE('',#11534,#2701);
#1702=LINE('',#11537,#2702);
#1703=LINE('',#11539,#2703);
#1704=LINE('',#11541,#2704);
#1705=LINE('',#11543,#2705);
#1706=LINE('',#11544,#2706);
#1707=LINE('',#11548,#2707);
#1708=LINE('',#11550,#2708);
#1709=LINE('',#11552,#2709);
#1710=LINE('',#11553,#2710);
#1711=LINE('',#11556,#2711);
#1712=LINE('',#11558,#2712);
#1713=LINE('',#11560,#2713);
#1714=LINE('',#11564,#2714);
#1715=LINE('',#11568,#2715);
#1716=LINE('',#11570,#2716);
#1717=LINE('',#11574,#2717);
#1718=LINE('',#11576,#2718);
#1719=LINE('',#11578,#2719);
#1720=LINE('',#11580,#2720);
#1721=LINE('',#11582,#2721);
#1722=LINE('',#11584,#2722);
#1723=LINE('',#11586,#2723);
#1724=LINE('',#11588,#2724);
#1725=LINE('',#11590,#2725);
#1726=LINE('',#11592,#2726);
#1727=LINE('',#11594,#2727);
#1728=LINE('',#11596,#2728);
#1729=LINE('',#11598,#2729);
#1730=LINE('',#11600,#2730);
#1731=LINE('',#11602,#2731);
#1732=LINE('',#11604,#2732);
#1733=LINE('',#11606,#2733);
#1734=LINE('',#11608,#2734);
#1735=LINE('',#11610,#2735);
#1736=LINE('',#11612,#2736);
#1737=LINE('',#11616,#2737);
#1738=LINE('',#11620,#2738);
#1739=LINE('',#11624,#2739);
#1740=LINE('',#11626,#2740);
#1741=LINE('',#11628,#2741);
#1742=LINE('',#11630,#2742);
#1743=LINE('',#11632,#2743);
#1744=LINE('',#11634,#2744);
#1745=LINE('',#11636,#2745);
#1746=LINE('',#11638,#2746);
#1747=LINE('',#11640,#2747);
#1748=LINE('',#11642,#2748);
#1749=LINE('',#11644,#2749);
#1750=LINE('',#11646,#2750);
#1751=LINE('',#11650,#2751);
#1752=LINE('',#11654,#2752);
#1753=LINE('',#11658,#2753);
#1754=LINE('',#11660,#2754);
#1755=LINE('',#11662,#2755);
#1756=LINE('',#11664,#2756);
#1757=LINE('',#11666,#2757);
#1758=LINE('',#11668,#2758);
#1759=LINE('',#11670,#2759);
#1760=LINE('',#11672,#2760);
#1761=LINE('',#11674,#2761);
#1762=LINE('',#11676,#2762);
#1763=LINE('',#11678,#2763);
#1764=LINE('',#11680,#2764);
#1765=LINE('',#11684,#2765);
#1766=LINE('',#11688,#2766);
#1767=LINE('',#11692,#2767);
#1768=LINE('',#11694,#2768);
#1769=LINE('',#11695,#2769);
#1770=LINE('',#11697,#2770);
#1771=LINE('',#11699,#2771);
#1772=LINE('',#11702,#2772);
#1773=LINE('',#11704,#2773);
#1774=LINE('',#11706,#2774);
#1775=LINE('',#11710,#2775);
#1776=LINE('',#11712,#2776);
#1777=LINE('',#11714,#2777);
#1778=LINE('',#11715,#2778);
#1779=LINE('',#11716,#2779);
#1780=LINE('',#11718,#2780);
#1781=LINE('',#11720,#2781);
#1782=LINE('',#11721,#2782);
#1783=LINE('',#11723,#2783);
#1784=LINE('',#11724,#2784);
#1785=LINE('',#11727,#2785);
#1786=LINE('',#11729,#2786);
#1787=LINE('',#11731,#2787);
#1788=LINE('',#11732,#2788);
#1789=LINE('',#11733,#2789);
#1790=LINE('',#11735,#2790);
#1791=LINE('',#11737,#2791);
#1792=LINE('',#11739,#2792);
#1793=LINE('',#11741,#2793);
#1794=LINE('',#11743,#2794);
#1795=LINE('',#11745,#2795);
#1796=LINE('',#11746,#2796);
#1797=LINE('',#11753,#2797);
#1798=LINE('',#11754,#2798);
#1799=LINE('',#11756,#2799);
#1800=LINE('',#11758,#2800);
#1801=LINE('',#11760,#2801);
#1802=LINE('',#11762,#2802);
#1803=LINE('',#11764,#2803);
#1804=LINE('',#11765,#2804);
#1805=LINE('',#11768,#2805);
#1806=LINE('',#11769,#2806);
#1807=LINE('',#11772,#2807);
#1808=LINE('',#11773,#2808);
#1809=LINE('',#11776,#2809);
#1810=LINE('',#11777,#2810);
#1811=LINE('',#11780,#2811);
#1812=LINE('',#11781,#2812);
#1813=LINE('',#11785,#2813);
#1814=LINE('',#11787,#2814);
#1815=LINE('',#11789,#2815);
#1816=LINE('',#11790,#2816);
#1817=LINE('',#11793,#2817);
#1818=LINE('',#11795,#2818);
#1819=LINE('',#11796,#2819);
#1820=LINE('',#11799,#2820);
#1821=LINE('',#11801,#2821);
#1822=LINE('',#11802,#2822);
#1823=LINE('',#11804,#2823);
#1824=LINE('',#11805,#2824);
#1825=LINE('',#11807,#2825);
#1826=LINE('',#11808,#2826);
#1827=LINE('',#11810,#2827);
#1828=LINE('',#11813,#2828);
#1829=LINE('',#11815,#2829);
#1830=LINE('',#11817,#2830);
#1831=LINE('',#11819,#2831);
#1832=LINE('',#11823,#2832);
#1833=LINE('',#11827,#2833);
#1834=LINE('',#11831,#2834);
#1835=LINE('',#11833,#2835);
#1836=LINE('',#11835,#2836);
#1837=LINE('',#11837,#2837);
#1838=LINE('',#11839,#2838);
#1839=LINE('',#11841,#2839);
#1840=LINE('',#11843,#2840);
#1841=LINE('',#11845,#2841);
#1842=LINE('',#11847,#2842);
#1843=LINE('',#11849,#2843);
#1844=LINE('',#11851,#2844);
#1845=LINE('',#11853,#2845);
#1846=LINE('',#11857,#2846);
#1847=LINE('',#11861,#2847);
#1848=LINE('',#11865,#2848);
#1849=LINE('',#11867,#2849);
#1850=LINE('',#11869,#2850);
#1851=LINE('',#11871,#2851);
#1852=LINE('',#11873,#2852);
#1853=LINE('',#11875,#2853);
#1854=LINE('',#11877,#2854);
#1855=LINE('',#11879,#2855);
#1856=LINE('',#11881,#2856);
#1857=LINE('',#11883,#2857);
#1858=LINE('',#11885,#2858);
#1859=LINE('',#11887,#2859);
#1860=LINE('',#11891,#2860);
#1861=LINE('',#11895,#2861);
#1862=LINE('',#11899,#2862);
#1863=LINE('',#11901,#2863);
#1864=LINE('',#11903,#2864);
#1865=LINE('',#11905,#2865);
#1866=LINE('',#11907,#2866);
#1867=LINE('',#11909,#2867);
#1868=LINE('',#11911,#2868);
#1869=LINE('',#11913,#2869);
#1870=LINE('',#11915,#2870);
#1871=LINE('',#11917,#2871);
#1872=LINE('',#11919,#2872);
#1873=LINE('',#11921,#2873);
#1874=LINE('',#11923,#2874);
#1875=LINE('',#11925,#2875);
#1876=LINE('',#11927,#2876);
#1877=LINE('',#11929,#2877);
#1878=LINE('',#11931,#2878);
#1879=LINE('',#11933,#2879);
#1880=LINE('',#11935,#2880);
#1881=LINE('',#11937,#2881);
#1882=LINE('',#11941,#2882);
#1883=LINE('',#11943,#2883);
#1884=LINE('',#11947,#2884);
#1885=LINE('',#11951,#2885);
#1886=LINE('',#11952,#2886);
#1887=LINE('',#11953,#2887);
#1888=LINE('',#11955,#2888);
#1889=LINE('',#11957,#2889);
#1890=LINE('',#11959,#2890);
#1891=LINE('',#11961,#2891);
#1892=LINE('',#11963,#2892);
#1893=LINE('',#11965,#2893);
#1894=LINE('',#11966,#2894);
#1895=LINE('',#11967,#2895);
#1896=LINE('',#11969,#2896);
#1897=LINE('',#11971,#2897);
#1898=LINE('',#11972,#2898);
#1899=LINE('',#11974,#2899);
#1900=LINE('',#11976,#2900);
#1901=LINE('',#11977,#2901);
#1902=LINE('',#11978,#2902);
#1903=LINE('',#11981,#2903);
#1904=LINE('',#11983,#2904);
#1905=LINE('',#11984,#2905);
#1906=LINE('',#11985,#2906);
#1907=LINE('',#11995,#2907);
#1908=LINE('',#11996,#2908);
#1909=LINE('',#12000,#2909);
#1910=LINE('',#12002,#2910);
#1911=LINE('',#12005,#2911);
#1912=LINE('',#12006,#2912);
#1913=LINE('',#12009,#2913);
#1914=LINE('',#12010,#2914);
#1915=LINE('',#12012,#2915);
#1916=LINE('',#12015,#2916);
#1917=LINE('',#12019,#2917);
#1918=LINE('',#12023,#2918);
#1919=LINE('',#12027,#2919);
#1920=LINE('',#12067,#2920);
#1921=LINE('',#12071,#2921);
#1922=LINE('',#12075,#2922);
#1923=LINE('',#12079,#2923);
#1924=LINE('',#12083,#2924);
#1925=LINE('',#12085,#2925);
#1926=LINE('',#12086,#2926);
#1927=LINE('',#12089,#2927);
#1928=LINE('',#12093,#2928);
#1929=LINE('',#12094,#2929);
#1930=LINE('',#12097,#2930);
#1931=LINE('',#12098,#2931);
#1932=LINE('',#12101,#2932);
#1933=LINE('',#12104,#2933);
#1934=LINE('',#12107,#2934);
#1935=LINE('',#12108,#2935);
#1936=LINE('',#12111,#2936);
#1937=LINE('',#12115,#2937);
#1938=LINE('',#12116,#2938);
#1939=LINE('',#12119,#2939);
#1940=LINE('',#12123,#2940);
#1941=LINE('',#12124,#2941);
#1942=LINE('',#12127,#2942);
#1943=LINE('',#12128,#2943);
#1944=LINE('',#12131,#2944);
#1945=LINE('',#12132,#2945);
#1946=LINE('',#12135,#2946);
#1947=LINE('',#12136,#2947);
#1948=LINE('',#12139,#2948);
#1949=LINE('',#12140,#2949);
#1950=LINE('',#12143,#2950);
#1951=LINE('',#12144,#2951);
#1952=LINE('',#12147,#2952);
#1953=LINE('',#12148,#2953);
#1954=LINE('',#12151,#2954);
#1955=LINE('',#12152,#2955);
#1956=LINE('',#12155,#2956);
#1957=LINE('',#12156,#2957);
#1958=LINE('',#12159,#2958);
#1959=LINE('',#12160,#2959);
#1960=LINE('',#12163,#2960);
#1961=LINE('',#12164,#2961);
#1962=LINE('',#12167,#2962);
#1963=LINE('',#12168,#2963);
#1964=LINE('',#12171,#2964);
#1965=LINE('',#12172,#2965);
#1966=LINE('',#12175,#2966);
#1967=LINE('',#12176,#2967);
#1968=LINE('',#12179,#2968);
#1969=LINE('',#12180,#2969);
#1970=LINE('',#12183,#2970);
#1971=LINE('',#12184,#2971);
#1972=LINE('',#12187,#2972);
#1973=LINE('',#12188,#2973);
#1974=LINE('',#12191,#2974);
#1975=LINE('',#12192,#2975);
#1976=LINE('',#12195,#2976);
#1977=LINE('',#12196,#2977);
#1978=LINE('',#12199,#2978);
#1979=LINE('',#12200,#2979);
#1980=LINE('',#12203,#2980);
#1981=LINE('',#12207,#2981);
#1982=LINE('',#12208,#2982);
#1983=LINE('',#12211,#2983);
#1984=LINE('',#12212,#2984);
#1985=LINE('',#12215,#2985);
#1986=LINE('',#12219,#2986);
#1987=LINE('',#12220,#2987);
#1988=LINE('',#12223,#2988);
#1989=LINE('',#12227,#2989);
#1990=LINE('',#12229,#2990);
#1991=LINE('',#12230,#2991);
#1992=LINE('',#12232,#2992);
#1993=LINE('',#12234,#2993);
#1994=LINE('',#12236,#2994);
#1995=LINE('',#12238,#2995);
#1996=LINE('',#12240,#2996);
#1997=LINE('',#12241,#2997);
#1998=LINE('',#12245,#2998);
#1999=LINE('',#12250,#2999);
#2000=LINE('',#12259,#3000);
#2001=LINE('',#12260,#3001);
#2002=LINE('',#12261,#3002);
#2003=LINE('',#12263,#3003);
#2004=LINE('',#12265,#3004);
#2005=LINE('',#12267,#3005);
#2006=LINE('',#12270,#3006);
#2007=LINE('',#12272,#3007);
#2008=LINE('',#12277,#3008);
#2009=LINE('',#12279,#3009);
#2010=LINE('',#12281,#3010);
#2011=LINE('',#12282,#3011);
#2012=LINE('',#12285,#3012);
#2013=LINE('',#12287,#3013);
#2014=LINE('',#12288,#3014);
#2015=LINE('',#12291,#3015);
#2016=LINE('',#12293,#3016);
#2017=LINE('',#12294,#3017);
#2018=LINE('',#12297,#3018);
#2019=LINE('',#12299,#3019);
#2020=LINE('',#12300,#3020);
#2021=LINE('',#12302,#3021);
#2022=LINE('',#12304,#3022);
#2023=LINE('',#12308,#3023);
#2024=LINE('',#12312,#3024);
#2025=LINE('',#12314,#3025);
#2026=LINE('',#12318,#3026);
#2027=LINE('',#12320,#3027);
#2028=LINE('',#12322,#3028);
#2029=LINE('',#12324,#3029);
#2030=LINE('',#12326,#3030);
#2031=LINE('',#12328,#3031);
#2032=LINE('',#12330,#3032);
#2033=LINE('',#12332,#3033);
#2034=LINE('',#12334,#3034);
#2035=LINE('',#12336,#3035);
#2036=LINE('',#12338,#3036);
#2037=LINE('',#12340,#3037);
#2038=LINE('',#12342,#3038);
#2039=LINE('',#12344,#3039);
#2040=LINE('',#12346,#3040);
#2041=LINE('',#12348,#3041);
#2042=LINE('',#12350,#3042);
#2043=LINE('',#12352,#3043);
#2044=LINE('',#12354,#3044);
#2045=LINE('',#12356,#3045);
#2046=LINE('',#12360,#3046);
#2047=LINE('',#12364,#3047);
#2048=LINE('',#12368,#3048);
#2049=LINE('',#12370,#3049);
#2050=LINE('',#12371,#3050);
#2051=LINE('',#12374,#3051);
#2052=LINE('',#12376,#3052);
#2053=LINE('',#12378,#3053);
#2054=LINE('',#12380,#3054);
#2055=LINE('',#12382,#3055);
#2056=LINE('',#12384,#3056);
#2057=LINE('',#12386,#3057);
#2058=LINE('',#12388,#3058);
#2059=LINE('',#12390,#3059);
#2060=LINE('',#12392,#3060);
#2061=LINE('',#12396,#3061);
#2062=LINE('',#12400,#3062);
#2063=LINE('',#12404,#3063);
#2064=LINE('',#12406,#3064);
#2065=LINE('',#12408,#3065);
#2066=LINE('',#12410,#3066);
#2067=LINE('',#12412,#3067);
#2068=LINE('',#12414,#3068);
#2069=LINE('',#12416,#3069);
#2070=LINE('',#12418,#3070);
#2071=LINE('',#12420,#3071);
#2072=LINE('',#12422,#3072);
#2073=LINE('',#12424,#3073);
#2074=LINE('',#12426,#3074);
#2075=LINE('',#12430,#3075);
#2076=LINE('',#12434,#3076);
#2077=LINE('',#12438,#3077);
#2078=LINE('',#12440,#3078);
#2079=LINE('',#12442,#3079);
#2080=LINE('',#12443,#3080);
#2081=LINE('',#12445,#3081);
#2082=LINE('',#12447,#3082);
#2083=LINE('',#12451,#3083);
#2084=LINE('',#12455,#3084);
#2085=LINE('',#12459,#3085);
#2086=LINE('',#12461,#3086);
#2087=LINE('',#12463,#3087);
#2088=LINE('',#12465,#3088);
#2089=LINE('',#12467,#3089);
#2090=LINE('',#12469,#3090);
#2091=LINE('',#12471,#3091);
#2092=LINE('',#12473,#3092);
#2093=LINE('',#12475,#3093);
#2094=LINE('',#12477,#3094);
#2095=LINE('',#12479,#3095);
#2096=LINE('',#12481,#3096);
#2097=LINE('',#12485,#3097);
#2098=LINE('',#12489,#3098);
#2099=LINE('',#12493,#3099);
#2100=LINE('',#12495,#3100);
#2101=LINE('',#12497,#3101);
#2102=LINE('',#12499,#3102);
#2103=LINE('',#12501,#3103);
#2104=LINE('',#12503,#3104);
#2105=LINE('',#12505,#3105);
#2106=LINE('',#12507,#3106);
#2107=LINE('',#12509,#3107);
#2108=LINE('',#12510,#3108);
#2109=LINE('',#12512,#3109);
#2110=LINE('',#12514,#3110);
#2111=LINE('',#12516,#3111);
#2112=LINE('',#12518,#3112);
#2113=LINE('',#12520,#3113);
#2114=LINE('',#12522,#3114);
#2115=LINE('',#12524,#3115);
#2116=LINE('',#12528,#3116);
#2117=LINE('',#12530,#3117);
#2118=LINE('',#12531,#3118);
#2119=LINE('',#12536,#3119);
#2120=LINE('',#12538,#3120);
#2121=LINE('',#12539,#3121);
#2122=LINE('',#12541,#3122);
#2123=LINE('',#12543,#3123);
#2124=LINE('',#12544,#3124);
#2125=LINE('',#12545,#3125);
#2126=LINE('',#12547,#3126);
#2127=LINE('',#12549,#3127);
#2128=LINE('',#12553,#3128);
#2129=LINE('',#12555,#3129);
#2130=LINE('',#12557,#3130);
#2131=LINE('',#12559,#3131);
#2132=LINE('',#12561,#3132);
#2133=LINE('',#12563,#3133);
#2134=LINE('',#12565,#3134);
#2135=LINE('',#12567,#3135);
#2136=LINE('',#12569,#3136);
#2137=LINE('',#12571,#3137);
#2138=LINE('',#12573,#3138);
#2139=LINE('',#12575,#3139);
#2140=LINE('',#12577,#3140);
#2141=LINE('',#12579,#3141);
#2142=LINE('',#12581,#3142);
#2143=LINE('',#12583,#3143);
#2144=LINE('',#12585,#3144);
#2145=LINE('',#12587,#3145);
#2146=LINE('',#12589,#3146);
#2147=LINE('',#12591,#3147);
#2148=LINE('',#12593,#3148);
#2149=LINE('',#12595,#3149);
#2150=LINE('',#12597,#3150);
#2151=LINE('',#12599,#3151);
#2152=LINE('',#12601,#3152);
#2153=LINE('',#12603,#3153);
#2154=LINE('',#12605,#3154);
#2155=LINE('',#12607,#3155);
#2156=LINE('',#12609,#3156);
#2157=LINE('',#12611,#3157);
#2158=LINE('',#12613,#3158);
#2159=LINE('',#12615,#3159);
#2160=LINE('',#12617,#3160);
#2161=LINE('',#12619,#3161);
#2162=LINE('',#12621,#3162);
#2163=LINE('',#12624,#3163);
#2164=LINE('',#12625,#3164);
#2165=LINE('',#12627,#3165);
#2166=LINE('',#12629,#3166);
#2167=LINE('',#12631,#3167);
#2168=LINE('',#12633,#3168);
#2169=LINE('',#12635,#3169);
#2170=LINE('',#12637,#3170);
#2171=LINE('',#12639,#3171);
#2172=LINE('',#12641,#3172);
#2173=LINE('',#12643,#3173);
#2174=LINE('',#12645,#3174);
#2175=LINE('',#12647,#3175);
#2176=LINE('',#12649,#3176);
#2177=LINE('',#12651,#3177);
#2178=LINE('',#12653,#3178);
#2179=LINE('',#12655,#3179);
#2180=LINE('',#12657,#3180);
#2181=LINE('',#12659,#3181);
#2182=LINE('',#12661,#3182);
#2183=LINE('',#12663,#3183);
#2184=LINE('',#12665,#3184);
#2185=LINE('',#12667,#3185);
#2186=LINE('',#12669,#3186);
#2187=LINE('',#12671,#3187);
#2188=LINE('',#12673,#3188);
#2189=LINE('',#12675,#3189);
#2190=LINE('',#12677,#3190);
#2191=LINE('',#12679,#3191);
#2192=LINE('',#12681,#3192);
#2193=LINE('',#12683,#3193);
#2194=LINE('',#12685,#3194);
#2195=LINE('',#12687,#3195);
#2196=LINE('',#12689,#3196);
#2197=LINE('',#12691,#3197);
#2198=LINE('',#12693,#3198);
#2199=LINE('',#12695,#3199);
#2200=LINE('',#12697,#3200);
#2201=LINE('',#12699,#3201);
#2202=LINE('',#12701,#3202);
#2203=LINE('',#12703,#3203);
#2204=LINE('',#12705,#3204);
#2205=LINE('',#12707,#3205);
#2206=LINE('',#12709,#3206);
#2207=LINE('',#12711,#3207);
#2208=LINE('',#12713,#3208);
#2209=LINE('',#12715,#3209);
#2210=LINE('',#12717,#3210);
#2211=LINE('',#12720,#3211);
#2212=LINE('',#12722,#3212);
#2213=LINE('',#12724,#3213);
#2214=LINE('',#12726,#3214);
#2215=LINE('',#12728,#3215);
#2216=LINE('',#12730,#3216);
#2217=LINE('',#12732,#3217);
#2218=LINE('',#12734,#3218);
#2219=LINE('',#12736,#3219);
#2220=LINE('',#12738,#3220);
#2221=LINE('',#12740,#3221);
#2222=LINE('',#12742,#3222);
#2223=LINE('',#12744,#3223);
#2224=LINE('',#12746,#3224);
#2225=LINE('',#12748,#3225);
#2226=LINE('',#12750,#3226);
#2227=LINE('',#12752,#3227);
#2228=LINE('',#12754,#3228);
#2229=VECTOR('',#8433,1.63);
#2230=VECTOR('',#8438,10.);
#2231=VECTOR('',#8439,10.);
#2232=VECTOR('',#8440,10.);
#2233=VECTOR('',#8441,10.);
#2234=VECTOR('',#8442,10.);
#2235=VECTOR('',#8445,10.);
#2236=VECTOR('',#8448,10.);
#2237=VECTOR('',#8451,10.);
#2238=VECTOR('',#8452,10.);
#2239=VECTOR('',#8453,10.);
#2240=VECTOR('',#8454,10.);
#2241=VECTOR('',#8455,10.);
#2242=VECTOR('',#8456,10.);
#2243=VECTOR('',#8457,10.);
#2244=VECTOR('',#8458,10.);
#2245=VECTOR('',#8459,10.);
#2246=VECTOR('',#8460,10.);
#2247=VECTOR('',#8461,10.);
#2248=VECTOR('',#8462,10.);
#2249=VECTOR('',#8465,10.);
#2250=VECTOR('',#8468,10.);
#2251=VECTOR('',#8471,10.);
#2252=VECTOR('',#8472,10.);
#2253=VECTOR('',#8473,10.);
#2254=VECTOR('',#8474,10.);
#2255=VECTOR('',#8475,10.);
#2256=VECTOR('',#8476,10.);
#2257=VECTOR('',#8477,10.);
#2258=VECTOR('',#8478,10.);
#2259=VECTOR('',#8479,10.);
#2260=VECTOR('',#8480,10.);
#2261=VECTOR('',#8481,10.);
#2262=VECTOR('',#8482,10.);
#2263=VECTOR('',#8483,10.);
#2264=VECTOR('',#8484,10.);
#2265=VECTOR('',#8485,10.);
#2266=VECTOR('',#8486,10.);
#2267=VECTOR('',#8487,10.);
#2268=VECTOR('',#8488,10.);
#2269=VECTOR('',#8489,10.);
#2270=VECTOR('',#8490,10.);
#2271=VECTOR('',#8493,10.);
#2272=VECTOR('',#8494,10.);
#2273=VECTOR('',#8497,10.);
#2274=VECTOR('',#8500,10.);
#2275=VECTOR('',#8501,10.);
#2276=VECTOR('',#8502,10.);
#2277=VECTOR('',#8505,10.);
#2278=VECTOR('',#8508,10.);
#2279=VECTOR('',#8511,10.);
#2280=VECTOR('',#8512,10.);
#2281=VECTOR('',#8513,10.);
#2282=VECTOR('',#8514,10.);
#2283=VECTOR('',#8515,10.);
#2284=VECTOR('',#8516,10.);
#2285=VECTOR('',#8517,10.);
#2286=VECTOR('',#8526,1.55);
#2287=VECTOR('',#8531,1.63);
#2288=VECTOR('',#8536,1.55);
#2289=VECTOR('',#8541,1.63);
#2290=VECTOR('',#8546,1.55);
#2291=VECTOR('',#8551,1.63);
#2292=VECTOR('',#8556,1.55);
#2293=VECTOR('',#8561,10.);
#2294=VECTOR('',#8562,10.);
#2295=VECTOR('',#8563,10.);
#2296=VECTOR('',#8564,10.);
#2297=VECTOR('',#8565,10.);
#2298=VECTOR('',#8566,10.);
#2299=VECTOR('',#8567,10.);
#2300=VECTOR('',#8568,10.);
#2301=VECTOR('',#8569,10.);
#2302=VECTOR('',#8570,10.);
#2303=VECTOR('',#8573,10.);
#2304=VECTOR('',#8576,10.);
#2305=VECTOR('',#8579,10.);
#2306=VECTOR('',#8580,10.);
#2307=VECTOR('',#8581,10.);
#2308=VECTOR('',#8582,10.);
#2309=VECTOR('',#8583,10.);
#2310=VECTOR('',#8584,10.);
#2311=VECTOR('',#8585,10.);
#2312=VECTOR('',#8586,10.);
#2313=VECTOR('',#8587,10.);
#2314=VECTOR('',#8588,10.);
#2315=VECTOR('',#8589,10.);
#2316=VECTOR('',#8590,10.);
#2317=VECTOR('',#8593,10.);
#2318=VECTOR('',#8596,10.);
#2319=VECTOR('',#8599,10.);
#2320=VECTOR('',#8600,10.);
#2321=VECTOR('',#8601,10.);
#2322=VECTOR('',#8602,10.);
#2323=VECTOR('',#8603,10.);
#2324=VECTOR('',#8604,10.);
#2325=VECTOR('',#8605,10.);
#2326=VECTOR('',#8606,10.);
#2327=VECTOR('',#8607,10.);
#2328=VECTOR('',#8608,10.);
#2329=VECTOR('',#8609,10.);
#2330=VECTOR('',#8610,10.);
#2331=VECTOR('',#8613,10.);
#2332=VECTOR('',#8616,10.);
#2333=VECTOR('',#8619,10.);
#2334=VECTOR('',#8620,10.);
#2335=VECTOR('',#8621,10.);
#2336=VECTOR('',#8624,10.);
#2337=VECTOR('',#8627,10.);
#2338=VECTOR('',#8628,10.);
#2339=VECTOR('',#8631,10.);
#2340=VECTOR('',#8632,10.);
#2341=VECTOR('',#8633,10.);
#2342=VECTOR('',#8634,10.);
#2343=VECTOR('',#8635,10.);
#2344=VECTOR('',#8636,10.);
#2345=VECTOR('',#8637,10.);
#2346=VECTOR('',#8638,10.);
#2347=VECTOR('',#8639,10.);
#2348=VECTOR('',#8640,10.);
#2349=VECTOR('',#8643,10.);
#2350=VECTOR('',#8644,10.);
#2351=VECTOR('',#8645,10.);
#2352=VECTOR('',#8646,10.);
#2353=VECTOR('',#8649,10.);
#2354=VECTOR('',#8650,10.);
#2355=VECTOR('',#8651,10.);
#2356=VECTOR('',#8652,10.);
#2357=VECTOR('',#8655,10.);
#2358=VECTOR('',#8656,10.);
#2359=VECTOR('',#8659,10.);
#2360=VECTOR('',#8660,10.);
#2361=VECTOR('',#8661,10.);
#2362=VECTOR('',#8662,10.);
#2363=VECTOR('',#8665,10.);
#2364=VECTOR('',#8666,10.);
#2365=VECTOR('',#8667,10.);
#2366=VECTOR('',#8670,10.);
#2367=VECTOR('',#8673,10.);
#2368=VECTOR('',#8676,10.);
#2369=VECTOR('',#8677,10.);
#2370=VECTOR('',#8678,10.);
#2371=VECTOR('',#8679,10.);
#2372=VECTOR('',#8680,10.);
#2373=VECTOR('',#8681,10.);
#2374=VECTOR('',#8682,10.);
#2375=VECTOR('',#8683,10.);
#2376=VECTOR('',#8684,10.);
#2377=VECTOR('',#8685,10.);
#2378=VECTOR('',#8686,10.);
#2379=VECTOR('',#8687,10.);
#2380=VECTOR('',#8688,10.);
#2381=VECTOR('',#8689,10.);
#2382=VECTOR('',#8690,10.);
#2383=VECTOR('',#8691,10.);
#2384=VECTOR('',#8692,10.);
#2385=VECTOR('',#8693,10.);
#2386=VECTOR('',#8694,10.);
#2387=VECTOR('',#8695,10.);
#2388=VECTOR('',#8698,10.);
#2389=VECTOR('',#8699,10.);
#2390=VECTOR('',#8702,10.);
#2391=VECTOR('',#8705,10.);
#2392=VECTOR('',#8706,10.);
#2393=VECTOR('',#8707,10.);
#2394=VECTOR('',#8710,10.);
#2395=VECTOR('',#8713,10.);
#2396=VECTOR('',#8714,10.);
#2397=VECTOR('',#8717,10.);
#2398=VECTOR('',#8718,10.);
#2399=VECTOR('',#8719,10.);
#2400=VECTOR('',#8720,10.);
#2401=VECTOR('',#8721,10.);
#2402=VECTOR('',#8722,10.);
#2403=VECTOR('',#8723,10.);
#2404=VECTOR('',#8724,10.);
#2405=VECTOR('',#8725,10.);
#2406=VECTOR('',#8726,10.);
#2407=VECTOR('',#8727,10.);
#2408=VECTOR('',#8728,10.);
#2409=VECTOR('',#8729,10.);
#2410=VECTOR('',#8730,10.);
#2411=VECTOR('',#8731,10.);
#2412=VECTOR('',#8732,10.);
#2413=VECTOR('',#8733,10.);
#2414=VECTOR('',#8734,10.);
#2415=VECTOR('',#8735,10.);
#2416=VECTOR('',#8736,10.);
#2417=VECTOR('',#8739,10.);
#2418=VECTOR('',#8742,10.);
#2419=VECTOR('',#8745,10.);
#2420=VECTOR('',#8746,10.);
#2421=VECTOR('',#8749,10.);
#2422=VECTOR('',#8750,10.);
#2423=VECTOR('',#8751,10.);
#2424=VECTOR('',#8754,10.);
#2425=VECTOR('',#8755,10.);
#2426=VECTOR('',#8756,10.);
#2427=VECTOR('',#8757,10.);
#2428=VECTOR('',#8758,10.);
#2429=VECTOR('',#8761,10.);
#2430=VECTOR('',#8762,10.);
#2431=VECTOR('',#8763,10.);
#2432=VECTOR('',#8766,10.);
#2433=VECTOR('',#8769,10.);
#2434=VECTOR('',#8770,10.);
#2435=VECTOR('',#8771,10.);
#2436=VECTOR('',#8772,10.);
#2437=VECTOR('',#8773,10.);
#2438=VECTOR('',#8774,10.);
#2439=VECTOR('',#8775,10.);
#2440=VECTOR('',#8776,10.);
#2441=VECTOR('',#8777,10.);
#2442=VECTOR('',#8780,10.);
#2443=VECTOR('',#8783,10.);
#2444=VECTOR('',#8786,10.);
#2445=VECTOR('',#8787,10.);
#2446=VECTOR('',#8788,10.);
#2447=VECTOR('',#8789,10.);
#2448=VECTOR('',#8790,10.);
#2449=VECTOR('',#8791,10.);
#2450=VECTOR('',#8792,10.);
#2451=VECTOR('',#8793,10.);
#2452=VECTOR('',#8794,10.);
#2453=VECTOR('',#8795,10.);
#2454=VECTOR('',#8796,10.);
#2455=VECTOR('',#8797,10.);
#2456=VECTOR('',#8800,10.);
#2457=VECTOR('',#8803,10.);
#2458=VECTOR('',#8806,10.);
#2459=VECTOR('',#8807,10.);
#2460=VECTOR('',#8808,10.);
#2461=VECTOR('',#8809,10.);
#2462=VECTOR('',#8810,10.);
#2463=VECTOR('',#8813,10.);
#2464=VECTOR('',#8816,10.);
#2465=VECTOR('',#8819,10.);
#2466=VECTOR('',#8820,10.);
#2467=VECTOR('',#8821,10.);
#2468=VECTOR('',#8822,10.);
#2469=VECTOR('',#8823,10.);
#2470=VECTOR('',#8824,10.);
#2471=VECTOR('',#8825,10.);
#2472=VECTOR('',#8826,10.);
#2473=VECTOR('',#8827,10.);
#2474=VECTOR('',#8828,10.);
#2475=VECTOR('',#8829,10.);
#2476=VECTOR('',#8830,10.);
#2477=VECTOR('',#8833,10.);
#2478=VECTOR('',#8836,10.);
#2479=VECTOR('',#8839,10.);
#2480=VECTOR('',#8840,10.);
#2481=VECTOR('',#8841,10.);
#2482=VECTOR('',#8842,10.);
#2483=VECTOR('',#8843,10.);
#2484=VECTOR('',#8844,10.);
#2485=VECTOR('',#8845,10.);
#2486=VECTOR('',#8846,10.);
#2487=VECTOR('',#8847,10.);
#2488=VECTOR('',#8848,10.);
#2489=VECTOR('',#8851,10.);
#2490=VECTOR('',#8852,10.);
#2491=VECTOR('',#8855,10.);
#2492=VECTOR('',#8858,10.);
#2493=VECTOR('',#8861,10.);
#2494=VECTOR('',#8864,10.);
#2495=VECTOR('',#8867,10.);
#2496=VECTOR('',#8870,10.);
#2497=VECTOR('',#8873,10.);
#2498=VECTOR('',#8876,10.);
#2499=VECTOR('',#8879,10.);
#2500=VECTOR('',#8882,10.);
#2501=VECTOR('',#8885,10.);
#2502=VECTOR('',#8888,10.);
#2503=VECTOR('',#8891,10.);
#2504=VECTOR('',#8894,10.);
#2505=VECTOR('',#8897,10.);
#2506=VECTOR('',#8900,10.);
#2507=VECTOR('',#8903,10.);
#2508=VECTOR('',#8908,10.);
#2509=VECTOR('',#8911,10.);
#2510=VECTOR('',#8914,10.);
#2511=VECTOR('',#8917,10.);
#2512=VECTOR('',#8920,10.);
#2513=VECTOR('',#8923,10.);
#2514=VECTOR('',#8926,10.);
#2515=VECTOR('',#8929,10.);
#2516=VECTOR('',#8932,10.);
#2517=VECTOR('',#8935,10.);
#2518=VECTOR('',#8938,10.);
#2519=VECTOR('',#8941,10.);
#2520=VECTOR('',#8944,10.);
#2521=VECTOR('',#8947,10.);
#2522=VECTOR('',#8950,10.);
#2523=VECTOR('',#8951,10.);
#2524=VECTOR('',#8952,10.);
#2525=VECTOR('',#8955,10.);
#2526=VECTOR('',#8958,10.);
#2527=VECTOR('',#8961,10.);
#2528=VECTOR('',#8964,10.);
#2529=VECTOR('',#8967,10.);
#2530=VECTOR('',#8970,10.);
#2531=VECTOR('',#8973,10.);
#2532=VECTOR('',#8976,10.);
#2533=VECTOR('',#8979,10.);
#2534=VECTOR('',#8982,10.);
#2535=VECTOR('',#8985,10.);
#2536=VECTOR('',#8988,10.);
#2537=VECTOR('',#8991,10.);
#2538=VECTOR('',#8996,10.);
#2539=VECTOR('',#8999,10.);
#2540=VECTOR('',#9002,10.);
#2541=VECTOR('',#9005,10.);
#2542=VECTOR('',#9008,10.);
#2543=VECTOR('',#9011,10.);
#2544=VECTOR('',#9014,10.);
#2545=VECTOR('',#9017,10.);
#2546=VECTOR('',#9020,10.);
#2547=VECTOR('',#9023,10.);
#2548=VECTOR('',#9026,10.);
#2549=VECTOR('',#9029,10.);
#2550=VECTOR('',#9032,10.);
#2551=VECTOR('',#9035,10.);
#2552=VECTOR('',#9038,10.);
#2553=VECTOR('',#9041,10.);
#2554=VECTOR('',#9044,10.);
#2555=VECTOR('',#9047,10.);
#2556=VECTOR('',#9052,10.);
#2557=VECTOR('',#9053,10.);
#2558=VECTOR('',#9056,10.);
#2559=VECTOR('',#9057,10.);
#2560=VECTOR('',#9060,10.);
#2561=VECTOR('',#9063,10.);
#2562=VECTOR('',#9066,10.);
#2563=VECTOR('',#9069,10.);
#2564=VECTOR('',#9072,10.);
#2565=VECTOR('',#9075,10.);
#2566=VECTOR('',#9078,10.);
#2567=VECTOR('',#9081,10.);
#2568=VECTOR('',#9084,10.);
#2569=VECTOR('',#9087,10.);
#2570=VECTOR('',#9090,10.);
#2571=VECTOR('',#9093,10.);
#2572=VECTOR('',#9096,10.);
#2573=VECTOR('',#9101,10.);
#2574=VECTOR('',#9104,10.);
#2575=VECTOR('',#9105,10.);
#2576=VECTOR('',#9108,10.);
#2577=VECTOR('',#9111,10.);
#2578=VECTOR('',#9114,10.);
#2579=VECTOR('',#9117,10.);
#2580=VECTOR('',#9120,10.);
#2581=VECTOR('',#9123,10.);
#2582=VECTOR('',#9126,10.);
#2583=VECTOR('',#9129,10.);
#2584=VECTOR('',#9132,10.);
#2585=VECTOR('',#9135,10.);
#2586=VECTOR('',#9138,10.);
#2587=VECTOR('',#9141,10.);
#2588=VECTOR('',#9144,10.);
#2589=VECTOR('',#9147,10.);
#2590=VECTOR('',#9150,10.);
#2591=VECTOR('',#9155,10.);
#2592=VECTOR('',#9158,10.);
#2593=VECTOR('',#9161,10.);
#2594=VECTOR('',#9164,10.);
#2595=VECTOR('',#9167,10.);
#2596=VECTOR('',#9170,10.);
#2597=VECTOR('',#9173,10.);
#2598=VECTOR('',#9176,10.);
#2599=VECTOR('',#9179,10.);
#2600=VECTOR('',#9182,10.);
#2601=VECTOR('',#9185,10.);
#2602=VECTOR('',#9188,10.);
#2603=VECTOR('',#9191,10.);
#2604=VECTOR('',#9194,10.);
#2605=VECTOR('',#9197,10.);
#2606=VECTOR('',#9200,10.);
#2607=VECTOR('',#9203,10.);
#2608=VECTOR('',#9206,10.);
#2609=VECTOR('',#9209,10.);
#2610=VECTOR('',#9212,10.);
#2611=VECTOR('',#9215,10.);
#2612=VECTOR('',#9218,10.);
#2613=VECTOR('',#9221,10.);
#2614=VECTOR('',#9224,10.);
#2615=VECTOR('',#9227,10.);
#2616=VECTOR('',#9230,10.);
#2617=VECTOR('',#9233,10.);
#2618=VECTOR('',#9236,10.);
#2619=VECTOR('',#9239,10.);
#2620=VECTOR('',#9242,10.);
#2621=VECTOR('',#9245,10.);
#2622=VECTOR('',#9248,10.);
#2623=VECTOR('',#9251,10.);
#2624=VECTOR('',#9258,10.);
#2625=VECTOR('',#9259,10.);
#2626=VECTOR('',#9260,10.);
#2627=VECTOR('',#9261,10.);
#2628=VECTOR('',#9264,10.);
#2629=VECTOR('',#9265,10.);
#2630=VECTOR('',#9266,10.);
#2631=VECTOR('',#9269,10.);
#2632=VECTOR('',#9270,10.);
#2633=VECTOR('',#9271,10.);
#2634=VECTOR('',#9272,10.);
#2635=VECTOR('',#9275,10.);
#2636=VECTOR('',#9276,10.);
#2637=VECTOR('',#9277,10.);
#2638=VECTOR('',#9280,10.);
#2639=VECTOR('',#9281,10.);
#2640=VECTOR('',#9282,10.);
#2641=VECTOR('',#9283,10.);
#2642=VECTOR('',#9286,10.);
#2643=VECTOR('',#9287,10.);
#2644=VECTOR('',#9288,10.);
#2645=VECTOR('',#9291,10.);
#2646=VECTOR('',#9292,10.);
#2647=VECTOR('',#9293,10.);
#2648=VECTOR('',#9294,10.);
#2649=VECTOR('',#9297,10.);
#2650=VECTOR('',#9298,10.);
#2651=VECTOR('',#9301,10.);
#2652=VECTOR('',#9302,10.);
#2653=VECTOR('',#9303,10.);
#2654=VECTOR('',#9304,10.);
#2655=VECTOR('',#9307,10.);
#2656=VECTOR('',#9308,10.);
#2657=VECTOR('',#9309,10.);
#2658=VECTOR('',#9310,10.);
#2659=VECTOR('',#9311,10.);
#2660=VECTOR('',#9312,10.);
#2661=VECTOR('',#9313,10.);
#2662=VECTOR('',#9314,10.);
#2663=VECTOR('',#9317,10.);
#2664=VECTOR('',#9318,10.);
#2665=VECTOR('',#9319,10.);
#2666=VECTOR('',#9322,10.);
#2667=VECTOR('',#9323,10.);
#2668=VECTOR('',#9324,10.);
#2669=VECTOR('',#9325,10.);
#2670=VECTOR('',#9328,10.);
#2671=VECTOR('',#9329,10.);
#2672=VECTOR('',#9330,10.);
#2673=VECTOR('',#9333,10.);
#2674=VECTOR('',#9334,10.);
#2675=VECTOR('',#9335,10.);
#2676=VECTOR('',#9338,10.);
#2677=VECTOR('',#9339,10.);
#2678=VECTOR('',#9340,10.);
#2679=VECTOR('',#9341,10.);
#2680=VECTOR('',#9344,10.);
#2681=VECTOR('',#9345,10.);
#2682=VECTOR('',#9346,10.);
#2683=VECTOR('',#9349,10.);
#2684=VECTOR('',#9350,10.);
#2685=VECTOR('',#9351,10.);
#2686=VECTOR('',#9352,10.);
#2687=VECTOR('',#9355,10.);
#2688=VECTOR('',#9356,10.);
#2689=VECTOR('',#9357,10.);
#2690=VECTOR('',#9360,10.);
#2691=VECTOR('',#9361,10.);
#2692=VECTOR('',#9362,10.);
#2693=VECTOR('',#9363,10.);
#2694=VECTOR('',#9364,10.);
#2695=VECTOR('',#9367,10.);
#2696=VECTOR('',#9368,10.);
#2697=VECTOR('',#9369,10.);
#2698=VECTOR('',#9370,10.);
#2699=VECTOR('',#9371,10.);
#2700=VECTOR('',#9374,10.);
#2701=VECTOR('',#9375,10.);
#2702=VECTOR('',#9378,10.);
#2703=VECTOR('',#9379,10.);
#2704=VECTOR('',#9380,10.);
#2705=VECTOR('',#9381,10.);
#2706=VECTOR('',#9382,10.);
#2707=VECTOR('',#9385,10.);
#2708=VECTOR('',#9386,10.);
#2709=VECTOR('',#9387,10.);
#2710=VECTOR('',#9388,10.);
#2711=VECTOR('',#9391,10.);
#2712=VECTOR('',#9392,10.);
#2713=VECTOR('',#9393,10.);
#2714=VECTOR('',#9396,10.);
#2715=VECTOR('',#9399,10.);
#2716=VECTOR('',#9400,10.);
#2717=VECTOR('',#9403,10.);
#2718=VECTOR('',#9404,10.);
#2719=VECTOR('',#9405,10.);
#2720=VECTOR('',#9406,10.);
#2721=VECTOR('',#9407,10.);
#2722=VECTOR('',#9408,10.);
#2723=VECTOR('',#9409,10.);
#2724=VECTOR('',#9410,10.);
#2725=VECTOR('',#9411,10.);
#2726=VECTOR('',#9412,10.);
#2727=VECTOR('',#9413,10.);
#2728=VECTOR('',#9414,10.);
#2729=VECTOR('',#9415,10.);
#2730=VECTOR('',#9416,10.);
#2731=VECTOR('',#9417,10.);
#2732=VECTOR('',#9418,10.);
#2733=VECTOR('',#9419,10.);
#2734=VECTOR('',#9420,10.);
#2735=VECTOR('',#9421,10.);
#2736=VECTOR('',#9422,10.);
#2737=VECTOR('',#9425,10.);
#2738=VECTOR('',#9428,10.);
#2739=VECTOR('',#9431,10.);
#2740=VECTOR('',#9432,10.);
#2741=VECTOR('',#9433,10.);
#2742=VECTOR('',#9434,10.);
#2743=VECTOR('',#9435,10.);
#2744=VECTOR('',#9436,10.);
#2745=VECTOR('',#9437,10.);
#2746=VECTOR('',#9438,10.);
#2747=VECTOR('',#9439,10.);
#2748=VECTOR('',#9440,10.);
#2749=VECTOR('',#9441,10.);
#2750=VECTOR('',#9442,10.);
#2751=VECTOR('',#9445,10.);
#2752=VECTOR('',#9448,10.);
#2753=VECTOR('',#9451,10.);
#2754=VECTOR('',#9452,10.);
#2755=VECTOR('',#9453,10.);
#2756=VECTOR('',#9454,10.);
#2757=VECTOR('',#9455,10.);
#2758=VECTOR('',#9456,10.);
#2759=VECTOR('',#9457,10.);
#2760=VECTOR('',#9458,10.);
#2761=VECTOR('',#9459,10.);
#2762=VECTOR('',#9460,10.);
#2763=VECTOR('',#9461,10.);
#2764=VECTOR('',#9462,10.);
#2765=VECTOR('',#9465,10.);
#2766=VECTOR('',#9468,10.);
#2767=VECTOR('',#9471,10.);
#2768=VECTOR('',#9472,10.);
#2769=VECTOR('',#9473,10.);
#2770=VECTOR('',#9474,10.);
#2771=VECTOR('',#9475,10.);
#2772=VECTOR('',#9478,10.);
#2773=VECTOR('',#9479,10.);
#2774=VECTOR('',#9480,10.);
#2775=VECTOR('',#9483,10.);
#2776=VECTOR('',#9484,10.);
#2777=VECTOR('',#9485,10.);
#2778=VECTOR('',#9486,10.);
#2779=VECTOR('',#9487,10.);
#2780=VECTOR('',#9488,10.);
#2781=VECTOR('',#9489,10.);
#2782=VECTOR('',#9490,10.);
#2783=VECTOR('',#9491,10.);
#2784=VECTOR('',#9492,10.);
#2785=VECTOR('',#9493,10.);
#2786=VECTOR('',#9494,10.);
#2787=VECTOR('',#9495,10.);
#2788=VECTOR('',#9496,10.);
#2789=VECTOR('',#9497,10.);
#2790=VECTOR('',#9498,10.);
#2791=VECTOR('',#9499,10.);
#2792=VECTOR('',#9500,10.);
#2793=VECTOR('',#9501,10.);
#2794=VECTOR('',#9502,10.);
#2795=VECTOR('',#9503,10.);
#2796=VECTOR('',#9504,10.);
#2797=VECTOR('',#9509,10.);
#2798=VECTOR('',#9510,10.);
#2799=VECTOR('',#9511,10.);
#2800=VECTOR('',#9512,10.);
#2801=VECTOR('',#9513,10.);
#2802=VECTOR('',#9514,10.);
#2803=VECTOR('',#9515,10.);
#2804=VECTOR('',#9516,10.);
#2805=VECTOR('',#9519,10.);
#2806=VECTOR('',#9520,10.);
#2807=VECTOR('',#9523,10.);
#2808=VECTOR('',#9524,10.);
#2809=VECTOR('',#9527,10.);
#2810=VECTOR('',#9528,10.);
#2811=VECTOR('',#9531,10.);
#2812=VECTOR('',#9532,10.);
#2813=VECTOR('',#9535,10.);
#2814=VECTOR('',#9536,10.);
#2815=VECTOR('',#9537,10.);
#2816=VECTOR('',#9538,10.);
#2817=VECTOR('',#9541,10.);
#2818=VECTOR('',#9542,10.);
#2819=VECTOR('',#9543,10.);
#2820=VECTOR('',#9546,10.);
#2821=VECTOR('',#9547,10.);
#2822=VECTOR('',#9548,10.);
#2823=VECTOR('',#9551,10.);
#2824=VECTOR('',#9552,10.);
#2825=VECTOR('',#9555,10.);
#2826=VECTOR('',#9556,10.);
#2827=VECTOR('',#9559,10.);
#2828=VECTOR('',#9562,10.);
#2829=VECTOR('',#9563,10.);
#2830=VECTOR('',#9564,10.);
#2831=VECTOR('',#9565,10.);
#2832=VECTOR('',#9568,10.);
#2833=VECTOR('',#9571,10.);
#2834=VECTOR('',#9574,10.);
#2835=VECTOR('',#9575,10.);
#2836=VECTOR('',#9576,10.);
#2837=VECTOR('',#9577,10.);
#2838=VECTOR('',#9578,10.);
#2839=VECTOR('',#9579,10.);
#2840=VECTOR('',#9580,10.);
#2841=VECTOR('',#9581,10.);
#2842=VECTOR('',#9582,10.);
#2843=VECTOR('',#9583,10.);
#2844=VECTOR('',#9584,10.);
#2845=VECTOR('',#9585,10.);
#2846=VECTOR('',#9588,10.);
#2847=VECTOR('',#9591,10.);
#2848=VECTOR('',#9594,10.);
#2849=VECTOR('',#9595,10.);
#2850=VECTOR('',#9596,10.);
#2851=VECTOR('',#9597,10.);
#2852=VECTOR('',#9598,10.);
#2853=VECTOR('',#9599,10.);
#2854=VECTOR('',#9600,10.);
#2855=VECTOR('',#9601,10.);
#2856=VECTOR('',#9602,10.);
#2857=VECTOR('',#9603,10.);
#2858=VECTOR('',#9604,10.);
#2859=VECTOR('',#9605,10.);
#2860=VECTOR('',#9608,10.);
#2861=VECTOR('',#9611,10.);
#2862=VECTOR('',#9614,10.);
#2863=VECTOR('',#9615,10.);
#2864=VECTOR('',#9616,10.);
#2865=VECTOR('',#9617,10.);
#2866=VECTOR('',#9618,10.);
#2867=VECTOR('',#9619,10.);
#2868=VECTOR('',#9620,10.);
#2869=VECTOR('',#9621,10.);
#2870=VECTOR('',#9622,10.);
#2871=VECTOR('',#9623,10.);
#2872=VECTOR('',#9624,10.);
#2873=VECTOR('',#9625,10.);
#2874=VECTOR('',#9626,10.);
#2875=VECTOR('',#9627,10.);
#2876=VECTOR('',#9628,10.);
#2877=VECTOR('',#9629,10.);
#2878=VECTOR('',#9630,10.);
#2879=VECTOR('',#9631,10.);
#2880=VECTOR('',#9632,10.);
#2881=VECTOR('',#9633,10.);
#2882=VECTOR('',#9636,10.);
#2883=VECTOR('',#9637,10.);
#2884=VECTOR('',#9640,10.);
#2885=VECTOR('',#9643,10.);
#2886=VECTOR('',#9644,10.);
#2887=VECTOR('',#9645,10.);
#2888=VECTOR('',#9646,10.);
#2889=VECTOR('',#9647,10.);
#2890=VECTOR('',#9648,10.);
#2891=VECTOR('',#9649,10.);
#2892=VECTOR('',#9650,10.);
#2893=VECTOR('',#9651,10.);
#2894=VECTOR('',#9652,10.);
#2895=VECTOR('',#9653,10.);
#2896=VECTOR('',#9654,10.);
#2897=VECTOR('',#9655,10.);
#2898=VECTOR('',#9656,10.);
#2899=VECTOR('',#9657,10.);
#2900=VECTOR('',#9658,10.);
#2901=VECTOR('',#9659,10.);
#2902=VECTOR('',#9660,10.);
#2903=VECTOR('',#9661,10.);
#2904=VECTOR('',#9662,10.);
#2905=VECTOR('',#9663,10.);
#2906=VECTOR('',#9664,10.);
#2907=VECTOR('',#9675,10.);
#2908=VECTOR('',#9676,10.);
#2909=VECTOR('',#9683,10.);
#2910=VECTOR('',#9686,10.);
#2911=VECTOR('',#9689,10.);
#2912=VECTOR('',#9690,10.);
#2913=VECTOR('',#9693,10.);
#2914=VECTOR('',#9694,10.);
#2915=VECTOR('',#9697,10.);
#2916=VECTOR('',#9700,2.275);
#2917=VECTOR('',#9705,2.275);
#2918=VECTOR('',#9710,2.275);
#2919=VECTOR('',#9715,2.275);
#2920=VECTOR('',#9718,1.55);
#2921=VECTOR('',#9723,1.55);
#2922=VECTOR('',#9728,1.55);
#2923=VECTOR('',#9733,1.55);
#2924=VECTOR('',#9738,10.);
#2925=VECTOR('',#9739,10.);
#2926=VECTOR('',#9740,10.);
#2927=VECTOR('',#9743,10.);
#2928=VECTOR('',#9748,10.);
#2929=VECTOR('',#9749,10.);
#2930=VECTOR('',#9752,10.);
#2931=VECTOR('',#9753,10.);
#2932=VECTOR('',#9756,10.);
#2933=VECTOR('',#9759,10.);
#2934=VECTOR('',#9762,10.);
#2935=VECTOR('',#9763,10.);
#2936=VECTOR('',#9766,10.);
#2937=VECTOR('',#9771,10.);
#2938=VECTOR('',#9772,10.);
#2939=VECTOR('',#9775,10.);
#2940=VECTOR('',#9780,10.);
#2941=VECTOR('',#9781,10.);
#2942=VECTOR('',#9784,10.);
#2943=VECTOR('',#9785,10.);
#2944=VECTOR('',#9788,10.);
#2945=VECTOR('',#9789,10.);
#2946=VECTOR('',#9792,10.);
#2947=VECTOR('',#9793,10.);
#2948=VECTOR('',#9796,10.);
#2949=VECTOR('',#9797,10.);
#2950=VECTOR('',#9800,10.);
#2951=VECTOR('',#9801,10.);
#2952=VECTOR('',#9804,10.);
#2953=VECTOR('',#9805,10.);
#2954=VECTOR('',#9808,10.);
#2955=VECTOR('',#9809,10.);
#2956=VECTOR('',#9812,10.);
#2957=VECTOR('',#9813,10.);
#2958=VECTOR('',#9816,10.);
#2959=VECTOR('',#9817,10.);
#2960=VECTOR('',#9820,10.);
#2961=VECTOR('',#9821,10.);
#2962=VECTOR('',#9824,10.);
#2963=VECTOR('',#9825,10.);
#2964=VECTOR('',#9828,10.);
#2965=VECTOR('',#9829,10.);
#2966=VECTOR('',#9832,10.);
#2967=VECTOR('',#9833,10.);
#2968=VECTOR('',#9836,10.);
#2969=VECTOR('',#9837,10.);
#2970=VECTOR('',#9840,10.);
#2971=VECTOR('',#9841,10.);
#2972=VECTOR('',#9844,10.);
#2973=VECTOR('',#9845,10.);
#2974=VECTOR('',#9848,10.);
#2975=VECTOR('',#9849,10.);
#2976=VECTOR('',#9852,10.);
#2977=VECTOR('',#9853,10.);
#2978=VECTOR('',#9856,10.);
#2979=VECTOR('',#9857,10.);
#2980=VECTOR('',#9860,10.);
#2981=VECTOR('',#9865,10.);
#2982=VECTOR('',#9866,10.);
#2983=VECTOR('',#9869,10.);
#2984=VECTOR('',#9870,10.);
#2985=VECTOR('',#9873,10.);
#2986=VECTOR('',#9878,10.);
#2987=VECTOR('',#9879,10.);
#2988=VECTOR('',#9882,10.);
#2989=VECTOR('',#9887,10.);
#2990=VECTOR('',#9888,10.);
#2991=VECTOR('',#9889,10.);
#2992=VECTOR('',#9890,10.);
#2993=VECTOR('',#9891,10.);
#2994=VECTOR('',#9892,10.);
#2995=VECTOR('',#9893,10.);
#2996=VECTOR('',#9894,10.);
#2997=VECTOR('',#9895,10.);
#2998=VECTOR('',#9900,10.);
#2999=VECTOR('',#9907,10.);
#3000=VECTOR('',#9918,10.);
#3001=VECTOR('',#9919,10.);
#3002=VECTOR('',#9920,10.);
#3003=VECTOR('',#9923,10.);
#3004=VECTOR('',#9926,10.);
#3005=VECTOR('',#9929,10.);
#3006=VECTOR('',#9934,3.00000000000001);
#3007=VECTOR('',#9937,3.00000000000001);
#3008=VECTOR('',#9942,10.);
#3009=VECTOR('',#9943,10.);
#3010=VECTOR('',#9944,10.);
#3011=VECTOR('',#9945,10.);
#3012=VECTOR('',#9948,10.);
#3013=VECTOR('',#9949,10.);
#3014=VECTOR('',#9950,10.);
#3015=VECTOR('',#9953,10.);
#3016=VECTOR('',#9954,10.);
#3017=VECTOR('',#9955,10.);
#3018=VECTOR('',#9958,10.);
#3019=VECTOR('',#9959,10.);
#3020=VECTOR('',#9960,10.);
#3021=VECTOR('',#9961,10.);
#3022=VECTOR('',#9962,10.);
#3023=VECTOR('',#9965,10.);
#3024=VECTOR('',#9968,10.);
#3025=VECTOR('',#9969,10.);
#3026=VECTOR('',#9972,10.);
#3027=VECTOR('',#9973,10.);
#3028=VECTOR('',#9974,10.);
#3029=VECTOR('',#9975,10.);
#3030=VECTOR('',#9976,10.);
#3031=VECTOR('',#9977,10.);
#3032=VECTOR('',#9978,10.);
#3033=VECTOR('',#9979,10.);
#3034=VECTOR('',#9980,10.);
#3035=VECTOR('',#9981,10.);
#3036=VECTOR('',#9982,10.);
#3037=VECTOR('',#9983,10.);
#3038=VECTOR('',#9984,10.);
#3039=VECTOR('',#9985,10.);
#3040=VECTOR('',#9986,10.);
#3041=VECTOR('',#9987,10.);
#3042=VECTOR('',#9988,10.);
#3043=VECTOR('',#9989,10.);
#3044=VECTOR('',#9990,10.);
#3045=VECTOR('',#9991,10.);
#3046=VECTOR('',#9994,10.);
#3047=VECTOR('',#9997,10.);
#3048=VECTOR('',#10000,10.);
#3049=VECTOR('',#10001,10.);
#3050=VECTOR('',#10002,10.);
#3051=VECTOR('',#10005,10.);
#3052=VECTOR('',#10006,10.);
#3053=VECTOR('',#10007,10.);
#3054=VECTOR('',#10008,10.);
#3055=VECTOR('',#10009,10.);
#3056=VECTOR('',#10010,10.);
#3057=VECTOR('',#10011,10.);
#3058=VECTOR('',#10012,10.);
#3059=VECTOR('',#10013,10.);
#3060=VECTOR('',#10014,10.);
#3061=VECTOR('',#10017,10.);
#3062=VECTOR('',#10020,10.);
#3063=VECTOR('',#10023,10.);
#3064=VECTOR('',#10024,10.);
#3065=VECTOR('',#10025,10.);
#3066=VECTOR('',#10026,10.);
#3067=VECTOR('',#10027,10.);
#3068=VECTOR('',#10028,10.);
#3069=VECTOR('',#10029,10.);
#3070=VECTOR('',#10030,10.);
#3071=VECTOR('',#10031,10.);
#3072=VECTOR('',#10032,10.);
#3073=VECTOR('',#10033,10.);
#3074=VECTOR('',#10034,10.);
#3075=VECTOR('',#10037,10.);
#3076=VECTOR('',#10040,10.);
#3077=VECTOR('',#10043,10.);
#3078=VECTOR('',#10044,10.);
#3079=VECTOR('',#10045,10.);
#3080=VECTOR('',#10046,10.);
#3081=VECTOR('',#10047,10.);
#3082=VECTOR('',#10048,10.);
#3083=VECTOR('',#10051,10.);
#3084=VECTOR('',#10054,10.);
#3085=VECTOR('',#10057,10.);
#3086=VECTOR('',#10058,10.);
#3087=VECTOR('',#10059,10.);
#3088=VECTOR('',#10060,10.);
#3089=VECTOR('',#10061,10.);
#3090=VECTOR('',#10062,10.);
#3091=VECTOR('',#10063,10.);
#3092=VECTOR('',#10064,10.);
#3093=VECTOR('',#10065,10.);
#3094=VECTOR('',#10066,10.);
#3095=VECTOR('',#10067,10.);
#3096=VECTOR('',#10068,10.);
#3097=VECTOR('',#10071,10.);
#3098=VECTOR('',#10074,10.);
#3099=VECTOR('',#10077,10.);
#3100=VECTOR('',#10078,10.);
#3101=VECTOR('',#10079,10.);
#3102=VECTOR('',#10080,10.);
#3103=VECTOR('',#10081,10.);
#3104=VECTOR('',#10082,10.);
#3105=VECTOR('',#10083,10.);
#3106=VECTOR('',#10084,10.);
#3107=VECTOR('',#10085,10.);
#3108=VECTOR('',#10086,10.);
#3109=VECTOR('',#10089,10.);
#3110=VECTOR('',#10092,10.);
#3111=VECTOR('',#10095,10.);
#3112=VECTOR('',#10098,10.);
#3113=VECTOR('',#10101,10.);
#3114=VECTOR('',#10104,10.);
#3115=VECTOR('',#10107,10.);
#3116=VECTOR('',#10114,10.);
#3117=VECTOR('',#10117,10.);
#3118=VECTOR('',#10118,10.);
#3119=VECTOR('',#10127,10.);
#3120=VECTOR('',#10130,10.);
#3121=VECTOR('',#10131,10.);
#3122=VECTOR('',#10132,10.);
#3123=VECTOR('',#10133,10.);
#3124=VECTOR('',#10134,10.);
#3125=VECTOR('',#10135,10.);
#3126=VECTOR('',#10138,10.);
#3127=VECTOR('',#10141,10.);
#3128=VECTOR('',#10148,10.);
#3129=VECTOR('',#10151,10.);
#3130=VECTOR('',#10154,10.);
#3131=VECTOR('',#10157,10.);
#3132=VECTOR('',#10160,10.);
#3133=VECTOR('',#10163,10.);
#3134=VECTOR('',#10166,10.);
#3135=VECTOR('',#10169,10.);
#3136=VECTOR('',#10172,10.);
#3137=VECTOR('',#10175,10.);
#3138=VECTOR('',#10178,10.);
#3139=VECTOR('',#10181,10.);
#3140=VECTOR('',#10184,10.);
#3141=VECTOR('',#10187,10.);
#3142=VECTOR('',#10190,10.);
#3143=VECTOR('',#10193,10.);
#3144=VECTOR('',#10196,10.);
#3145=VECTOR('',#10199,10.);
#3146=VECTOR('',#10202,10.);
#3147=VECTOR('',#10205,10.);
#3148=VECTOR('',#10208,10.);
#3149=VECTOR('',#10211,10.);
#3150=VECTOR('',#10214,10.);
#3151=VECTOR('',#10217,10.);
#3152=VECTOR('',#10220,10.);
#3153=VECTOR('',#10223,10.);
#3154=VECTOR('',#10226,10.);
#3155=VECTOR('',#10229,10.);
#3156=VECTOR('',#10232,10.);
#3157=VECTOR('',#10235,10.);
#3158=VECTOR('',#10238,10.);
#3159=VECTOR('',#10241,10.);
#3160=VECTOR('',#10244,10.);
#3161=VECTOR('',#10247,10.);
#3162=VECTOR('',#10250,10.);
#3163=VECTOR('',#10255,10.);
#3164=VECTOR('',#10256,10.);
#3165=VECTOR('',#10259,10.);
#3166=VECTOR('',#10262,10.);
#3167=VECTOR('',#10265,10.);
#3168=VECTOR('',#10268,10.);
#3169=VECTOR('',#10271,10.);
#3170=VECTOR('',#10274,10.);
#3171=VECTOR('',#10277,10.);
#3172=VECTOR('',#10280,10.);
#3173=VECTOR('',#10283,10.);
#3174=VECTOR('',#10286,10.);
#3175=VECTOR('',#10289,10.);
#3176=VECTOR('',#10292,10.);
#3177=VECTOR('',#10295,10.);
#3178=VECTOR('',#10298,10.);
#3179=VECTOR('',#10301,10.);
#3180=VECTOR('',#10304,10.);
#3181=VECTOR('',#10307,10.);
#3182=VECTOR('',#10310,10.);
#3183=VECTOR('',#10313,10.);
#3184=VECTOR('',#10316,10.);
#3185=VECTOR('',#10319,10.);
#3186=VECTOR('',#10322,10.);
#3187=VECTOR('',#10325,10.);
#3188=VECTOR('',#10328,10.);
#3189=VECTOR('',#10331,10.);
#3190=VECTOR('',#10334,10.);
#3191=VECTOR('',#10337,10.);
#3192=VECTOR('',#10340,10.);
#3193=VECTOR('',#10343,10.);
#3194=VECTOR('',#10346,10.);
#3195=VECTOR('',#10349,10.);
#3196=VECTOR('',#10352,10.);
#3197=VECTOR('',#10355,10.);
#3198=VECTOR('',#10358,10.);
#3199=VECTOR('',#10361,10.);
#3200=VECTOR('',#10364,10.);
#3201=VECTOR('',#10367,10.);
#3202=VECTOR('',#10370,10.);
#3203=VECTOR('',#10373,10.);
#3204=VECTOR('',#10376,10.);
#3205=VECTOR('',#10379,10.);
#3206=VECTOR('',#10382,10.);
#3207=VECTOR('',#10385,10.);
#3208=VECTOR('',#10388,10.);
#3209=VECTOR('',#10391,10.);
#3210=VECTOR('',#10394,10.);
#3211=VECTOR('',#10399,10.);
#3212=VECTOR('',#10402,10.);
#3213=VECTOR('',#10405,10.);
#3214=VECTOR('',#10408,10.);
#3215=VECTOR('',#10411,10.);
#3216=VECTOR('',#10414,10.);
#3217=VECTOR('',#10417,10.);
#3218=VECTOR('',#10420,10.);
#3219=VECTOR('',#10423,10.);
#3220=VECTOR('',#10426,10.);
#3221=VECTOR('',#10429,10.);
#3222=VECTOR('',#10432,10.);
#3223=VECTOR('',#10435,10.);
#3224=VECTOR('',#10438,10.);
#3225=VECTOR('',#10441,10.);
#3226=VECTOR('',#10444,10.);
#3227=VECTOR('',#10447,10.);
#3228=VECTOR('',#10450,10.);
#3229=CIRCLE('',#7912,1.82999999999999);
#3230=CIRCLE('',#7913,1.43);
#3231=CIRCLE('',#7915,5.71797404253126);
#3232=CIRCLE('',#7916,4.66955369804604);
#3233=CIRCLE('',#7917,4.22890766826296);
#3234=CIRCLE('',#7918,5.71797404250961);
#3235=CIRCLE('',#7919,4.66955369803703);
#3236=CIRCLE('',#7920,4.22890766823574);
#3237=CIRCLE('',#7921,4.22906488349262);
#3238=CIRCLE('',#7922,5.22833572431163);
#3239=CIRCLE('',#7923,6.61621469825639);
#3240=CIRCLE('',#7924,5.71797404251021);
#3241=CIRCLE('',#7925,4.66955369806262);
#3242=CIRCLE('',#7926,4.22890766827452);
#3243=CIRCLE('',#7927,1.82999999999999);
#3244=CIRCLE('',#7928,1.82999999999999);
#3245=CIRCLE('',#7929,1.82999999999999);
#3246=CIRCLE('',#7931,1.43);
#3247=CIRCLE('',#7933,1.43);
#3248=CIRCLE('',#7935,1.43);
#3249=CIRCLE('',#7937,1.43);
#3250=CIRCLE('',#7939,1.43);
#3251=CIRCLE('',#7941,1.43);
#3252=CIRCLE('',#7943,1.43);
#3253=CIRCLE('',#7945,5.72890766823573);
#3254=CIRCLE('',#7946,6.16955369803703);
#3255=CIRCLE('',#7947,7.21797404250961);
#3256=CIRCLE('',#7948,5.72890766826296);
#3257=CIRCLE('',#7949,6.16955369804604);
#3258=CIRCLE('',#7950,7.21797404253125);
#3259=CIRCLE('',#7951,5.72890766827452);
#3260=CIRCLE('',#7952,6.16955369806263);
#3261=CIRCLE('',#7953,7.21797404251021);
#3262=CIRCLE('',#7954,8.11621482150102);
#3263=CIRCLE('',#7955,6.72833572431164);
#3264=CIRCLE('',#7956,5.72906488349262);
#3265=CIRCLE('',#7962,7.21797404250961);
#3266=CIRCLE('',#7963,6.16955369803703);
#3267=CIRCLE('',#7964,5.72890766823573);
#3268=CIRCLE('',#7965,5.72906488349262);
#3269=CIRCLE('',#7966,6.72833572431164);
#3270=CIRCLE('',#7967,8.11621482150102);
#3271=CIRCLE('',#7968,6.61621469825639);
#3272=CIRCLE('',#7969,5.22833572431163);
#3273=CIRCLE('',#7970,4.22906488349262);
#3274=CIRCLE('',#7971,4.22890766823574);
#3275=CIRCLE('',#7972,4.66955369803703);
#3276=CIRCLE('',#7973,5.71797404250961);
#3277=CIRCLE('',#7979,4.22890766826296);
#3278=CIRCLE('',#7980,4.66955369804604);
#3279=CIRCLE('',#7981,5.71797404253126);
#3280=CIRCLE('',#7982,4.22890766827452);
#3281=CIRCLE('',#7983,4.66955369806262);
#3282=CIRCLE('',#7984,5.71797404251021);
#3283=CIRCLE('',#7985,7.21797404251021);
#3284=CIRCLE('',#7986,6.16955369806263);
#3285=CIRCLE('',#7987,5.72890766827452);
#3286=CIRCLE('',#7988,7.21797404253125);
#3287=CIRCLE('',#7989,6.16955369804604);
#3288=CIRCLE('',#7990,5.72890766826296);
#3289=CIRCLE('',#8151,6.61621469825638);
#3290=CIRCLE('',#8152,5.22833572431163);
#3291=CIRCLE('',#8153,4.22906488349263);
#3292=CIRCLE('',#8154,4.22890766823574);
#3293=CIRCLE('',#8155,4.66955369803702);
#3294=CIRCLE('',#8156,5.7179740425096);
#3295=CIRCLE('',#8157,4.22890766826296);
#3296=CIRCLE('',#8158,4.66955369804604);
#3297=CIRCLE('',#8159,5.71797404253127);
#3298=CIRCLE('',#8160,4.22890766827452);
#3299=CIRCLE('',#8161,4.66955369806261);
#3300=CIRCLE('',#8162,5.7179740425102);
#3301=CIRCLE('',#8163,2.96110299999999);
#3302=CIRCLE('',#8164,2.99999999999997);
#3303=CIRCLE('',#8165,3.00000000000001);
#3304=CIRCLE('',#8166,3.00000000000001);
#3305=CIRCLE('',#8178,7.2179740425102);
#3306=CIRCLE('',#8179,6.16955369806262);
#3307=CIRCLE('',#8180,5.72890766827451);
#3308=CIRCLE('',#8181,7.21797404253127);
#3309=CIRCLE('',#8182,6.16955369804603);
#3310=CIRCLE('',#8183,5.72890766826297);
#3311=CIRCLE('',#8184,7.21797404250963);
#3312=CIRCLE('',#8185,6.16955369803704);
#3313=CIRCLE('',#8186,5.72890766823574);
#3314=CIRCLE('',#8187,5.72906488349263);
#3315=CIRCLE('',#8188,6.72833572431163);
#3316=CIRCLE('',#8189,8.11621468802286);
#3317=CIRCLE('',#8190,3.05);
#3318=CIRCLE('',#8191,3.05);
#3319=CIRCLE('',#8192,3.05);
#3320=CIRCLE('',#8193,3.05);
#3321=CIRCLE('',#8203,1.55);
#3322=CIRCLE('',#8205,1.55);
#3323=CIRCLE('',#8207,1.55);
#3324=CIRCLE('',#8210,1.55);
#3325=CIRCLE('',#8212,1.55);
#3326=CIRCLE('',#8214,1.55);
#3327=CIRCLE('',#8216,1.55);
#3328=CIRCLE('',#8219,2.99999999999997);
#3329=CIRCLE('',#8223,5.7179740425096);
#3330=CIRCLE('',#8226,4.66955369803702);
#3331=CIRCLE('',#8229,4.22890766823574);
#3332=CIRCLE('',#8251,4.22906488349263);
#3333=CIRCLE('',#8255,5.22833572431163);
#3334=CIRCLE('',#8258,6.61621469825638);
#3335=CIRCLE('',#8261,2.96110299999999);
#3336=CIRCLE('',#8263,3.00000000000001);
#3337=CIRCLE('',#8266,3.00000000000001);
#3338=CIRCLE('',#8281,8.11621468802286);
#3339=CIRCLE('',#8282,6.72833572431163);
#3340=CIRCLE('',#8283,5.72906488349263);
#3341=CIRCLE('',#8284,5.72890766823574);
#3342=CIRCLE('',#8285,6.16955369803704);
#3343=CIRCLE('',#8286,7.21797404250963);
#3344=CIRCLE('',#8288,5.72890766826297);
#3345=CIRCLE('',#8289,6.16955369804603);
#3346=CIRCLE('',#8290,7.21797404253127);
#3347=CIRCLE('',#8291,5.72890766827451);
#3348=CIRCLE('',#8292,6.16955369806262);
#3349=CIRCLE('',#8293,7.2179740425102);
#3350=CIRCLE('',#8294,5.7179740425102);
#3351=CIRCLE('',#8295,4.66955369806261);
#3352=CIRCLE('',#8296,4.22890766827452);
#3353=CIRCLE('',#8297,5.71797404253127);
#3354=CIRCLE('',#8298,4.66955369804604);
#3355=CIRCLE('',#8299,4.22890766826296);
#3356=VERTEX_POINT('',#10460);
#3357=VERTEX_POINT('',#10462);
#3358=VERTEX_POINT('',#10466);
#3359=VERTEX_POINT('',#10467);
#3360=VERTEX_POINT('',#10469);
#3361=VERTEX_POINT('',#10471);
#3362=VERTEX_POINT('',#10473);
#3363=VERTEX_POINT('',#10475);
#3364=VERTEX_POINT('',#10477);
#3365=VERTEX_POINT('',#10479);
#3366=VERTEX_POINT('',#10481);
#3367=VERTEX_POINT('',#10483);
#3368=VERTEX_POINT('',#10485);
#3369=VERTEX_POINT('',#10487);
#3370=VERTEX_POINT('',#10489);
#3371=VERTEX_POINT('',#10491);
#3372=VERTEX_POINT('',#10493);
#3373=VERTEX_POINT('',#10495);
#3374=VERTEX_POINT('',#10497);
#3375=VERTEX_POINT('',#10499);
#3376=VERTEX_POINT('',#10501);
#3377=VERTEX_POINT('',#10503);
#3378=VERTEX_POINT('',#10505);
#3379=VERTEX_POINT('',#10507);
#3380=VERTEX_POINT('',#10509);
#3381=VERTEX_POINT('',#10511);
#3382=VERTEX_POINT('',#10513);
#3383=VERTEX_POINT('',#10515);
#3384=VERTEX_POINT('',#10517);
#3385=VERTEX_POINT('',#10519);
#3386=VERTEX_POINT('',#10521);
#3387=VERTEX_POINT('',#10523);
#3388=VERTEX_POINT('',#10525);
#3389=VERTEX_POINT('',#10527);
#3390=VERTEX_POINT('',#10529);
#3391=VERTEX_POINT('',#10531);
#3392=VERTEX_POINT('',#10533);
#3393=VERTEX_POINT('',#10535);
#3394=VERTEX_POINT('',#10537);
#3395=VERTEX_POINT('',#10539);
#3396=VERTEX_POINT('',#10541);
#3397=VERTEX_POINT('',#10543);
#3398=VERTEX_POINT('',#10545);
#3399=VERTEX_POINT('',#10547);
#3400=VERTEX_POINT('',#10549);
#3401=VERTEX_POINT('',#10551);
#3402=VERTEX_POINT('',#10553);
#3403=VERTEX_POINT('',#10555);
#3404=VERTEX_POINT('',#10557);
#3405=VERTEX_POINT('',#10559);
#3406=VERTEX_POINT('',#10561);
#3407=VERTEX_POINT('',#10563);
#3408=VERTEX_POINT('',#10565);
#3409=VERTEX_POINT('',#10567);
#3410=VERTEX_POINT('',#10569);
#3411=VERTEX_POINT('',#10571);
#3412=VERTEX_POINT('',#10573);
#3413=VERTEX_POINT('',#10575);
#3414=VERTEX_POINT('',#10577);
#3415=VERTEX_POINT('',#10579);
#3416=VERTEX_POINT('',#10581);
#3417=VERTEX_POINT('',#10583);
#3418=VERTEX_POINT('',#10585);
#3419=VERTEX_POINT('',#10587);
#3420=VERTEX_POINT('',#10589);
#3421=VERTEX_POINT('',#10591);
#3422=VERTEX_POINT('',#10593);
#3423=VERTEX_POINT('',#10595);
#3424=VERTEX_POINT('',#10597);
#3425=VERTEX_POINT('',#10599);
#3426=VERTEX_POINT('',#10602);
#3427=VERTEX_POINT('',#10604);
#3428=VERTEX_POINT('',#10606);
#3429=VERTEX_POINT('',#10609);
#3430=VERTEX_POINT('',#10613);
#3431=VERTEX_POINT('',#10617);
#3432=VERTEX_POINT('',#10621);
#3433=VERTEX_POINT('',#10625);
#3434=VERTEX_POINT('',#10629);
#3435=VERTEX_POINT('',#10633);
#3436=VERTEX_POINT('',#10637);
#3437=VERTEX_POINT('',#10638);
#3438=VERTEX_POINT('',#10640);
#3439=VERTEX_POINT('',#10642);
#3440=VERTEX_POINT('',#10644);
#3441=VERTEX_POINT('',#10646);
#3442=VERTEX_POINT('',#10648);
#3443=VERTEX_POINT('',#10650);
#3444=VERTEX_POINT('',#10652);
#3445=VERTEX_POINT('',#10654);
#3446=VERTEX_POINT('',#10656);
#3447=VERTEX_POINT('',#10658);
#3448=VERTEX_POINT('',#10660);
#3449=VERTEX_POINT('',#10662);
#3450=VERTEX_POINT('',#10664);
#3451=VERTEX_POINT('',#10666);
#3452=VERTEX_POINT('',#10668);
#3453=VERTEX_POINT('',#10670);
#3454=VERTEX_POINT('',#10672);
#3455=VERTEX_POINT('',#10674);
#3456=VERTEX_POINT('',#10676);
#3457=VERTEX_POINT('',#10678);
#3458=VERTEX_POINT('',#10680);
#3459=VERTEX_POINT('',#10682);
#3460=VERTEX_POINT('',#10684);
#3461=VERTEX_POINT('',#10686);
#3462=VERTEX_POINT('',#10688);
#3463=VERTEX_POINT('',#10690);
#3464=VERTEX_POINT('',#10692);
#3465=VERTEX_POINT('',#10694);
#3466=VERTEX_POINT('',#10696);
#3467=VERTEX_POINT('',#10698);
#3468=VERTEX_POINT('',#10700);
#3469=VERTEX_POINT('',#10702);
#3470=VERTEX_POINT('',#10704);
#3471=VERTEX_POINT('',#10706);
#3472=VERTEX_POINT('',#10708);
#3473=VERTEX_POINT('',#10710);
#3474=VERTEX_POINT('',#10712);
#3475=VERTEX_POINT('',#10714);
#3476=VERTEX_POINT('',#10716);
#3477=VERTEX_POINT('',#10718);
#3478=VERTEX_POINT('',#10720);
#3479=VERTEX_POINT('',#10722);
#3480=VERTEX_POINT('',#10724);
#3481=VERTEX_POINT('',#10726);
#3482=VERTEX_POINT('',#10728);
#3483=VERTEX_POINT('',#10730);
#3484=VERTEX_POINT('',#10732);
#3485=VERTEX_POINT('',#10734);
#3486=VERTEX_POINT('',#10736);
#3487=VERTEX_POINT('',#10738);
#3488=VERTEX_POINT('',#10740);
#3489=VERTEX_POINT('',#10742);
#3490=VERTEX_POINT('',#10744);
#3491=VERTEX_POINT('',#10746);
#3492=VERTEX_POINT('',#10748);
#3493=VERTEX_POINT('',#10750);
#3494=VERTEX_POINT('',#10752);
#3495=VERTEX_POINT('',#10754);
#3496=VERTEX_POINT('',#10756);
#3497=VERTEX_POINT('',#10758);
#3498=VERTEX_POINT('',#10760);
#3499=VERTEX_POINT('',#10762);
#3500=VERTEX_POINT('',#10764);
#3501=VERTEX_POINT('',#10766);
#3502=VERTEX_POINT('',#10768);
#3503=VERTEX_POINT('',#10770);
#3504=VERTEX_POINT('',#10774);
#3505=VERTEX_POINT('',#10775);
#3506=VERTEX_POINT('',#10777);
#3507=VERTEX_POINT('',#10779);
#3508=VERTEX_POINT('',#10783);
#3509=VERTEX_POINT('',#10784);
#3510=VERTEX_POINT('',#10786);
#3511=VERTEX_POINT('',#10788);
#3512=VERTEX_POINT('',#10795);
#3513=VERTEX_POINT('',#10798);
#3514=VERTEX_POINT('',#10802);
#3515=VERTEX_POINT('',#10804);
#3516=VERTEX_POINT('',#10806);
#3517=VERTEX_POINT('',#10808);
#3518=VERTEX_POINT('',#10810);
#3519=VERTEX_POINT('',#10812);
#3520=VERTEX_POINT('',#10814);
#3521=VERTEX_POINT('',#10816);
#3522=VERTEX_POINT('',#10818);
#3523=VERTEX_POINT('',#10820);
#3524=VERTEX_POINT('',#10822);
#3525=VERTEX_POINT('',#10824);
#3526=VERTEX_POINT('',#10826);
#3527=VERTEX_POINT('',#10828);
#3528=VERTEX_POINT('',#10830);
#3529=VERTEX_POINT('',#10832);
#3530=VERTEX_POINT('',#10834);
#3531=VERTEX_POINT('',#10836);
#3532=VERTEX_POINT('',#10838);
#3533=VERTEX_POINT('',#10840);
#3534=VERTEX_POINT('',#10842);
#3535=VERTEX_POINT('',#10844);
#3536=VERTEX_POINT('',#10846);
#3537=VERTEX_POINT('',#10848);
#3538=VERTEX_POINT('',#10850);
#3539=VERTEX_POINT('',#10852);
#3540=VERTEX_POINT('',#10854);
#3541=VERTEX_POINT('',#10856);
#3542=VERTEX_POINT('',#10858);
#3543=VERTEX_POINT('',#10860);
#3544=VERTEX_POINT('',#10862);
#3545=VERTEX_POINT('',#10864);
#3546=VERTEX_POINT('',#10866);
#3547=VERTEX_POINT('',#10868);
#3548=VERTEX_POINT('',#10870);
#3549=VERTEX_POINT('',#10872);
#3550=VERTEX_POINT('',#10874);
#3551=VERTEX_POINT('',#10876);
#3552=VERTEX_POINT('',#10878);
#3553=VERTEX_POINT('',#10880);
#3554=VERTEX_POINT('',#10882);
#3555=VERTEX_POINT('',#10884);
#3556=VERTEX_POINT('',#10886);
#3557=VERTEX_POINT('',#10888);
#3558=VERTEX_POINT('',#10890);
#3559=VERTEX_POINT('',#10892);
#3560=VERTEX_POINT('',#10894);
#3561=VERTEX_POINT('',#10896);
#3562=VERTEX_POINT('',#10898);
#3563=VERTEX_POINT('',#10900);
#3564=VERTEX_POINT('',#10902);
#3565=VERTEX_POINT('',#10904);
#3566=VERTEX_POINT('',#10906);
#3567=VERTEX_POINT('',#10908);
#3568=VERTEX_POINT('',#10910);
#3569=VERTEX_POINT('',#10912);
#3570=VERTEX_POINT('',#10914);
#3571=VERTEX_POINT('',#10916);
#3572=VERTEX_POINT('',#10918);
#3573=VERTEX_POINT('',#10920);
#3574=VERTEX_POINT('',#10922);
#3575=VERTEX_POINT('',#10924);
#3576=VERTEX_POINT('',#10926);
#3577=VERTEX_POINT('',#10928);
#3578=VERTEX_POINT('',#10930);
#3579=VERTEX_POINT('',#10932);
#3580=VERTEX_POINT('',#10934);
#3581=VERTEX_POINT('',#10936);
#3582=VERTEX_POINT('',#10938);
#3583=VERTEX_POINT('',#10942);
#3584=VERTEX_POINT('',#10944);
#3585=VERTEX_POINT('',#10948);
#3586=VERTEX_POINT('',#10950);
#3587=VERTEX_POINT('',#10952);
#3588=VERTEX_POINT('',#10957);
#3589=VERTEX_POINT('',#10959);
#3590=VERTEX_POINT('',#10965);
#3591=VERTEX_POINT('',#10967);
#3592=VERTEX_POINT('',#10969);
#3593=VERTEX_POINT('',#10971);
#3594=VERTEX_POINT('',#10973);
#3595=VERTEX_POINT('',#10975);
#3596=VERTEX_POINT('',#10977);
#3597=VERTEX_POINT('',#10979);
#3598=VERTEX_POINT('',#10981);
#3599=VERTEX_POINT('',#10983);
#3600=VERTEX_POINT('',#10985);
#3601=VERTEX_POINT('',#10987);
#3602=VERTEX_POINT('',#10989);
#3603=VERTEX_POINT('',#10991);
#3604=VERTEX_POINT('',#10993);
#3605=VERTEX_POINT('',#10995);
#3606=VERTEX_POINT('',#10997);
#3607=VERTEX_POINT('',#10999);
#3608=VERTEX_POINT('',#11001);
#3609=VERTEX_POINT('',#11003);
#3610=VERTEX_POINT('',#11005);
#3611=VERTEX_POINT('',#11007);
#3612=VERTEX_POINT('',#11009);
#3613=VERTEX_POINT('',#11011);
#3614=VERTEX_POINT('',#11013);
#3615=VERTEX_POINT('',#11015);
#3616=VERTEX_POINT('',#11017);
#3617=VERTEX_POINT('',#11019);
#3618=VERTEX_POINT('',#11021);
#3619=VERTEX_POINT('',#11023);
#3620=VERTEX_POINT('',#11025);
#3621=VERTEX_POINT('',#11027);
#3622=VERTEX_POINT('',#11030);
#3623=VERTEX_POINT('',#11032);
#3624=VERTEX_POINT('',#11034);
#3625=VERTEX_POINT('',#11036);
#3626=VERTEX_POINT('',#11038);
#3627=VERTEX_POINT('',#11040);
#3628=VERTEX_POINT('',#11042);
#3629=VERTEX_POINT('',#11044);
#3630=VERTEX_POINT('',#11046);
#3631=VERTEX_POINT('',#11048);
#3632=VERTEX_POINT('',#11050);
#3633=VERTEX_POINT('',#11052);
#3634=VERTEX_POINT('',#11054);
#3635=VERTEX_POINT('',#11056);
#3636=VERTEX_POINT('',#11058);
#3637=VERTEX_POINT('',#11060);
#3638=VERTEX_POINT('',#11062);
#3639=VERTEX_POINT('',#11064);
#3640=VERTEX_POINT('',#11066);
#3641=VERTEX_POINT('',#11068);
#3642=VERTEX_POINT('',#11070);
#3643=VERTEX_POINT('',#11072);
#3644=VERTEX_POINT('',#11074);
#3645=VERTEX_POINT('',#11076);
#3646=VERTEX_POINT('',#11078);
#3647=VERTEX_POINT('',#11080);
#3648=VERTEX_POINT('',#11082);
#3649=VERTEX_POINT('',#11084);
#3650=VERTEX_POINT('',#11086);
#3651=VERTEX_POINT('',#11088);
#3652=VERTEX_POINT('',#11090);
#3653=VERTEX_POINT('',#11092);
#3654=VERTEX_POINT('',#11094);
#3655=VERTEX_POINT('',#11096);
#3656=VERTEX_POINT('',#11166);
#3657=VERTEX_POINT('',#11168);
#3658=VERTEX_POINT('',#11373);
#3659=VERTEX_POINT('',#11374);
#3660=VERTEX_POINT('',#11376);
#3661=VERTEX_POINT('',#11378);
#3662=VERTEX_POINT('',#11382);
#3663=VERTEX_POINT('',#11384);
#3664=VERTEX_POINT('',#11388);
#3665=VERTEX_POINT('',#11389);
#3666=VERTEX_POINT('',#11391);
#3667=VERTEX_POINT('',#11393);
#3668=VERTEX_POINT('',#11397);
#3669=VERTEX_POINT('',#11399);
#3670=VERTEX_POINT('',#11403);
#3671=VERTEX_POINT('',#11404);
#3672=VERTEX_POINT('',#11406);
#3673=VERTEX_POINT('',#11408);
#3674=VERTEX_POINT('',#11412);
#3675=VERTEX_POINT('',#11414);
#3676=VERTEX_POINT('',#11418);
#3677=VERTEX_POINT('',#11419);
#3678=VERTEX_POINT('',#11421);
#3679=VERTEX_POINT('',#11423);
#3680=VERTEX_POINT('',#11430);
#3681=VERTEX_POINT('',#11431);
#3682=VERTEX_POINT('',#11433);
#3683=VERTEX_POINT('',#11435);
#3684=VERTEX_POINT('',#11439);
#3685=VERTEX_POINT('',#11440);
#3686=VERTEX_POINT('',#11442);
#3687=VERTEX_POINT('',#11444);
#3688=VERTEX_POINT('',#11446);
#3689=VERTEX_POINT('',#11448);
#3690=VERTEX_POINT('',#11450);
#3691=VERTEX_POINT('',#11452);
#3692=VERTEX_POINT('',#11456);
#3693=VERTEX_POINT('',#11458);
#3694=VERTEX_POINT('',#11462);
#3695=VERTEX_POINT('',#11463);
#3696=VERTEX_POINT('',#11465);
#3697=VERTEX_POINT('',#11467);
#3698=VERTEX_POINT('',#11471);
#3699=VERTEX_POINT('',#11473);
#3700=VERTEX_POINT('',#11477);
#3701=VERTEX_POINT('',#11479);
#3702=VERTEX_POINT('',#11483);
#3703=VERTEX_POINT('',#11484);
#3704=VERTEX_POINT('',#11486);
#3705=VERTEX_POINT('',#11488);
#3706=VERTEX_POINT('',#11492);
#3707=VERTEX_POINT('',#11494);
#3708=VERTEX_POINT('',#11498);
#3709=VERTEX_POINT('',#11499);
#3710=VERTEX_POINT('',#11501);
#3711=VERTEX_POINT('',#11503);
#3712=VERTEX_POINT('',#11507);
#3713=VERTEX_POINT('',#11509);
#3714=VERTEX_POINT('',#11513);
#3715=VERTEX_POINT('',#11515);
#3716=VERTEX_POINT('',#11517);
#3717=VERTEX_POINT('',#11519);
#3718=VERTEX_POINT('',#11523);
#3719=VERTEX_POINT('',#11525);
#3720=VERTEX_POINT('',#11527);
#3721=VERTEX_POINT('',#11529);
#3722=VERTEX_POINT('',#11536);
#3723=VERTEX_POINT('',#11538);
#3724=VERTEX_POINT('',#11540);
#3725=VERTEX_POINT('',#11542);
#3726=VERTEX_POINT('',#11546);
#3727=VERTEX_POINT('',#11547);
#3728=VERTEX_POINT('',#11549);
#3729=VERTEX_POINT('',#11551);
#3730=VERTEX_POINT('',#11555);
#3731=VERTEX_POINT('',#11557);
#3732=VERTEX_POINT('',#11559);
#3733=VERTEX_POINT('',#11561);
#3734=VERTEX_POINT('',#11563);
#3735=VERTEX_POINT('',#11565);
#3736=VERTEX_POINT('',#11567);
#3737=VERTEX_POINT('',#11569);
#3738=VERTEX_POINT('',#11571);
#3739=VERTEX_POINT('',#11573);
#3740=VERTEX_POINT('',#11575);
#3741=VERTEX_POINT('',#11577);
#3742=VERTEX_POINT('',#11579);
#3743=VERTEX_POINT('',#11581);
#3744=VERTEX_POINT('',#11583);
#3745=VERTEX_POINT('',#11585);
#3746=VERTEX_POINT('',#11587);
#3747=VERTEX_POINT('',#11589);
#3748=VERTEX_POINT('',#11591);
#3749=VERTEX_POINT('',#11593);
#3750=VERTEX_POINT('',#11595);
#3751=VERTEX_POINT('',#11597);
#3752=VERTEX_POINT('',#11599);
#3753=VERTEX_POINT('',#11601);
#3754=VERTEX_POINT('',#11603);
#3755=VERTEX_POINT('',#11605);
#3756=VERTEX_POINT('',#11607);
#3757=VERTEX_POINT('',#11609);
#3758=VERTEX_POINT('',#11611);
#3759=VERTEX_POINT('',#11613);
#3760=VERTEX_POINT('',#11615);
#3761=VERTEX_POINT('',#11617);
#3762=VERTEX_POINT('',#11619);
#3763=VERTEX_POINT('',#11621);
#3764=VERTEX_POINT('',#11623);
#3765=VERTEX_POINT('',#11625);
#3766=VERTEX_POINT('',#11627);
#3767=VERTEX_POINT('',#11629);
#3768=VERTEX_POINT('',#11631);
#3769=VERTEX_POINT('',#11633);
#3770=VERTEX_POINT('',#11635);
#3771=VERTEX_POINT('',#11637);
#3772=VERTEX_POINT('',#11639);
#3773=VERTEX_POINT('',#11641);
#3774=VERTEX_POINT('',#11643);
#3775=VERTEX_POINT('',#11645);
#3776=VERTEX_POINT('',#11647);
#3777=VERTEX_POINT('',#11649);
#3778=VERTEX_POINT('',#11651);
#3779=VERTEX_POINT('',#11653);
#3780=VERTEX_POINT('',#11655);
#3781=VERTEX_POINT('',#11657);
#3782=VERTEX_POINT('',#11659);
#3783=VERTEX_POINT('',#11661);
#3784=VERTEX_POINT('',#11663);
#3785=VERTEX_POINT('',#11665);
#3786=VERTEX_POINT('',#11667);
#3787=VERTEX_POINT('',#11669);
#3788=VERTEX_POINT('',#11671);
#3789=VERTEX_POINT('',#11673);
#3790=VERTEX_POINT('',#11675);
#3791=VERTEX_POINT('',#11677);
#3792=VERTEX_POINT('',#11679);
#3793=VERTEX_POINT('',#11681);
#3794=VERTEX_POINT('',#11683);
#3795=VERTEX_POINT('',#11685);
#3796=VERTEX_POINT('',#11687);
#3797=VERTEX_POINT('',#11689);
#3798=VERTEX_POINT('',#11691);
#3799=VERTEX_POINT('',#11693);
#3800=VERTEX_POINT('',#11696);
#3801=VERTEX_POINT('',#11698);
#3802=VERTEX_POINT('',#11700);
#3803=VERTEX_POINT('',#11703);
#3804=VERTEX_POINT('',#11705);
#3805=VERTEX_POINT('',#11707);
#3806=VERTEX_POINT('',#11709);
#3807=VERTEX_POINT('',#11711);
#3808=VERTEX_POINT('',#11713);
#3809=VERTEX_POINT('',#11717);
#3810=VERTEX_POINT('',#11719);
#3811=VERTEX_POINT('',#11722);
#3812=VERTEX_POINT('',#11725);
#3813=VERTEX_POINT('',#11726);
#3814=VERTEX_POINT('',#11728);
#3815=VERTEX_POINT('',#11730);
#3816=VERTEX_POINT('',#11734);
#3817=VERTEX_POINT('',#11736);
#3818=VERTEX_POINT('',#11738);
#3819=VERTEX_POINT('',#11740);
#3820=VERTEX_POINT('',#11742);
#3821=VERTEX_POINT('',#11744);
#3822=VERTEX_POINT('',#11747);
#3823=VERTEX_POINT('',#11749);
#3824=VERTEX_POINT('',#11751);
#3825=VERTEX_POINT('',#11752);
#3826=VERTEX_POINT('',#11755);
#3827=VERTEX_POINT('',#11757);
#3828=VERTEX_POINT('',#11759);
#3829=VERTEX_POINT('',#11761);
#3830=VERTEX_POINT('',#11763);
#3831=VERTEX_POINT('',#11767);
#3832=VERTEX_POINT('',#11771);
#3833=VERTEX_POINT('',#11775);
#3834=VERTEX_POINT('',#11779);
#3835=VERTEX_POINT('',#11783);
#3836=VERTEX_POINT('',#11784);
#3837=VERTEX_POINT('',#11786);
#3838=VERTEX_POINT('',#11788);
#3839=VERTEX_POINT('',#11792);
#3840=VERTEX_POINT('',#11794);
#3841=VERTEX_POINT('',#11798);
#3842=VERTEX_POINT('',#11800);
#3843=VERTEX_POINT('',#11812);
#3844=VERTEX_POINT('',#11814);
#3845=VERTEX_POINT('',#11816);
#3846=VERTEX_POINT('',#11818);
#3847=VERTEX_POINT('',#11820);
#3848=VERTEX_POINT('',#11822);
#3849=VERTEX_POINT('',#11824);
#3850=VERTEX_POINT('',#11826);
#3851=VERTEX_POINT('',#11828);
#3852=VERTEX_POINT('',#11830);
#3853=VERTEX_POINT('',#11832);
#3854=VERTEX_POINT('',#11834);
#3855=VERTEX_POINT('',#11836);
#3856=VERTEX_POINT('',#11838);
#3857=VERTEX_POINT('',#11840);
#3858=VERTEX_POINT('',#11842);
#3859=VERTEX_POINT('',#11844);
#3860=VERTEX_POINT('',#11846);
#3861=VERTEX_POINT('',#11848);
#3862=VERTEX_POINT('',#11850);
#3863=VERTEX_POINT('',#11852);
#3864=VERTEX_POINT('',#11854);
#3865=VERTEX_POINT('',#11856);
#3866=VERTEX_POINT('',#11858);
#3867=VERTEX_POINT('',#11860);
#3868=VERTEX_POINT('',#11862);
#3869=VERTEX_POINT('',#11864);
#3870=VERTEX_POINT('',#11866);
#3871=VERTEX_POINT('',#11868);
#3872=VERTEX_POINT('',#11870);
#3873=VERTEX_POINT('',#11872);
#3874=VERTEX_POINT('',#11874);
#3875=VERTEX_POINT('',#11876);
#3876=VERTEX_POINT('',#11878);
#3877=VERTEX_POINT('',#11880);
#3878=VERTEX_POINT('',#11882);
#3879=VERTEX_POINT('',#11884);
#3880=VERTEX_POINT('',#11886);
#3881=VERTEX_POINT('',#11888);
#3882=VERTEX_POINT('',#11890);
#3883=VERTEX_POINT('',#11892);
#3884=VERTEX_POINT('',#11894);
#3885=VERTEX_POINT('',#11896);
#3886=VERTEX_POINT('',#11898);
#3887=VERTEX_POINT('',#11900);
#3888=VERTEX_POINT('',#11902);
#3889=VERTEX_POINT('',#11904);
#3890=VERTEX_POINT('',#11906);
#3891=VERTEX_POINT('',#11908);
#3892=VERTEX_POINT('',#11910);
#3893=VERTEX_POINT('',#11912);
#3894=VERTEX_POINT('',#11914);
#3895=VERTEX_POINT('',#11916);
#3896=VERTEX_POINT('',#11918);
#3897=VERTEX_POINT('',#11920);
#3898=VERTEX_POINT('',#11922);
#3899=VERTEX_POINT('',#11924);
#3900=VERTEX_POINT('',#11926);
#3901=VERTEX_POINT('',#11928);
#3902=VERTEX_POINT('',#11930);
#3903=VERTEX_POINT('',#11932);
#3904=VERTEX_POINT('',#11934);
#3905=VERTEX_POINT('',#11936);
#3906=VERTEX_POINT('',#11938);
#3907=VERTEX_POINT('',#11940);
#3908=VERTEX_POINT('',#11942);
#3909=VERTEX_POINT('',#11944);
#3910=VERTEX_POINT('',#11946);
#3911=VERTEX_POINT('',#11948);
#3912=VERTEX_POINT('',#11950);
#3913=VERTEX_POINT('',#11954);
#3914=VERTEX_POINT('',#11956);
#3915=VERTEX_POINT('',#11958);
#3916=VERTEX_POINT('',#11960);
#3917=VERTEX_POINT('',#11962);
#3918=VERTEX_POINT('',#11964);
#3919=VERTEX_POINT('',#11968);
#3920=VERTEX_POINT('',#11970);
#3921=VERTEX_POINT('',#11973);
#3922=VERTEX_POINT('',#11975);
#3923=VERTEX_POINT('',#11979);
#3924=VERTEX_POINT('',#11980);
#3925=VERTEX_POINT('',#11982);
#3926=VERTEX_POINT('',#11986);
#3927=VERTEX_POINT('',#11988);
#3928=VERTEX_POINT('',#11990);
#3929=VERTEX_POINT('',#11992);
#3930=VERTEX_POINT('',#12004);
#3931=VERTEX_POINT('',#12008);
#3932=VERTEX_POINT('',#12014);
#3933=VERTEX_POINT('',#12018);
#3934=VERTEX_POINT('',#12022);
#3935=VERTEX_POINT('',#12026);
#3936=VERTEX_POINT('',#12028);
#3937=VERTEX_POINT('',#12066);
#3938=VERTEX_POINT('',#12070);
#3939=VERTEX_POINT('',#12074);
#3940=VERTEX_POINT('',#12078);
#3941=VERTEX_POINT('',#12082);
#3942=VERTEX_POINT('',#12084);
#3943=VERTEX_POINT('',#12088);
#3944=VERTEX_POINT('',#12092);
#3945=VERTEX_POINT('',#12096);
#3946=VERTEX_POINT('',#12100);
#3947=VERTEX_POINT('',#12102);
#3948=VERTEX_POINT('',#12106);
#3949=VERTEX_POINT('',#12110);
#3950=VERTEX_POINT('',#12114);
#3951=VERTEX_POINT('',#12118);
#3952=VERTEX_POINT('',#12122);
#3953=VERTEX_POINT('',#12126);
#3954=VERTEX_POINT('',#12130);
#3955=VERTEX_POINT('',#12134);
#3956=VERTEX_POINT('',#12138);
#3957=VERTEX_POINT('',#12142);
#3958=VERTEX_POINT('',#12146);
#3959=VERTEX_POINT('',#12150);
#3960=VERTEX_POINT('',#12154);
#3961=VERTEX_POINT('',#12158);
#3962=VERTEX_POINT('',#12162);
#3963=VERTEX_POINT('',#12166);
#3964=VERTEX_POINT('',#12170);
#3965=VERTEX_POINT('',#12174);
#3966=VERTEX_POINT('',#12178);
#3967=VERTEX_POINT('',#12182);
#3968=VERTEX_POINT('',#12186);
#3969=VERTEX_POINT('',#12190);
#3970=VERTEX_POINT('',#12194);
#3971=VERTEX_POINT('',#12198);
#3972=VERTEX_POINT('',#12202);
#3973=VERTEX_POINT('',#12206);
#3974=VERTEX_POINT('',#12210);
#3975=VERTEX_POINT('',#12214);
#3976=VERTEX_POINT('',#12218);
#3977=VERTEX_POINT('',#12222);
#3978=VERTEX_POINT('',#12226);
#3979=VERTEX_POINT('',#12228);
#3980=VERTEX_POINT('',#12231);
#3981=VERTEX_POINT('',#12233);
#3982=VERTEX_POINT('',#12235);
#3983=VERTEX_POINT('',#12237);
#3984=VERTEX_POINT('',#12239);
#3985=VERTEX_POINT('',#12243);
#3986=VERTEX_POINT('',#12247);
#3987=VERTEX_POINT('',#12252);
#3988=VERTEX_POINT('',#12257);
#3989=VERTEX_POINT('',#12258);
#3990=VERTEX_POINT('',#12275);
#3991=VERTEX_POINT('',#12276);
#3992=VERTEX_POINT('',#12278);
#3993=VERTEX_POINT('',#12280);
#3994=VERTEX_POINT('',#12284);
#3995=VERTEX_POINT('',#12286);
#3996=VERTEX_POINT('',#12290);
#3997=VERTEX_POINT('',#12292);
#3998=VERTEX_POINT('',#12296);
#3999=VERTEX_POINT('',#12298);
#4000=VERTEX_POINT('',#12301);
#4001=VERTEX_POINT('',#12303);
#4002=VERTEX_POINT('',#12305);
#4003=VERTEX_POINT('',#12307);
#4004=VERTEX_POINT('',#12309);
#4005=VERTEX_POINT('',#12311);
#4006=VERTEX_POINT('',#12313);
#4007=VERTEX_POINT('',#12315);
#4008=VERTEX_POINT('',#12317);
#4009=VERTEX_POINT('',#12319);
#4010=VERTEX_POINT('',#12321);
#4011=VERTEX_POINT('',#12323);
#4012=VERTEX_POINT('',#12325);
#4013=VERTEX_POINT('',#12327);
#4014=VERTEX_POINT('',#12329);
#4015=VERTEX_POINT('',#12331);
#4016=VERTEX_POINT('',#12333);
#4017=VERTEX_POINT('',#12335);
#4018=VERTEX_POINT('',#12337);
#4019=VERTEX_POINT('',#12339);
#4020=VERTEX_POINT('',#12341);
#4021=VERTEX_POINT('',#12343);
#4022=VERTEX_POINT('',#12345);
#4023=VERTEX_POINT('',#12347);
#4024=VERTEX_POINT('',#12349);
#4025=VERTEX_POINT('',#12351);
#4026=VERTEX_POINT('',#12353);
#4027=VERTEX_POINT('',#12355);
#4028=VERTEX_POINT('',#12357);
#4029=VERTEX_POINT('',#12359);
#4030=VERTEX_POINT('',#12361);
#4031=VERTEX_POINT('',#12363);
#4032=VERTEX_POINT('',#12365);
#4033=VERTEX_POINT('',#12367);
#4034=VERTEX_POINT('',#12369);
#4035=VERTEX_POINT('',#12373);
#4036=VERTEX_POINT('',#12375);
#4037=VERTEX_POINT('',#12377);
#4038=VERTEX_POINT('',#12379);
#4039=VERTEX_POINT('',#12381);
#4040=VERTEX_POINT('',#12383);
#4041=VERTEX_POINT('',#12385);
#4042=VERTEX_POINT('',#12387);
#4043=VERTEX_POINT('',#12389);
#4044=VERTEX_POINT('',#12391);
#4045=VERTEX_POINT('',#12393);
#4046=VERTEX_POINT('',#12395);
#4047=VERTEX_POINT('',#12397);
#4048=VERTEX_POINT('',#12399);
#4049=VERTEX_POINT('',#12401);
#4050=VERTEX_POINT('',#12403);
#4051=VERTEX_POINT('',#12405);
#4052=VERTEX_POINT('',#12407);
#4053=VERTEX_POINT('',#12409);
#4054=VERTEX_POINT('',#12411);
#4055=VERTEX_POINT('',#12413);
#4056=VERTEX_POINT('',#12415);
#4057=VERTEX_POINT('',#12417);
#4058=VERTEX_POINT('',#12419);
#4059=VERTEX_POINT('',#12421);
#4060=VERTEX_POINT('',#12423);
#4061=VERTEX_POINT('',#12425);
#4062=VERTEX_POINT('',#12427);
#4063=VERTEX_POINT('',#12429);
#4064=VERTEX_POINT('',#12431);
#4065=VERTEX_POINT('',#12433);
#4066=VERTEX_POINT('',#12435);
#4067=VERTEX_POINT('',#12437);
#4068=VERTEX_POINT('',#12439);
#4069=VERTEX_POINT('',#12441);
#4070=VERTEX_POINT('',#12444);
#4071=VERTEX_POINT('',#12446);
#4072=VERTEX_POINT('',#12448);
#4073=VERTEX_POINT('',#12450);
#4074=VERTEX_POINT('',#12452);
#4075=VERTEX_POINT('',#12454);
#4076=VERTEX_POINT('',#12456);
#4077=VERTEX_POINT('',#12458);
#4078=VERTEX_POINT('',#12460);
#4079=VERTEX_POINT('',#12462);
#4080=VERTEX_POINT('',#12464);
#4081=VERTEX_POINT('',#12466);
#4082=VERTEX_POINT('',#12468);
#4083=VERTEX_POINT('',#12470);
#4084=VERTEX_POINT('',#12472);
#4085=VERTEX_POINT('',#12474);
#4086=VERTEX_POINT('',#12476);
#4087=VERTEX_POINT('',#12478);
#4088=VERTEX_POINT('',#12480);
#4089=VERTEX_POINT('',#12482);
#4090=VERTEX_POINT('',#12484);
#4091=VERTEX_POINT('',#12486);
#4092=VERTEX_POINT('',#12488);
#4093=VERTEX_POINT('',#12490);
#4094=VERTEX_POINT('',#12492);
#4095=VERTEX_POINT('',#12494);
#4096=VERTEX_POINT('',#12496);
#4097=VERTEX_POINT('',#12498);
#4098=VERTEX_POINT('',#12500);
#4099=VERTEX_POINT('',#12502);
#4100=VERTEX_POINT('',#12504);
#4101=VERTEX_POINT('',#12506);
#4102=VERTEX_POINT('',#12508);
#4103=VERTEX_POINT('',#12540);
#4104=VERTEX_POINT('',#12542);
#4105=EDGE_CURVE('',#3356,#3356,#3229,.T.);
#4106=EDGE_CURVE('',#3356,#3357,#1229,.T.);
#4107=EDGE_CURVE('',#3357,#3357,#3230,.T.);
#4108=EDGE_CURVE('',#3358,#3359,#1230,.T.);
#4109=EDGE_CURVE('',#3359,#3360,#1231,.T.);
#4110=EDGE_CURVE('',#3360,#3361,#1232,.T.);
#4111=EDGE_CURVE('',#3361,#3362,#1233,.T.);
#4112=EDGE_CURVE('',#3362,#3363,#1234,.T.);
#4113=EDGE_CURVE('',#3363,#3364,#3231,.T.);
#4114=EDGE_CURVE('',#3364,#3365,#1235,.T.);
#4115=EDGE_CURVE('',#3365,#3366,#3232,.T.);
#4116=EDGE_CURVE('',#3366,#3367,#1236,.T.);
#4117=EDGE_CURVE('',#3367,#3368,#3233,.T.);
#4118=EDGE_CURVE('',#3368,#3369,#1237,.T.);
#4119=EDGE_CURVE('',#3369,#3370,#1238,.T.);
#4120=EDGE_CURVE('',#3370,#3371,#1239,.T.);
#4121=EDGE_CURVE('',#3371,#3372,#1240,.T.);
#4122=EDGE_CURVE('',#3372,#3373,#1241,.T.);
#4123=EDGE_CURVE('',#3373,#3374,#1242,.T.);
#4124=EDGE_CURVE('',#3374,#3375,#1243,.T.);
#4125=EDGE_CURVE('',#3375,#3376,#1244,.T.);
#4126=EDGE_CURVE('',#3376,#3377,#1245,.T.);
#4127=EDGE_CURVE('',#3377,#3378,#1246,.T.);
#4128=EDGE_CURVE('',#3378,#3379,#1247,.T.);
#4129=EDGE_CURVE('',#3379,#3380,#1248,.T.);
#4130=EDGE_CURVE('',#3380,#3381,#3234,.T.);
#4131=EDGE_CURVE('',#3381,#3382,#1249,.T.);
#4132=EDGE_CURVE('',#3382,#3383,#3235,.T.);
#4133=EDGE_CURVE('',#3383,#3384,#1250,.T.);
#4134=EDGE_CURVE('',#3384,#3385,#3236,.T.);
#4135=EDGE_CURVE('',#3385,#3386,#1251,.T.);
#4136=EDGE_CURVE('',#3386,#3387,#1252,.T.);
#4137=EDGE_CURVE('',#3387,#3388,#1253,.T.);
#4138=EDGE_CURVE('',#3388,#3389,#1254,.T.);
#4139=EDGE_CURVE('',#3389,#3390,#1255,.T.);
#4140=EDGE_CURVE('',#3390,#3391,#1256,.T.);
#4141=EDGE_CURVE('',#3391,#3392,#1257,.T.);
#4142=EDGE_CURVE('',#3392,#3393,#1258,.T.);
#4143=EDGE_CURVE('',#3393,#3394,#1259,.T.);
#4144=EDGE_CURVE('',#3394,#3395,#1260,.T.);
#4145=EDGE_CURVE('',#3395,#3396,#1261,.T.);
#4146=EDGE_CURVE('',#3396,#3397,#1262,.T.);
#4147=EDGE_CURVE('',#3397,#3398,#1263,.T.);
#4148=EDGE_CURVE('',#3398,#3399,#1264,.T.);
#4149=EDGE_CURVE('',#3399,#3400,#1265,.T.);
#4150=EDGE_CURVE('',#3400,#3401,#1266,.T.);
#4151=EDGE_CURVE('',#3401,#3402,#1267,.T.);
#4152=EDGE_CURVE('',#3402,#3403,#1268,.T.);
#4153=EDGE_CURVE('',#3403,#3404,#1269,.T.);
#4154=EDGE_CURVE('',#3404,#3405,#1270,.T.);
#4155=EDGE_CURVE('',#3405,#3406,#3237,.T.);
#4156=EDGE_CURVE('',#3406,#3407,#1271,.T.);
#4157=EDGE_CURVE('',#3407,#3408,#1272,.T.);
#4158=EDGE_CURVE('',#3408,#3409,#3238,.T.);
#4159=EDGE_CURVE('',#3409,#3410,#1273,.T.);
#4160=EDGE_CURVE('',#3410,#3411,#3239,.T.);
#4161=EDGE_CURVE('',#3411,#3412,#1274,.T.);
#4162=EDGE_CURVE('',#3412,#3413,#1275,.T.);
#4163=EDGE_CURVE('',#3413,#3414,#1276,.T.);
#4164=EDGE_CURVE('',#3414,#3415,#3240,.T.);
#4165=EDGE_CURVE('',#3415,#3416,#1277,.T.);
#4166=EDGE_CURVE('',#3416,#3417,#3241,.T.);
#4167=EDGE_CURVE('',#3417,#3418,#1278,.T.);
#4168=EDGE_CURVE('',#3418,#3419,#3242,.T.);
#4169=EDGE_CURVE('',#3419,#3420,#1279,.T.);
#4170=EDGE_CURVE('',#3420,#3421,#1280,.T.);
#4171=EDGE_CURVE('',#3421,#3422,#1281,.T.);
#4172=EDGE_CURVE('',#3422,#3423,#1282,.T.);
#4173=EDGE_CURVE('',#3423,#3424,#1283,.T.);
#4174=EDGE_CURVE('',#3424,#3425,#1284,.T.);
#4175=EDGE_CURVE('',#3425,#3358,#1285,.T.);
#4176=EDGE_CURVE('',#3426,#3426,#3243,.T.);
#4177=EDGE_CURVE('',#3427,#3427,#3244,.T.);
#4178=EDGE_CURVE('',#3428,#3428,#3245,.T.);
#4179=EDGE_CURVE('',#3357,#3429,#1286,.T.);
#4180=EDGE_CURVE('',#3429,#3429,#3246,.T.);
#4181=EDGE_CURVE('',#3426,#3430,#1287,.T.);
#4182=EDGE_CURVE('',#3430,#3430,#3247,.T.);
#4183=EDGE_CURVE('',#3430,#3431,#1288,.T.);
#4184=EDGE_CURVE('',#3431,#3431,#3248,.T.);
#4185=EDGE_CURVE('',#3428,#3432,#1289,.T.);
#4186=EDGE_CURVE('',#3432,#3432,#3249,.T.);
#4187=EDGE_CURVE('',#3432,#3433,#1290,.T.);
#4188=EDGE_CURVE('',#3433,#3433,#3250,.T.);
#4189=EDGE_CURVE('',#3427,#3434,#1291,.T.);
#4190=EDGE_CURVE('',#3434,#3434,#3251,.T.);
#4191=EDGE_CURVE('',#3434,#3435,#1292,.T.);
#4192=EDGE_CURVE('',#3435,#3435,#3252,.T.);
#4193=EDGE_CURVE('',#3436,#3437,#1293,.T.);
#4194=EDGE_CURVE('',#3437,#3438,#1294,.T.);
#4195=EDGE_CURVE('',#3438,#3439,#1295,.T.);
#4196=EDGE_CURVE('',#3439,#3440,#1296,.T.);
#4197=EDGE_CURVE('',#3440,#3441,#1297,.T.);
#4198=EDGE_CURVE('',#3441,#3442,#1298,.T.);
#4199=EDGE_CURVE('',#3442,#3443,#1299,.T.);
#4200=EDGE_CURVE('',#3443,#3444,#1300,.T.);
#4201=EDGE_CURVE('',#3444,#3445,#1301,.T.);
#4202=EDGE_CURVE('',#3445,#3446,#1302,.T.);
#4203=EDGE_CURVE('',#3446,#3447,#3253,.T.);
#4204=EDGE_CURVE('',#3447,#3448,#1303,.T.);
#4205=EDGE_CURVE('',#3448,#3449,#3254,.T.);
#4206=EDGE_CURVE('',#3449,#3450,#1304,.T.);
#4207=EDGE_CURVE('',#3450,#3451,#3255,.T.);
#4208=EDGE_CURVE('',#3451,#3452,#1305,.T.);
#4209=EDGE_CURVE('',#3452,#3453,#1306,.T.);
#4210=EDGE_CURVE('',#3453,#3454,#1307,.T.);
#4211=EDGE_CURVE('',#3454,#3455,#1308,.T.);
#4212=EDGE_CURVE('',#3455,#3456,#1309,.T.);
#4213=EDGE_CURVE('',#3456,#3457,#1310,.T.);
#4214=EDGE_CURVE('',#3457,#3458,#1311,.T.);
#4215=EDGE_CURVE('',#3458,#3459,#1312,.T.);
#4216=EDGE_CURVE('',#3459,#3460,#1313,.T.);
#4217=EDGE_CURVE('',#3460,#3461,#1314,.T.);
#4218=EDGE_CURVE('',#3461,#3462,#1315,.T.);
#4219=EDGE_CURVE('',#3462,#3463,#1316,.T.);
#4220=EDGE_CURVE('',#3463,#3464,#3256,.T.);
#4221=EDGE_CURVE('',#3464,#3465,#1317,.T.);
#4222=EDGE_CURVE('',#3465,#3466,#3257,.T.);
#4223=EDGE_CURVE('',#3466,#3467,#1318,.T.);
#4224=EDGE_CURVE('',#3467,#3468,#3258,.T.);
#4225=EDGE_CURVE('',#3468,#3469,#1319,.T.);
#4226=EDGE_CURVE('',#3469,#3470,#1320,.T.);
#4227=EDGE_CURVE('',#3470,#3471,#1321,.T.);
#4228=EDGE_CURVE('',#3471,#3472,#1322,.T.);
#4229=EDGE_CURVE('',#3472,#3473,#1323,.T.);
#4230=EDGE_CURVE('',#3473,#3474,#1324,.T.);
#4231=EDGE_CURVE('',#3474,#3475,#1325,.T.);
#4232=EDGE_CURVE('',#3475,#3476,#1326,.T.);
#4233=EDGE_CURVE('',#3476,#3477,#1327,.T.);
#4234=EDGE_CURVE('',#3477,#3478,#1328,.T.);
#4235=EDGE_CURVE('',#3478,#3479,#1329,.T.);
#4236=EDGE_CURVE('',#3479,#3480,#1330,.T.);
#4237=EDGE_CURVE('',#3480,#3481,#3259,.T.);
#4238=EDGE_CURVE('',#3481,#3482,#1331,.T.);
#4239=EDGE_CURVE('',#3482,#3483,#3260,.T.);
#4240=EDGE_CURVE('',#3483,#3484,#1332,.T.);
#4241=EDGE_CURVE('',#3484,#3485,#3261,.T.);
#4242=EDGE_CURVE('',#3485,#3486,#1333,.T.);
#4243=EDGE_CURVE('',#3486,#3487,#1334,.T.);
#4244=EDGE_CURVE('',#3487,#3488,#1335,.T.);
#4245=EDGE_CURVE('',#3488,#3489,#3262,.T.);
#4246=EDGE_CURVE('',#3489,#3490,#1336,.T.);
#4247=EDGE_CURVE('',#3490,#3491,#3263,.T.);
#4248=EDGE_CURVE('',#3491,#3492,#1337,.T.);
#4249=EDGE_CURVE('',#3492,#3493,#1338,.T.);
#4250=EDGE_CURVE('',#3493,#3494,#3264,.T.);
#4251=EDGE_CURVE('',#3494,#3495,#1339,.T.);
#4252=EDGE_CURVE('',#3495,#3496,#1340,.T.);
#4253=EDGE_CURVE('',#3496,#3497,#1341,.T.);
#4254=EDGE_CURVE('',#3497,#3498,#1342,.T.);
#4255=EDGE_CURVE('',#3498,#3499,#1343,.T.);
#4256=EDGE_CURVE('',#3499,#3500,#1344,.T.);
#4257=EDGE_CURVE('',#3500,#3501,#1345,.T.);
#4258=EDGE_CURVE('',#3501,#3502,#1346,.T.);
#4259=EDGE_CURVE('',#3502,#3503,#1347,.T.);
#4260=EDGE_CURVE('',#3503,#3436,#1348,.T.);
#4261=EDGE_CURVE('',#3504,#3505,#1349,.T.);
#4262=EDGE_CURVE('',#3504,#3506,#1350,.T.);
#4263=EDGE_CURVE('',#3507,#3506,#1351,.T.);
#4264=EDGE_CURVE('',#3505,#3507,#1352,.T.);
#4265=EDGE_CURVE('',#3508,#3509,#1353,.T.);
#4266=EDGE_CURVE('',#3510,#3508,#1354,.T.);
#4267=EDGE_CURVE('',#3511,#3510,#1355,.T.);
#4268=EDGE_CURVE('',#3509,#3511,#1356,.T.);
#4269=EDGE_CURVE('',#3509,#3504,#1357,.T.);
#4270=EDGE_CURVE('',#3506,#3511,#1358,.T.);
#4271=EDGE_CURVE('',#3510,#3512,#1359,.T.);
#4272=EDGE_CURVE('',#3512,#3378,#1360,.T.);
#4273=EDGE_CURVE('',#3513,#3377,#1361,.T.);
#4274=EDGE_CURVE('',#3513,#3507,#1362,.T.);
#4275=EDGE_CURVE('',#3514,#3508,#1363,.T.);
#4276=EDGE_CURVE('',#3515,#3514,#1364,.T.);
#4277=EDGE_CURVE('',#3516,#3515,#1365,.T.);
#4278=EDGE_CURVE('',#3517,#3516,#3265,.T.);
#4279=EDGE_CURVE('',#3518,#3517,#1366,.T.);
#4280=EDGE_CURVE('',#3519,#3518,#3266,.T.);
#4281=EDGE_CURVE('',#3520,#3519,#1367,.T.);
#4282=EDGE_CURVE('',#3521,#3520,#3267,.T.);
#4283=EDGE_CURVE('',#3522,#3521,#1368,.T.);
#4284=EDGE_CURVE('',#3523,#3522,#1369,.T.);
#4285=EDGE_CURVE('',#3524,#3523,#1370,.T.);
#4286=EDGE_CURVE('',#3525,#3524,#1371,.T.);
#4287=EDGE_CURVE('',#3526,#3525,#1372,.T.);
#4288=EDGE_CURVE('',#3527,#3526,#1373,.T.);
#4289=EDGE_CURVE('',#3528,#3527,#1374,.T.);
#4290=EDGE_CURVE('',#3529,#3528,#1375,.T.);
#4291=EDGE_CURVE('',#3530,#3529,#1376,.T.);
#4292=EDGE_CURVE('',#3531,#3530,#1377,.T.);
#4293=EDGE_CURVE('',#3532,#3531,#1378,.T.);
#4294=EDGE_CURVE('',#3533,#3532,#1379,.T.);
#4295=EDGE_CURVE('',#3534,#3533,#1380,.T.);
#4296=EDGE_CURVE('',#3535,#3534,#1381,.T.);
#4297=EDGE_CURVE('',#3536,#3535,#1382,.T.);
#4298=EDGE_CURVE('',#3537,#3536,#1383,.T.);
#4299=EDGE_CURVE('',#3538,#3537,#1384,.T.);
#4300=EDGE_CURVE('',#3539,#3538,#1385,.T.);
#4301=EDGE_CURVE('',#3540,#3539,#1386,.T.);
#4302=EDGE_CURVE('',#3541,#3540,#1387,.T.);
#4303=EDGE_CURVE('',#3542,#3541,#3268,.T.);
#4304=EDGE_CURVE('',#3543,#3542,#1388,.T.);
#4305=EDGE_CURVE('',#3544,#3543,#1389,.T.);
#4306=EDGE_CURVE('',#3545,#3544,#3269,.T.);
#4307=EDGE_CURVE('',#3546,#3545,#1390,.T.);
#4308=EDGE_CURVE('',#3547,#3546,#3270,.T.);
#4309=EDGE_CURVE('',#3548,#3547,#1391,.T.);
#4310=EDGE_CURVE('',#3548,#3549,#1392,.T.);
#4311=EDGE_CURVE('',#3550,#3549,#1393,.T.);
#4312=EDGE_CURVE('',#3551,#3550,#3271,.T.);
#4313=EDGE_CURVE('',#3552,#3551,#1394,.T.);
#4314=EDGE_CURVE('',#3553,#3552,#3272,.T.);
#4315=EDGE_CURVE('',#3554,#3553,#1395,.T.);
#4316=EDGE_CURVE('',#3555,#3554,#1396,.T.);
#4317=EDGE_CURVE('',#3556,#3555,#3273,.T.);
#4318=EDGE_CURVE('',#3557,#3556,#1397,.T.);
#4319=EDGE_CURVE('',#3558,#3557,#1398,.T.);
#4320=EDGE_CURVE('',#3559,#3558,#1399,.T.);
#4321=EDGE_CURVE('',#3560,#3559,#1400,.T.);
#4322=EDGE_CURVE('',#3561,#3560,#1401,.T.);
#4323=EDGE_CURVE('',#3562,#3561,#1402,.T.);
#4324=EDGE_CURVE('',#3563,#3562,#1403,.T.);
#4325=EDGE_CURVE('',#3564,#3563,#1404,.T.);
#4326=EDGE_CURVE('',#3565,#3564,#1405,.T.);
#4327=EDGE_CURVE('',#3566,#3565,#1406,.T.);
#4328=EDGE_CURVE('',#3567,#3566,#1407,.T.);
#4329=EDGE_CURVE('',#3568,#3567,#1408,.T.);
#4330=EDGE_CURVE('',#3569,#3568,#1409,.T.);
#4331=EDGE_CURVE('',#3570,#3569,#1410,.T.);
#4332=EDGE_CURVE('',#3571,#3570,#1411,.T.);
#4333=EDGE_CURVE('',#3572,#3571,#1412,.T.);
#4334=EDGE_CURVE('',#3573,#3572,#1413,.T.);
#4335=EDGE_CURVE('',#3574,#3573,#1414,.T.);
#4336=EDGE_CURVE('',#3575,#3574,#1415,.T.);
#4337=EDGE_CURVE('',#3576,#3575,#1416,.T.);
#4338=EDGE_CURVE('',#3577,#3576,#3274,.T.);
#4339=EDGE_CURVE('',#3578,#3577,#1417,.T.);
#4340=EDGE_CURVE('',#3579,#3578,#3275,.T.);
#4341=EDGE_CURVE('',#3580,#3579,#1418,.T.);
#4342=EDGE_CURVE('',#3581,#3580,#3276,.T.);
#4343=EDGE_CURVE('',#3582,#3581,#1419,.T.);
#4344=EDGE_CURVE('',#3512,#3582,#1420,.T.);
#4345=EDGE_CURVE('',#3583,#3548,#1421,.T.);
#4346=EDGE_CURVE('',#3584,#3583,#1422,.T.);
#4347=EDGE_CURVE('',#3549,#3584,#1423,.T.);
#4348=EDGE_CURVE('',#3584,#3585,#1424,.T.);
#4349=EDGE_CURVE('',#3585,#3586,#1425,.T.);
#4350=EDGE_CURVE('',#3586,#3587,#1426,.T.);
#4351=EDGE_CURVE('',#3587,#3412,#1427,.T.);
#4352=EDGE_CURVE('',#3550,#3411,#1428,.T.);
#4353=EDGE_CURVE('',#3586,#3588,#1429,.T.);
#4354=EDGE_CURVE('',#3589,#3585,#1430,.T.);
#4355=EDGE_CURVE('',#3588,#3589,#1431,.T.);
#4356=EDGE_CURVE('',#3589,#3583,#1432,.T.);
#4357=EDGE_CURVE('',#3590,#3513,#1433,.T.);
#4358=EDGE_CURVE('',#3591,#3590,#1434,.T.);
#4359=EDGE_CURVE('',#3592,#3591,#1435,.T.);
#4360=EDGE_CURVE('',#3593,#3592,#1436,.T.);
#4361=EDGE_CURVE('',#3594,#3593,#1437,.T.);
#4362=EDGE_CURVE('',#3595,#3594,#1438,.T.);
#4363=EDGE_CURVE('',#3596,#3595,#1439,.T.);
#4364=EDGE_CURVE('',#3597,#3596,#1440,.T.);
#4365=EDGE_CURVE('',#3598,#3597,#1441,.T.);
#4366=EDGE_CURVE('',#3599,#3598,#3277,.T.);
#4367=EDGE_CURVE('',#3600,#3599,#1442,.T.);
#4368=EDGE_CURVE('',#3601,#3600,#3278,.T.);
#4369=EDGE_CURVE('',#3602,#3601,#1443,.T.);
#4370=EDGE_CURVE('',#3603,#3602,#3279,.T.);
#4371=EDGE_CURVE('',#3604,#3603,#1444,.T.);
#4372=EDGE_CURVE('',#3605,#3604,#1445,.T.);
#4373=EDGE_CURVE('',#3606,#3605,#1446,.T.);
#4374=EDGE_CURVE('',#3607,#3606,#1447,.T.);
#4375=EDGE_CURVE('',#3608,#3607,#1448,.T.);
#4376=EDGE_CURVE('',#3609,#3608,#1449,.T.);
#4377=EDGE_CURVE('',#3610,#3609,#1450,.T.);
#4378=EDGE_CURVE('',#3611,#3610,#1451,.T.);
#4379=EDGE_CURVE('',#3612,#3611,#1452,.T.);
#4380=EDGE_CURVE('',#3613,#3612,#1453,.T.);
#4381=EDGE_CURVE('',#3614,#3613,#1454,.T.);
#4382=EDGE_CURVE('',#3615,#3614,#1455,.T.);
#4383=EDGE_CURVE('',#3616,#3615,#3280,.T.);
#4384=EDGE_CURVE('',#3617,#3616,#1456,.T.);
#4385=EDGE_CURVE('',#3618,#3617,#3281,.T.);
#4386=EDGE_CURVE('',#3619,#3618,#1457,.T.);
#4387=EDGE_CURVE('',#3620,#3619,#3282,.T.);
#4388=EDGE_CURVE('',#3621,#3620,#1458,.T.);
#4389=EDGE_CURVE('',#3587,#3621,#1459,.T.);
#4390=EDGE_CURVE('',#3622,#3588,#1460,.T.);
#4391=EDGE_CURVE('',#3623,#3622,#1461,.T.);
#4392=EDGE_CURVE('',#3624,#3623,#1462,.T.);
#4393=EDGE_CURVE('',#3625,#3624,#3283,.T.);
#4394=EDGE_CURVE('',#3626,#3625,#1463,.T.);
#4395=EDGE_CURVE('',#3627,#3626,#3284,.T.);
#4396=EDGE_CURVE('',#3628,#3627,#1464,.T.);
#4397=EDGE_CURVE('',#3629,#3628,#3285,.T.);
#4398=EDGE_CURVE('',#3630,#3629,#1465,.T.);
#4399=EDGE_CURVE('',#3631,#3630,#1466,.T.);
#4400=EDGE_CURVE('',#3632,#3631,#1467,.T.);
#4401=EDGE_CURVE('',#3633,#3632,#1468,.T.);
#4402=EDGE_CURVE('',#3634,#3633,#1469,.T.);
#4403=EDGE_CURVE('',#3635,#3634,#1470,.T.);
#4404=EDGE_CURVE('',#3636,#3635,#1471,.T.);
#4405=EDGE_CURVE('',#3637,#3636,#1472,.T.);
#4406=EDGE_CURVE('',#3638,#3637,#1473,.T.);
#4407=EDGE_CURVE('',#3639,#3638,#1474,.T.);
#4408=EDGE_CURVE('',#3640,#3639,#1475,.T.);
#4409=EDGE_CURVE('',#3641,#3640,#1476,.T.);
#4410=EDGE_CURVE('',#3642,#3641,#3286,.T.);
#4411=EDGE_CURVE('',#3643,#3642,#1477,.T.);
#4412=EDGE_CURVE('',#3644,#3643,#3287,.T.);
#4413=EDGE_CURVE('',#3645,#3644,#1478,.T.);
#4414=EDGE_CURVE('',#3646,#3645,#3288,.T.);
#4415=EDGE_CURVE('',#3647,#3646,#1479,.T.);
#4416=EDGE_CURVE('',#3648,#3647,#1480,.T.);
#4417=EDGE_CURVE('',#3649,#3648,#1481,.T.);
#4418=EDGE_CURVE('',#3650,#3649,#1482,.T.);
#4419=EDGE_CURVE('',#3651,#3650,#1483,.T.);
#4420=EDGE_CURVE('',#3652,#3651,#1484,.T.);
#4421=EDGE_CURVE('',#3653,#3652,#1485,.T.);
#4422=EDGE_CURVE('',#3654,#3653,#1486,.T.);
#4423=EDGE_CURVE('',#3655,#3654,#1487,.T.);
#4424=EDGE_CURVE('',#3505,#3655,#1488,.T.);
#4425=EDGE_CURVE('',#3607,#3359,#1489,.T.);
#4426=EDGE_CURVE('',#3608,#3358,#1490,.T.);
#4427=EDGE_CURVE('',#3606,#3360,#1491,.T.);
#4428=EDGE_CURVE('',#3605,#3361,#1492,.T.);
#4429=EDGE_CURVE('',#3604,#3362,#1493,.T.);
#4430=EDGE_CURVE('',#3603,#3363,#1494,.T.);
#4431=EDGE_CURVE('',#3602,#3364,#1495,.T.);
#4432=EDGE_CURVE('',#3601,#3365,#1496,.T.);
#4433=EDGE_CURVE('',#3600,#3366,#1497,.T.);
#4434=EDGE_CURVE('',#3599,#3367,#1498,.T.);
#4435=EDGE_CURVE('',#3598,#3368,#1499,.T.);
#4436=EDGE_CURVE('',#3597,#3369,#1500,.T.);
#4437=EDGE_CURVE('',#3596,#3370,#1501,.T.);
#4438=EDGE_CURVE('',#3595,#3371,#1502,.T.);
#4439=EDGE_CURVE('',#3594,#3372,#1503,.T.);
#4440=EDGE_CURVE('',#3593,#3373,#1504,.T.);
#4441=EDGE_CURVE('',#3592,#3374,#1505,.T.);
#4442=EDGE_CURVE('',#3591,#3375,#1506,.T.);
#4443=EDGE_CURVE('',#3590,#3376,#1507,.T.);
#4444=EDGE_CURVE('',#3582,#3379,#1508,.T.);
#4445=EDGE_CURVE('',#3581,#3380,#1509,.T.);
#4446=EDGE_CURVE('',#3580,#3381,#1510,.T.);
#4447=EDGE_CURVE('',#3579,#3382,#1511,.T.);
#4448=EDGE_CURVE('',#3578,#3383,#1512,.T.);
#4449=EDGE_CURVE('',#3577,#3384,#1513,.T.);
#4450=EDGE_CURVE('',#3576,#3385,#1514,.T.);
#4451=EDGE_CURVE('',#3575,#3386,#1515,.T.);
#4452=EDGE_CURVE('',#3574,#3387,#1516,.T.);
#4453=EDGE_CURVE('',#3573,#3388,#1517,.T.);
#4454=EDGE_CURVE('',#3572,#3389,#1518,.T.);
#4455=EDGE_CURVE('',#3571,#3390,#1519,.T.);
#4456=EDGE_CURVE('',#3570,#3391,#1520,.T.);
#4457=EDGE_CURVE('',#3569,#3392,#1521,.T.);
#4458=EDGE_CURVE('',#3545,#3656,#1522,.T.);
#4459=EDGE_CURVE('',#3656,#3657,#1523,.T.);
#4460=EDGE_CURVE('',#3546,#3657,#1524,.T.);
#4461=EDGE_CURVE('',#3609,#3425,#1525,.T.);
#4462=EDGE_CURVE('',#3610,#3424,#1526,.T.);
#4463=EDGE_CURVE('',#3611,#3423,#1527,.T.);
#4464=EDGE_CURVE('',#3612,#3422,#1528,.T.);
#4465=EDGE_CURVE('',#3613,#3421,#1529,.T.);
#4466=EDGE_CURVE('',#3614,#3420,#1530,.T.);
#4467=EDGE_CURVE('',#3615,#3419,#1531,.T.);
#4468=EDGE_CURVE('',#3616,#3418,#1532,.T.);
#4469=EDGE_CURVE('',#3617,#3417,#1533,.T.);
#4470=EDGE_CURVE('',#3618,#3416,#1534,.T.);
#4471=EDGE_CURVE('',#3619,#3415,#1535,.T.);
#4472=EDGE_CURVE('',#3620,#3414,#1536,.T.);
#4473=EDGE_CURVE('',#3621,#3413,#1537,.T.);
#4474=EDGE_CURVE('',#3551,#3410,#1538,.T.);
#4475=EDGE_CURVE('',#3552,#3409,#1539,.T.);
#4476=EDGE_CURVE('',#3553,#3408,#1540,.T.);
#4477=EDGE_CURVE('',#3554,#3407,#1541,.T.);
#4478=EDGE_CURVE('',#3555,#3406,#1542,.T.);
#4479=EDGE_CURVE('',#3556,#3405,#1543,.T.);
#4480=EDGE_CURVE('',#3557,#3404,#1544,.T.);
#4481=EDGE_CURVE('',#3558,#3403,#1545,.T.);
#4482=EDGE_CURVE('',#3559,#3402,#1546,.T.);
#4483=EDGE_CURVE('',#3560,#3401,#1547,.T.);
#4484=EDGE_CURVE('',#3561,#3400,#1548,.T.);
#4485=EDGE_CURVE('',#3562,#3399,#1549,.T.);
#4486=EDGE_CURVE('',#3563,#3398,#1550,.T.);
#4487=EDGE_CURVE('',#3564,#3397,#1551,.T.);
#4488=EDGE_CURVE('',#3565,#3396,#1552,.T.);
#4489=EDGE_CURVE('',#3566,#3395,#1553,.T.);
#4490=EDGE_CURVE('',#3567,#3394,#1554,.T.);
#4491=EDGE_CURVE('',#3393,#3568,#1555,.T.);
#4492=EDGE_CURVE('',#3437,#3530,#1556,.T.);
#4493=EDGE_CURVE('',#3531,#3436,#1557,.T.);
#4494=EDGE_CURVE('',#3656,#3490,#1558,.T.);
#4495=EDGE_CURVE('',#3657,#3489,#1559,.T.);
#4496=EDGE_CURVE('',#3532,#3503,#1560,.T.);
#4497=EDGE_CURVE('',#3533,#3502,#1561,.T.);
#4498=EDGE_CURVE('',#3534,#3501,#1562,.T.);
#4499=EDGE_CURVE('',#3535,#3500,#1563,.T.);
#4500=EDGE_CURVE('',#3536,#3499,#1564,.T.);
#4501=EDGE_CURVE('',#3537,#3498,#1565,.T.);
#4502=EDGE_CURVE('',#3538,#3497,#1566,.T.);
#4503=EDGE_CURVE('',#3539,#3496,#1567,.T.);
#4504=EDGE_CURVE('',#3540,#3495,#1568,.T.);
#4505=EDGE_CURVE('',#3541,#3494,#1569,.T.);
#4506=EDGE_CURVE('',#3542,#3493,#1570,.T.);
#4507=EDGE_CURVE('',#3543,#3492,#1571,.T.);
#4508=EDGE_CURVE('',#3544,#3491,#1572,.T.);
#4509=EDGE_CURVE('',#3547,#3488,#1573,.T.);
#4510=EDGE_CURVE('',#3622,#3487,#1574,.T.);
#4511=EDGE_CURVE('',#3623,#3486,#1575,.T.);
#4512=EDGE_CURVE('',#3624,#3485,#1576,.T.);
#4513=EDGE_CURVE('',#3625,#3484,#1577,.T.);
#4514=EDGE_CURVE('',#3626,#3483,#1578,.T.);
#4515=EDGE_CURVE('',#3627,#3482,#1579,.T.);
#4516=EDGE_CURVE('',#3628,#3481,#1580,.T.);
#4517=EDGE_CURVE('',#3629,#3480,#1581,.T.);
#4518=EDGE_CURVE('',#3630,#3479,#1582,.T.);
#4519=EDGE_CURVE('',#3631,#3478,#1583,.T.);
#4520=EDGE_CURVE('',#3632,#3477,#1584,.T.);
#4521=EDGE_CURVE('',#3633,#3476,#1585,.T.);
#4522=EDGE_CURVE('',#3634,#3475,#1586,.T.);
#4523=EDGE_CURVE('',#3635,#3474,#1587,.T.);
#4524=EDGE_CURVE('',#3636,#3473,#1588,.T.);
#4525=EDGE_CURVE('',#3637,#3472,#1589,.T.);
#4526=EDGE_CURVE('',#3638,#3471,#1590,.T.);
#4527=EDGE_CURVE('',#3639,#3470,#1591,.T.);
#4528=EDGE_CURVE('',#3640,#3469,#1592,.T.);
#4529=EDGE_CURVE('',#3641,#3468,#1593,.T.);
#4530=EDGE_CURVE('',#3642,#3467,#1594,.T.);
#4531=EDGE_CURVE('',#3643,#3466,#1595,.T.);
#4532=EDGE_CURVE('',#3644,#3465,#1596,.T.);
#4533=EDGE_CURVE('',#3645,#3464,#1597,.T.);
#4534=EDGE_CURVE('',#3646,#3463,#1598,.T.);
#4535=EDGE_CURVE('',#3647,#3462,#1599,.T.);
#4536=EDGE_CURVE('',#3648,#3461,#1600,.T.);
#4537=EDGE_CURVE('',#3649,#3460,#1601,.T.);
#4538=EDGE_CURVE('',#3650,#3459,#1602,.T.);
#4539=EDGE_CURVE('',#3651,#3458,#1603,.T.);
#4540=EDGE_CURVE('',#3652,#3457,#1604,.T.);
#4541=EDGE_CURVE('',#3653,#3456,#1605,.T.);
#4542=EDGE_CURVE('',#3654,#3455,#1606,.T.);
#4543=EDGE_CURVE('',#3655,#3454,#1607,.T.);
#4544=EDGE_CURVE('',#3514,#3453,#1608,.T.);
#4545=EDGE_CURVE('',#3515,#3452,#1609,.T.);
#4546=EDGE_CURVE('',#3516,#3451,#1610,.T.);
#4547=EDGE_CURVE('',#3517,#3450,#1611,.T.);
#4548=EDGE_CURVE('',#3518,#3449,#1612,.T.);
#4549=EDGE_CURVE('',#3519,#3448,#1613,.T.);
#4550=EDGE_CURVE('',#3520,#3447,#1614,.T.);
#4551=EDGE_CURVE('',#3521,#3446,#1615,.T.);
#4552=EDGE_CURVE('',#3522,#3445,#1616,.T.);
#4553=EDGE_CURVE('',#3523,#3444,#1617,.T.);
#4554=EDGE_CURVE('',#3524,#3443,#1618,.T.);
#4555=EDGE_CURVE('',#3525,#3442,#1619,.T.);
#4556=EDGE_CURVE('',#3526,#3441,#1620,.T.);
#4557=EDGE_CURVE('',#3527,#3440,#1621,.T.);
#4558=EDGE_CURVE('',#3528,#3439,#1622,.T.);
#4559=EDGE_CURVE('',#3529,#3438,#1623,.T.);
#4560=EDGE_CURVE('',#3658,#3659,#1624,.F.);
#4561=EDGE_CURVE('',#3659,#3660,#1625,.T.);
#4562=EDGE_CURVE('',#3660,#3661,#1626,.F.);
#4563=EDGE_CURVE('',#3661,#3658,#1627,.T.);
#4564=EDGE_CURVE('',#3662,#3659,#1628,.T.);
#4565=EDGE_CURVE('',#3663,#3662,#1629,.T.);
#4566=EDGE_CURVE('',#3660,#3663,#1630,.T.);
#4567=EDGE_CURVE('',#3664,#3665,#1631,.F.);
#4568=EDGE_CURVE('',#3665,#3666,#1632,.T.);
#4569=EDGE_CURVE('',#3666,#3667,#1633,.F.);
#4570=EDGE_CURVE('',#3667,#3664,#1634,.T.);
#4571=EDGE_CURVE('',#3665,#3668,#1635,.T.);
#4572=EDGE_CURVE('',#3669,#3668,#1636,.T.);
#4573=EDGE_CURVE('',#3666,#3669,#1637,.T.);
#4574=EDGE_CURVE('',#3670,#3671,#1638,.F.);
#4575=EDGE_CURVE('',#3671,#3672,#1639,.T.);
#4576=EDGE_CURVE('',#3672,#3673,#1640,.F.);
#4577=EDGE_CURVE('',#3673,#3670,#1641,.T.);
#4578=EDGE_CURVE('',#3671,#3674,#1642,.T.);
#4579=EDGE_CURVE('',#3675,#3674,#1643,.T.);
#4580=EDGE_CURVE('',#3675,#3672,#1644,.T.);
#4581=EDGE_CURVE('',#3676,#3677,#1645,.T.);
#4582=EDGE_CURVE('',#3678,#3677,#1646,.T.);
#4583=EDGE_CURVE('',#3678,#3679,#1647,.T.);
#4584=EDGE_CURVE('',#3676,#3679,#1648,.T.);
#4585=EDGE_CURVE('',#3667,#3677,#1649,.F.);
#4586=EDGE_CURVE('',#3678,#3669,#1650,.T.);
#4587=EDGE_CURVE('',#3680,#3681,#1651,.T.);
#4588=EDGE_CURVE('',#3681,#3682,#1652,.T.);
#4589=EDGE_CURVE('',#3683,#3682,#1653,.T.);
#4590=EDGE_CURVE('',#3683,#3680,#1654,.T.);
#4591=EDGE_CURVE('',#3684,#3685,#1655,.T.);
#4592=EDGE_CURVE('',#3685,#3686,#1656,.T.);
#4593=EDGE_CURVE('',#3687,#3686,#1657,.T.);
#4594=EDGE_CURVE('',#3687,#3688,#1658,.T.);
#4595=EDGE_CURVE('',#3688,#3689,#1659,.T.);
#4596=EDGE_CURVE('',#3689,#3690,#1660,.T.);
#4597=EDGE_CURVE('',#3690,#3691,#1661,.T.);
#4598=EDGE_CURVE('',#3691,#3684,#1662,.T.);
#4599=EDGE_CURVE('',#3692,#3686,#1663,.T.);
#4600=EDGE_CURVE('',#3692,#3693,#1664,.T.);
#4601=EDGE_CURVE('',#3687,#3693,#1665,.T.);
#4602=EDGE_CURVE('',#3694,#3695,#1666,.T.);
#4603=EDGE_CURVE('',#3696,#3695,#1667,.T.);
#4604=EDGE_CURVE('',#3696,#3697,#1668,.T.);
#4605=EDGE_CURVE('',#3697,#3694,#1669,.T.);
#4606=EDGE_CURVE('',#3698,#3695,#1670,.F.);
#4607=EDGE_CURVE('',#3699,#3698,#1671,.T.);
#4608=EDGE_CURVE('',#3696,#3699,#1672,.T.);
#4609=EDGE_CURVE('',#3692,#3700,#1673,.T.);
#4610=EDGE_CURVE('',#3700,#3701,#1674,.T.);
#4611=EDGE_CURVE('',#3701,#3693,#1675,.T.);
#4612=EDGE_CURVE('',#3702,#3703,#1676,.F.);
#4613=EDGE_CURVE('',#3703,#3704,#1677,.T.);
#4614=EDGE_CURVE('',#3704,#3705,#1678,.F.);
#4615=EDGE_CURVE('',#3705,#3702,#1679,.T.);
#4616=EDGE_CURVE('',#3706,#3703,#1680,.F.);
#4617=EDGE_CURVE('',#3707,#3706,#1681,.T.);
#4618=EDGE_CURVE('',#3704,#3707,#1682,.F.);
#4619=EDGE_CURVE('',#3708,#3709,#1683,.F.);
#4620=EDGE_CURVE('',#3709,#3710,#1684,.T.);
#4621=EDGE_CURVE('',#3710,#3711,#1685,.F.);
#4622=EDGE_CURVE('',#3711,#3708,#1686,.T.);
#4623=EDGE_CURVE('',#3712,#3709,#1687,.F.);
#4624=EDGE_CURVE('',#3713,#3712,#1688,.T.);
#4625=EDGE_CURVE('',#3710,#3713,#1689,.F.);
#4626=EDGE_CURVE('',#3714,#3708,#1690,.T.);
#4627=EDGE_CURVE('',#3714,#3715,#1691,.T.);
#4628=EDGE_CURVE('',#3716,#3715,#1692,.T.);
#4629=EDGE_CURVE('',#3717,#3716,#1693,.T.);
#4630=EDGE_CURVE('',#3717,#3712,#1694,.T.);
#4631=EDGE_CURVE('',#3718,#3702,#1695,.T.);
#4632=EDGE_CURVE('',#3718,#3719,#1696,.T.);
#4633=EDGE_CURVE('',#3720,#3719,#1697,.T.);
#4634=EDGE_CURVE('',#3721,#3720,#1698,.T.);
#4635=EDGE_CURVE('',#3721,#3706,#1699,.T.);
#4636=EDGE_CURVE('',#3699,#3713,#1700,.T.);
#4637=EDGE_CURVE('',#3711,#3698,#1701,.T.);
#4638=EDGE_CURVE('',#3722,#3707,#1702,.T.);
#4639=EDGE_CURVE('',#3722,#3723,#1703,.T.);
#4640=EDGE_CURVE('',#3724,#3723,#1704,.T.);
#4641=EDGE_CURVE('',#3724,#3725,#1705,.T.);
#4642=EDGE_CURVE('',#3705,#3725,#1706,.T.);
#4643=EDGE_CURVE('',#3726,#3727,#1707,.T.);
#4644=EDGE_CURVE('',#3728,#3726,#1708,.T.);
#4645=EDGE_CURVE('',#3729,#3728,#1709,.T.);
#4646=EDGE_CURVE('',#3727,#3729,#1710,.T.);
#4647=EDGE_CURVE('',#3730,#3663,#1711,.T.);
#4648=EDGE_CURVE('',#3662,#3731,#1712,.T.);
#4649=EDGE_CURVE('',#3732,#3731,#1713,.F.);
#4650=EDGE_CURVE('',#3733,#3732,#3289,.F.);
#4651=EDGE_CURVE('',#3734,#3733,#1714,.F.);
#4652=EDGE_CURVE('',#3735,#3734,#3290,.F.);
#4653=EDGE_CURVE('',#3736,#3735,#1715,.F.);
#4654=EDGE_CURVE('',#3737,#3736,#1716,.F.);
#4655=EDGE_CURVE('',#3738,#3737,#3291,.F.);
#4656=EDGE_CURVE('',#3739,#3738,#1717,.F.);
#4657=EDGE_CURVE('',#3740,#3739,#1718,.F.);
#4658=EDGE_CURVE('',#3741,#3740,#1719,.F.);
#4659=EDGE_CURVE('',#3742,#3741,#1720,.F.);
#4660=EDGE_CURVE('',#3743,#3742,#1721,.F.);
#4661=EDGE_CURVE('',#3744,#3743,#1722,.F.);
#4662=EDGE_CURVE('',#3745,#3744,#1723,.F.);
#4663=EDGE_CURVE('',#3746,#3745,#1724,.F.);
#4664=EDGE_CURVE('',#3747,#3746,#1725,.F.);
#4665=EDGE_CURVE('',#3748,#3747,#1726,.F.);
#4666=EDGE_CURVE('',#3749,#3748,#1727,.F.);
#4667=EDGE_CURVE('',#3750,#3749,#1728,.F.);
#4668=EDGE_CURVE('',#3751,#3750,#1729,.F.);
#4669=EDGE_CURVE('',#3752,#3751,#1730,.F.);
#4670=EDGE_CURVE('',#3753,#3752,#1731,.F.);
#4671=EDGE_CURVE('',#3754,#3753,#1732,.F.);
#4672=EDGE_CURVE('',#3755,#3754,#1733,.F.);
#4673=EDGE_CURVE('',#3756,#3755,#1734,.F.);
#4674=EDGE_CURVE('',#3757,#3756,#1735,.F.);
#4675=EDGE_CURVE('',#3758,#3757,#1736,.F.);
#4676=EDGE_CURVE('',#3759,#3758,#3292,.F.);
#4677=EDGE_CURVE('',#3760,#3759,#1737,.F.);
#4678=EDGE_CURVE('',#3761,#3760,#3293,.F.);
#4679=EDGE_CURVE('',#3762,#3761,#1738,.F.);
#4680=EDGE_CURVE('',#3763,#3762,#3294,.F.);
#4681=EDGE_CURVE('',#3764,#3763,#1739,.F.);
#4682=EDGE_CURVE('',#3765,#3764,#1740,.F.);
#4683=EDGE_CURVE('',#3766,#3765,#1741,.F.);
#4684=EDGE_CURVE('',#3767,#3766,#1742,.F.);
#4685=EDGE_CURVE('',#3768,#3767,#1743,.F.);
#4686=EDGE_CURVE('',#3769,#3768,#1744,.F.);
#4687=EDGE_CURVE('',#3770,#3769,#1745,.F.);
#4688=EDGE_CURVE('',#3771,#3770,#1746,.F.);
#4689=EDGE_CURVE('',#3772,#3771,#1747,.F.);
#4690=EDGE_CURVE('',#3773,#3772,#1748,.F.);
#4691=EDGE_CURVE('',#3774,#3773,#1749,.F.);
#4692=EDGE_CURVE('',#3775,#3774,#1750,.F.);
#4693=EDGE_CURVE('',#3776,#3775,#3295,.F.);
#4694=EDGE_CURVE('',#3777,#3776,#1751,.F.);
#4695=EDGE_CURVE('',#3778,#3777,#3296,.F.);
#4696=EDGE_CURVE('',#3779,#3778,#1752,.F.);
#4697=EDGE_CURVE('',#3780,#3779,#3297,.F.);
#4698=EDGE_CURVE('',#3781,#3780,#1753,.F.);
#4699=EDGE_CURVE('',#3782,#3781,#1754,.F.);
#4700=EDGE_CURVE('',#3783,#3782,#1755,.F.);
#4701=EDGE_CURVE('',#3784,#3783,#1756,.F.);
#4702=EDGE_CURVE('',#3785,#3784,#1757,.F.);
#4703=EDGE_CURVE('',#3786,#3785,#1758,.F.);
#4704=EDGE_CURVE('',#3787,#3786,#1759,.F.);
#4705=EDGE_CURVE('',#3788,#3787,#1760,.F.);
#4706=EDGE_CURVE('',#3789,#3788,#1761,.F.);
#4707=EDGE_CURVE('',#3790,#3789,#1762,.F.);
#4708=EDGE_CURVE('',#3791,#3790,#1763,.F.);
#4709=EDGE_CURVE('',#3792,#3791,#1764,.F.);
#4710=EDGE_CURVE('',#3793,#3792,#3298,.F.);
#4711=EDGE_CURVE('',#3794,#3793,#1765,.F.);
#4712=EDGE_CURVE('',#3795,#3794,#3299,.F.);
#4713=EDGE_CURVE('',#3796,#3795,#1766,.F.);
#4714=EDGE_CURVE('',#3797,#3796,#3300,.F.);
#4715=EDGE_CURVE('',#3798,#3797,#1767,.F.);
#4716=EDGE_CURVE('',#3799,#3798,#1768,.F.);
#4717=EDGE_CURVE('',#3730,#3799,#1769,.F.);
#4718=EDGE_CURVE('',#3800,#3684,#1770,.T.);
#4719=EDGE_CURVE('',#3801,#3691,#1771,.T.);
#4720=EDGE_CURVE('',#3802,#3801,#3301,.F.);
#4721=EDGE_CURVE('',#3688,#3802,#1772,.F.);
#4722=EDGE_CURVE('',#3803,#3701,#1773,.T.);
#4723=EDGE_CURVE('',#3804,#3803,#1774,.F.);
#4724=EDGE_CURVE('',#3805,#3804,#3302,.F.);
#4725=EDGE_CURVE('',#3806,#3805,#1775,.F.);
#4726=EDGE_CURVE('',#3806,#3807,#1776,.F.);
#4727=EDGE_CURVE('',#3807,#3808,#1777,.T.);
#4728=EDGE_CURVE('',#3808,#3697,#1778,.F.);
#4729=EDGE_CURVE('',#3717,#3722,#1779,.T.);
#4730=EDGE_CURVE('',#3721,#3809,#1780,.T.);
#4731=EDGE_CURVE('',#3809,#3810,#1781,.T.);
#4732=EDGE_CURVE('',#3682,#3810,#1782,.T.);
#4733=EDGE_CURVE('',#3811,#3681,#1783,.T.);
#4734=EDGE_CURVE('',#3811,#3800,#1784,.T.);
#4735=EDGE_CURVE('',#3812,#3813,#1785,.F.);
#4736=EDGE_CURVE('',#3813,#3814,#1786,.F.);
#4737=EDGE_CURVE('',#3814,#3815,#1787,.F.);
#4738=EDGE_CURVE('',#3815,#3812,#1788,.T.);
#4739=EDGE_CURVE('',#3668,#3679,#1789,.T.);
#4740=EDGE_CURVE('',#3674,#3816,#1790,.F.);
#4741=EDGE_CURVE('',#3816,#3817,#1791,.F.);
#4742=EDGE_CURVE('',#3817,#3818,#1792,.T.);
#4743=EDGE_CURVE('',#3818,#3819,#1793,.T.);
#4744=EDGE_CURVE('',#3819,#3820,#1794,.T.);
#4745=EDGE_CURVE('',#3820,#3821,#1795,.F.);
#4746=EDGE_CURVE('',#3821,#3675,#1796,.F.);
#4747=EDGE_CURVE('',#3822,#3822,#3303,.F.);
#4748=EDGE_CURVE('',#3823,#3823,#3304,.F.);
#4749=EDGE_CURVE('',#3824,#3825,#1797,.T.);
#4750=EDGE_CURVE('',#3825,#3728,#1798,.T.);
#4751=EDGE_CURVE('',#3726,#3826,#1799,.F.);
#4752=EDGE_CURVE('',#3826,#3827,#1800,.T.);
#4753=EDGE_CURVE('',#3827,#3828,#1801,.T.);
#4754=EDGE_CURVE('',#3828,#3829,#1802,.T.);
#4755=EDGE_CURVE('',#3829,#3830,#1803,.F.);
#4756=EDGE_CURVE('',#3830,#3824,#1804,.T.);
#4757=EDGE_CURVE('',#3831,#3727,#1805,.T.);
#4758=EDGE_CURVE('',#3831,#3826,#1806,.T.);
#4759=EDGE_CURVE('',#3832,#3825,#1807,.T.);
#4760=EDGE_CURVE('',#3729,#3832,#1808,.T.);
#4761=EDGE_CURVE('',#3833,#3831,#1809,.T.);
#4762=EDGE_CURVE('',#3827,#3833,#1810,.T.);
#4763=EDGE_CURVE('',#3834,#3833,#1811,.T.);
#4764=EDGE_CURVE('',#3828,#3834,#1812,.T.);
#4765=EDGE_CURVE('',#3835,#3836,#1813,.T.);
#4766=EDGE_CURVE('',#3836,#3837,#1814,.T.);
#4767=EDGE_CURVE('',#3837,#3838,#1815,.T.);
#4768=EDGE_CURVE('',#3838,#3835,#1816,.T.);
#4769=EDGE_CURVE('',#3838,#3839,#1817,.T.);
#4770=EDGE_CURVE('',#3839,#3840,#1818,.T.);
#4771=EDGE_CURVE('',#3840,#3835,#1819,.T.);
#4772=EDGE_CURVE('',#3836,#3841,#1820,.T.);
#4773=EDGE_CURVE('',#3841,#3842,#1821,.T.);
#4774=EDGE_CURVE('',#3842,#3837,#1822,.T.);
#4775=EDGE_CURVE('',#3839,#3842,#1823,.T.);
#4776=EDGE_CURVE('',#3841,#3840,#1824,.T.);
#4777=EDGE_CURVE('',#3838,#3814,#1825,.T.);
#4778=EDGE_CURVE('',#3839,#3813,#1826,.T.);
#4779=EDGE_CURVE('',#3837,#3815,#1827,.T.);
#4780=EDGE_CURVE('',#3661,#3843,#1828,.F.);
#4781=EDGE_CURVE('',#3843,#3844,#1829,.T.);
#4782=EDGE_CURVE('',#3844,#3845,#1830,.T.);
#4783=EDGE_CURVE('',#3845,#3846,#1831,.T.);
#4784=EDGE_CURVE('',#3846,#3847,#3305,.T.);
#4785=EDGE_CURVE('',#3847,#3848,#1832,.T.);
#4786=EDGE_CURVE('',#3848,#3849,#3306,.T.);
#4787=EDGE_CURVE('',#3849,#3850,#1833,.T.);
#4788=EDGE_CURVE('',#3850,#3851,#3307,.T.);
#4789=EDGE_CURVE('',#3851,#3852,#1834,.T.);
#4790=EDGE_CURVE('',#3852,#3853,#1835,.T.);
#4791=EDGE_CURVE('',#3853,#3854,#1836,.T.);
#4792=EDGE_CURVE('',#3854,#3855,#1837,.T.);
#4793=EDGE_CURVE('',#3855,#3856,#1838,.T.);
#4794=EDGE_CURVE('',#3856,#3857,#1839,.T.);
#4795=EDGE_CURVE('',#3857,#3858,#1840,.T.);
#4796=EDGE_CURVE('',#3858,#3859,#1841,.T.);
#4797=EDGE_CURVE('',#3859,#3860,#1842,.T.);
#4798=EDGE_CURVE('',#3860,#3861,#1843,.T.);
#4799=EDGE_CURVE('',#3861,#3862,#1844,.T.);
#4800=EDGE_CURVE('',#3862,#3863,#1845,.T.);
#4801=EDGE_CURVE('',#3863,#3864,#3308,.T.);
#4802=EDGE_CURVE('',#3864,#3865,#1846,.T.);
#4803=EDGE_CURVE('',#3865,#3866,#3309,.T.);
#4804=EDGE_CURVE('',#3866,#3867,#1847,.T.);
#4805=EDGE_CURVE('',#3867,#3868,#3310,.T.);
#4806=EDGE_CURVE('',#3868,#3869,#1848,.T.);
#4807=EDGE_CURVE('',#3869,#3870,#1849,.T.);
#4808=EDGE_CURVE('',#3870,#3871,#1850,.T.);
#4809=EDGE_CURVE('',#3871,#3872,#1851,.T.);
#4810=EDGE_CURVE('',#3872,#3873,#1852,.T.);
#4811=EDGE_CURVE('',#3873,#3874,#1853,.T.);
#4812=EDGE_CURVE('',#3874,#3875,#1854,.T.);
#4813=EDGE_CURVE('',#3875,#3876,#1855,.T.);
#4814=EDGE_CURVE('',#3876,#3877,#1856,.T.);
#4815=EDGE_CURVE('',#3877,#3878,#1857,.T.);
#4816=EDGE_CURVE('',#3878,#3879,#1858,.T.);
#4817=EDGE_CURVE('',#3879,#3880,#1859,.T.);
#4818=EDGE_CURVE('',#3880,#3881,#3311,.T.);
#4819=EDGE_CURVE('',#3881,#3882,#1860,.T.);
#4820=EDGE_CURVE('',#3882,#3883,#3312,.T.);
#4821=EDGE_CURVE('',#3883,#3884,#1861,.T.);
#4822=EDGE_CURVE('',#3884,#3885,#3313,.T.);
#4823=EDGE_CURVE('',#3885,#3886,#1862,.T.);
#4824=EDGE_CURVE('',#3886,#3887,#1863,.T.);
#4825=EDGE_CURVE('',#3887,#3888,#1864,.T.);
#4826=EDGE_CURVE('',#3888,#3889,#1865,.T.);
#4827=EDGE_CURVE('',#3889,#3890,#1866,.T.);
#4828=EDGE_CURVE('',#3890,#3891,#1867,.T.);
#4829=EDGE_CURVE('',#3891,#3892,#1868,.T.);
#4830=EDGE_CURVE('',#3892,#3893,#1869,.T.);
#4831=EDGE_CURVE('',#3893,#3894,#1870,.T.);
#4832=EDGE_CURVE('',#3894,#3895,#1871,.T.);
#4833=EDGE_CURVE('',#3895,#3896,#1872,.T.);
#4834=EDGE_CURVE('',#3896,#3897,#1873,.T.);
#4835=EDGE_CURVE('',#3897,#3898,#1874,.T.);
#4836=EDGE_CURVE('',#3898,#3899,#1875,.T.);
#4837=EDGE_CURVE('',#3899,#3900,#1876,.T.);
#4838=EDGE_CURVE('',#3900,#3901,#1877,.T.);
#4839=EDGE_CURVE('',#3901,#3902,#1878,.T.);
#4840=EDGE_CURVE('',#3902,#3903,#1879,.T.);
#4841=EDGE_CURVE('',#3903,#3904,#1880,.T.);
#4842=EDGE_CURVE('',#3904,#3905,#1881,.T.);
#4843=EDGE_CURVE('',#3905,#3906,#3314,.T.);
#4844=EDGE_CURVE('',#3906,#3907,#1882,.T.);
#4845=EDGE_CURVE('',#3907,#3908,#1883,.T.);
#4846=EDGE_CURVE('',#3908,#3909,#3315,.T.);
#4847=EDGE_CURVE('',#3909,#3910,#1884,.T.);
#4848=EDGE_CURVE('',#3910,#3911,#3316,.T.);
#4849=EDGE_CURVE('',#3911,#3912,#1885,.T.);
#4850=EDGE_CURVE('',#3912,#3658,#1886,.F.);
#4851=EDGE_CURVE('',#3676,#3664,#1887,.T.);
#4852=EDGE_CURVE('',#3913,#3673,#1888,.F.);
#4853=EDGE_CURVE('',#3913,#3914,#1889,.T.);
#4854=EDGE_CURVE('',#3914,#3915,#1890,.F.);
#4855=EDGE_CURVE('',#3915,#3916,#1891,.F.);
#4856=EDGE_CURVE('',#3916,#3917,#1892,.F.);
#4857=EDGE_CURVE('',#3918,#3917,#1893,.F.);
#4858=EDGE_CURVE('',#3670,#3918,#1894,.T.);
#4859=EDGE_CURVE('',#3725,#3714,#1895,.F.);
#4860=EDGE_CURVE('',#3919,#3694,#1896,.F.);
#4861=EDGE_CURVE('',#3919,#3920,#1897,.F.);
#4862=EDGE_CURVE('',#3920,#3700,#1898,.T.);
#4863=EDGE_CURVE('',#3685,#3921,#1899,.T.);
#4864=EDGE_CURVE('',#3921,#3922,#1900,.T.);
#4865=EDGE_CURVE('',#3922,#3680,#1901,.T.);
#4866=EDGE_CURVE('',#3683,#3718,#1902,.F.);
#4867=EDGE_CURVE('',#3923,#3924,#1903,.F.);
#4868=EDGE_CURVE('',#3924,#3925,#1904,.T.);
#4869=EDGE_CURVE('',#3925,#3834,#1905,.F.);
#4870=EDGE_CURVE('',#3832,#3923,#1906,.F.);
#4871=EDGE_CURVE('',#3926,#3926,#3317,.T.);
#4872=EDGE_CURVE('',#3927,#3927,#3318,.T.);
#4873=EDGE_CURVE('',#3928,#3928,#3319,.T.);
#4874=EDGE_CURVE('',#3929,#3929,#3320,.T.);
#4875=EDGE_CURVE('',#3800,#3921,#1907,.T.);
#4876=EDGE_CURVE('',#3922,#3811,#1908,.T.);
#4877=EDGE_CURVE('',#3723,#3716,#1909,.T.);
#4878=EDGE_CURVE('',#3715,#3724,#1910,.T.);
#4879=EDGE_CURVE('',#3930,#3720,#1911,.T.);
#4880=EDGE_CURVE('',#3809,#3930,#1912,.T.);
#4881=EDGE_CURVE('',#3931,#3930,#1913,.T.);
#4882=EDGE_CURVE('',#3810,#3931,#1914,.T.);
#4883=EDGE_CURVE('',#3719,#3931,#1915,.T.);
#4884=EDGE_CURVE('',#3926,#3932,#1916,.T.);
#4885=EDGE_CURVE('',#3932,#3932,#3321,.T.);
#4886=EDGE_CURVE('',#3927,#3933,#1917,.T.);
#4887=EDGE_CURVE('',#3933,#3933,#3322,.T.);
#4888=EDGE_CURVE('',#3928,#3934,#1918,.T.);
#4889=EDGE_CURVE('',#3934,#3934,#3323,.T.);
#4890=EDGE_CURVE('',#3929,#3935,#1919,.T.);
#4891=EDGE_CURVE('',#3936,#3935,#19,.T.);
#4892=EDGE_CURVE('',#3935,#3936,#20,.T.);
#4893=EDGE_CURVE('',#3934,#3937,#1920,.T.);
#4894=EDGE_CURVE('',#3937,#3937,#3324,.T.);
#4895=EDGE_CURVE('',#3933,#3938,#1921,.T.);
#4896=EDGE_CURVE('',#3938,#3938,#3325,.T.);
#4897=EDGE_CURVE('',#3932,#3939,#1922,.T.);
#4898=EDGE_CURVE('',#3939,#3939,#3326,.T.);
#4899=EDGE_CURVE('',#3935,#3940,#1923,.T.);
#4900=EDGE_CURVE('',#3940,#3940,#3327,.T.);
#4901=EDGE_CURVE('',#3805,#3941,#1924,.T.);
#4902=EDGE_CURVE('',#3942,#3941,#1925,.F.);
#4903=EDGE_CURVE('',#3806,#3942,#1926,.T.);
#4904=EDGE_CURVE('',#3804,#3943,#1927,.T.);
#4905=EDGE_CURVE('',#3941,#3943,#3328,.F.);
#4906=EDGE_CURVE('',#3803,#3944,#1928,.T.);
#4907=EDGE_CURVE('',#3943,#3944,#1929,.F.);
#4908=EDGE_CURVE('',#3802,#3945,#1930,.T.);
#4909=EDGE_CURVE('',#3945,#3689,#1931,.T.);
#4910=EDGE_CURVE('',#3946,#3762,#1932,.T.);
#4911=EDGE_CURVE('',#3946,#3947,#3329,.T.);
#4912=EDGE_CURVE('',#3947,#3763,#1933,.T.);
#4913=EDGE_CURVE('',#3948,#3761,#1934,.T.);
#4914=EDGE_CURVE('',#3948,#3946,#1935,.T.);
#4915=EDGE_CURVE('',#3949,#3760,#1936,.T.);
#4916=EDGE_CURVE('',#3949,#3948,#3330,.T.);
#4917=EDGE_CURVE('',#3950,#3759,#1937,.T.);
#4918=EDGE_CURVE('',#3950,#3949,#1938,.T.);
#4919=EDGE_CURVE('',#3951,#3758,#1939,.T.);
#4920=EDGE_CURVE('',#3951,#3950,#3331,.T.);
#4921=EDGE_CURVE('',#3952,#3757,#1940,.T.);
#4922=EDGE_CURVE('',#3952,#3951,#1941,.T.);
#4923=EDGE_CURVE('',#3953,#3756,#1942,.T.);
#4924=EDGE_CURVE('',#3953,#3952,#1943,.T.);
#4925=EDGE_CURVE('',#3954,#3755,#1944,.T.);
#4926=EDGE_CURVE('',#3954,#3953,#1945,.T.);
#4927=EDGE_CURVE('',#3955,#3754,#1946,.T.);
#4928=EDGE_CURVE('',#3955,#3954,#1947,.T.);
#4929=EDGE_CURVE('',#3956,#3753,#1948,.T.);
#4930=EDGE_CURVE('',#3956,#3955,#1949,.T.);
#4931=EDGE_CURVE('',#3957,#3752,#1950,.T.);
#4932=EDGE_CURVE('',#3957,#3956,#1951,.T.);
#4933=EDGE_CURVE('',#3958,#3751,#1952,.T.);
#4934=EDGE_CURVE('',#3958,#3957,#1953,.T.);
#4935=EDGE_CURVE('',#3959,#3750,#1954,.T.);
#4936=EDGE_CURVE('',#3959,#3958,#1955,.T.);
#4937=EDGE_CURVE('',#3960,#3749,#1956,.T.);
#4938=EDGE_CURVE('',#3960,#3959,#1957,.T.);
#4939=EDGE_CURVE('',#3961,#3748,#1958,.T.);
#4940=EDGE_CURVE('',#3961,#3960,#1959,.T.);
#4941=EDGE_CURVE('',#3962,#3747,#1960,.T.);
#4942=EDGE_CURVE('',#3962,#3961,#1961,.T.);
#4943=EDGE_CURVE('',#3963,#3746,#1962,.T.);
#4944=EDGE_CURVE('',#3963,#3962,#1963,.T.);
#4945=EDGE_CURVE('',#3964,#3745,#1964,.T.);
#4946=EDGE_CURVE('',#3964,#3963,#1965,.T.);
#4947=EDGE_CURVE('',#3965,#3744,#1966,.T.);
#4948=EDGE_CURVE('',#3965,#3964,#1967,.T.);
#4949=EDGE_CURVE('',#3966,#3743,#1968,.T.);
#4950=EDGE_CURVE('',#3966,#3965,#1969,.T.);
#4951=EDGE_CURVE('',#3967,#3742,#1970,.T.);
#4952=EDGE_CURVE('',#3967,#3966,#1971,.T.);
#4953=EDGE_CURVE('',#3968,#3741,#1972,.T.);
#4954=EDGE_CURVE('',#3968,#3967,#1973,.T.);
#4955=EDGE_CURVE('',#3969,#3740,#1974,.T.);
#4956=EDGE_CURVE('',#3969,#3968,#1975,.T.);
#4957=EDGE_CURVE('',#3970,#3739,#1976,.T.);
#4958=EDGE_CURVE('',#3970,#3969,#1977,.T.);
#4959=EDGE_CURVE('',#3971,#3738,#1978,.T.);
#4960=EDGE_CURVE('',#3971,#3970,#1979,.T.);
#4961=EDGE_CURVE('',#3972,#3737,#1980,.T.);
#4962=EDGE_CURVE('',#3972,#3971,#3332,.T.);
#4963=EDGE_CURVE('',#3973,#3736,#1981,.T.);
#4964=EDGE_CURVE('',#3973,#3972,#1982,.T.);
#4965=EDGE_CURVE('',#3974,#3735,#1983,.T.);
#4966=EDGE_CURVE('',#3974,#3973,#1984,.T.);
#4967=EDGE_CURVE('',#3975,#3734,#1985,.T.);
#4968=EDGE_CURVE('',#3975,#3974,#3333,.T.);
#4969=EDGE_CURVE('',#3976,#3733,#1986,.T.);
#4970=EDGE_CURVE('',#3976,#3975,#1987,.T.);
#4971=EDGE_CURVE('',#3977,#3732,#1988,.T.);
#4972=EDGE_CURVE('',#3977,#3976,#3334,.T.);
#4973=EDGE_CURVE('',#3731,#3978,#1989,.T.);
#4974=EDGE_CURVE('',#3978,#3979,#1990,.T.);
#4975=EDGE_CURVE('',#3979,#3730,#1991,.T.);
#4976=EDGE_CURVE('',#3980,#3799,#1992,.T.);
#4977=EDGE_CURVE('',#3980,#3981,#1993,.T.);
#4978=EDGE_CURVE('',#3982,#3981,#1994,.T.);
#4979=EDGE_CURVE('',#3982,#3983,#1995,.T.);
#4980=EDGE_CURVE('',#3984,#3983,#1996,.T.);
#4981=EDGE_CURVE('',#3984,#3977,#1997,.T.);
#4982=EDGE_CURVE('',#3945,#3985,#3335,.F.);
#4983=EDGE_CURVE('',#3985,#3690,#1998,.F.);
#4984=EDGE_CURVE('',#3986,#3986,#3336,.F.);
#4985=EDGE_CURVE('',#3944,#3942,#1999,.F.);
#4986=EDGE_CURVE('',#3987,#3987,#3337,.F.);
#4987=EDGE_CURVE('',#3988,#3989,#2000,.T.);
#4988=EDGE_CURVE('',#3979,#3988,#2001,.T.);
#4989=EDGE_CURVE('',#3989,#3978,#2002,.T.);
#4990=EDGE_CURVE('',#3801,#3985,#2003,.T.);
#4991=EDGE_CURVE('',#3919,#3808,#2004,.T.);
#4992=EDGE_CURVE('',#3807,#3920,#2005,.T.);
#4993=EDGE_CURVE('',#3987,#3823,#2006,.T.);
#4994=EDGE_CURVE('',#3986,#3822,#2007,.T.);
#4995=EDGE_CURVE('',#3990,#3991,#2008,.T.);
#4996=EDGE_CURVE('',#3992,#3990,#2009,.T.);
#4997=EDGE_CURVE('',#3993,#3992,#2010,.T.);
#4998=EDGE_CURVE('',#3991,#3993,#2011,.T.);
#4999=EDGE_CURVE('',#3991,#3994,#2012,.T.);
#5000=EDGE_CURVE('',#3994,#3995,#2013,.T.);
#5001=EDGE_CURVE('',#3995,#3990,#2014,.T.);
#5002=EDGE_CURVE('',#3996,#3994,#2015,.T.);
#5003=EDGE_CURVE('',#3997,#3996,#2016,.T.);
#5004=EDGE_CURVE('',#3995,#3997,#2017,.T.);
#5005=EDGE_CURVE('',#3998,#3992,#2018,.T.);
#5006=EDGE_CURVE('',#3999,#3998,#2019,.T.);
#5007=EDGE_CURVE('',#3947,#3999,#2020,.T.);
#5008=EDGE_CURVE('',#3984,#4000,#2021,.T.);
#5009=EDGE_CURVE('',#4001,#4000,#2022,.T.);
#5010=EDGE_CURVE('',#4002,#4001,#3338,.T.);
#5011=EDGE_CURVE('',#4003,#4002,#2023,.T.);
#5012=EDGE_CURVE('',#4004,#4003,#3339,.T.);
#5013=EDGE_CURVE('',#4005,#4004,#2024,.T.);
#5014=EDGE_CURVE('',#4006,#4005,#2025,.T.);
#5015=EDGE_CURVE('',#4007,#4006,#3340,.T.);
#5016=EDGE_CURVE('',#4008,#4007,#2026,.T.);
#5017=EDGE_CURVE('',#4009,#4008,#2027,.T.);
#5018=EDGE_CURVE('',#4010,#4009,#2028,.T.);
#5019=EDGE_CURVE('',#4011,#4010,#2029,.T.);
#5020=EDGE_CURVE('',#4012,#4011,#2030,.T.);
#5021=EDGE_CURVE('',#4013,#4012,#2031,.T.);
#5022=EDGE_CURVE('',#4014,#4013,#2032,.T.);
#5023=EDGE_CURVE('',#4015,#4014,#2033,.T.);
#5024=EDGE_CURVE('',#4016,#4015,#2034,.T.);
#5025=EDGE_CURVE('',#4017,#4016,#2035,.T.);
#5026=EDGE_CURVE('',#4018,#4017,#2036,.T.);
#5027=EDGE_CURVE('',#4019,#4018,#2037,.T.);
#5028=EDGE_CURVE('',#4020,#4019,#2038,.T.);
#5029=EDGE_CURVE('',#4021,#4020,#2039,.T.);
#5030=EDGE_CURVE('',#4022,#4021,#2040,.T.);
#5031=EDGE_CURVE('',#4023,#4022,#2041,.T.);
#5032=EDGE_CURVE('',#4024,#4023,#2042,.T.);
#5033=EDGE_CURVE('',#4025,#4024,#2043,.T.);
#5034=EDGE_CURVE('',#4026,#4025,#2044,.T.);
#5035=EDGE_CURVE('',#4027,#4026,#2045,.T.);
#5036=EDGE_CURVE('',#4028,#4027,#3341,.T.);
#5037=EDGE_CURVE('',#4029,#4028,#2046,.T.);
#5038=EDGE_CURVE('',#4030,#4029,#3342,.T.);
#5039=EDGE_CURVE('',#4031,#4030,#2047,.T.);
#5040=EDGE_CURVE('',#4032,#4031,#3343,.T.);
#5041=EDGE_CURVE('',#4033,#4032,#2048,.T.);
#5042=EDGE_CURVE('',#4034,#4033,#2049,.T.);
#5043=EDGE_CURVE('',#3993,#4034,#2050,.T.);
#5044=EDGE_CURVE('',#4035,#3996,#2051,.T.);
#5045=EDGE_CURVE('',#4036,#4035,#2052,.T.);
#5046=EDGE_CURVE('',#4037,#4036,#2053,.T.);
#5047=EDGE_CURVE('',#4038,#4037,#2054,.T.);
#5048=EDGE_CURVE('',#4039,#4038,#2055,.T.);
#5049=EDGE_CURVE('',#4040,#4039,#2056,.T.);
#5050=EDGE_CURVE('',#4041,#4040,#2057,.T.);
#5051=EDGE_CURVE('',#4042,#4041,#2058,.T.);
#5052=EDGE_CURVE('',#4043,#4042,#2059,.T.);
#5053=EDGE_CURVE('',#4044,#4043,#2060,.T.);
#5054=EDGE_CURVE('',#4045,#4044,#3344,.T.);
#5055=EDGE_CURVE('',#4046,#4045,#2061,.T.);
#5056=EDGE_CURVE('',#4047,#4046,#3345,.T.);
#5057=EDGE_CURVE('',#4048,#4047,#2062,.T.);
#5058=EDGE_CURVE('',#4049,#4048,#3346,.T.);
#5059=EDGE_CURVE('',#4050,#4049,#2063,.T.);
#5060=EDGE_CURVE('',#4051,#4050,#2064,.T.);
#5061=EDGE_CURVE('',#4052,#4051,#2065,.T.);
#5062=EDGE_CURVE('',#4053,#4052,#2066,.T.);
#5063=EDGE_CURVE('',#4054,#4053,#2067,.T.);
#5064=EDGE_CURVE('',#4055,#4054,#2068,.T.);
#5065=EDGE_CURVE('',#4056,#4055,#2069,.T.);
#5066=EDGE_CURVE('',#4057,#4056,#2070,.T.);
#5067=EDGE_CURVE('',#4058,#4057,#2071,.T.);
#5068=EDGE_CURVE('',#4059,#4058,#2072,.T.);
#5069=EDGE_CURVE('',#4060,#4059,#2073,.T.);
#5070=EDGE_CURVE('',#4061,#4060,#2074,.T.);
#5071=EDGE_CURVE('',#4062,#4061,#3347,.T.);
#5072=EDGE_CURVE('',#4063,#4062,#2075,.T.);
#5073=EDGE_CURVE('',#4064,#4063,#3348,.T.);
#5074=EDGE_CURVE('',#4065,#4064,#2076,.T.);
#5075=EDGE_CURVE('',#4066,#4065,#3349,.T.);
#5076=EDGE_CURVE('',#4067,#4066,#2077,.T.);
#5077=EDGE_CURVE('',#4068,#4067,#2078,.T.);
#5078=EDGE_CURVE('',#4069,#4068,#2079,.T.);
#5079=EDGE_CURVE('',#4069,#3981,#2080,.T.);
#5080=EDGE_CURVE('',#4070,#3980,#2081,.T.);
#5081=EDGE_CURVE('',#4071,#4070,#2082,.T.);
#5082=EDGE_CURVE('',#4072,#4071,#3350,.T.);
#5083=EDGE_CURVE('',#4073,#4072,#2083,.T.);
#5084=EDGE_CURVE('',#4074,#4073,#3351,.T.);
#5085=EDGE_CURVE('',#4075,#4074,#2084,.T.);
#5086=EDGE_CURVE('',#4076,#4075,#3352,.T.);
#5087=EDGE_CURVE('',#4077,#4076,#2085,.T.);
#5088=EDGE_CURVE('',#4078,#4077,#2086,.T.);
#5089=EDGE_CURVE('',#4079,#4078,#2087,.T.);
#5090=EDGE_CURVE('',#4080,#4079,#2088,.T.);
#5091=EDGE_CURVE('',#4081,#4080,#2089,.T.);
#5092=EDGE_CURVE('',#4082,#4081,#2090,.T.);
#5093=EDGE_CURVE('',#4083,#4082,#2091,.T.);
#5094=EDGE_CURVE('',#4084,#4083,#2092,.T.);
#5095=EDGE_CURVE('',#4085,#4084,#2093,.T.);
#5096=EDGE_CURVE('',#4086,#4085,#2094,.T.);
#5097=EDGE_CURVE('',#4087,#4086,#2095,.T.);
#5098=EDGE_CURVE('',#4088,#4087,#2096,.T.);
#5099=EDGE_CURVE('',#4089,#4088,#3353,.T.);
#5100=EDGE_CURVE('',#4090,#4089,#2097,.T.);
#5101=EDGE_CURVE('',#4091,#4090,#3354,.T.);
#5102=EDGE_CURVE('',#4092,#4091,#2098,.T.);
#5103=EDGE_CURVE('',#4093,#4092,#3355,.T.);
#5104=EDGE_CURVE('',#4094,#4093,#2099,.T.);
#5105=EDGE_CURVE('',#4095,#4094,#2100,.T.);
#5106=EDGE_CURVE('',#4096,#4095,#2101,.T.);
#5107=EDGE_CURVE('',#4097,#4096,#2102,.T.);
#5108=EDGE_CURVE('',#4098,#4097,#2103,.T.);
#5109=EDGE_CURVE('',#4099,#4098,#2104,.T.);
#5110=EDGE_CURVE('',#4100,#4099,#2105,.T.);
#5111=EDGE_CURVE('',#4101,#4100,#2106,.T.);
#5112=EDGE_CURVE('',#4102,#4101,#2107,.T.);
#5113=EDGE_CURVE('',#3997,#4102,#2108,.T.);
#5114=EDGE_CURVE('',#3842,#3812,#2109,.T.);
#5115=EDGE_CURVE('',#3918,#3816,#2110,.T.);
#5116=EDGE_CURVE('',#3817,#3917,#2111,.T.);
#5117=EDGE_CURVE('',#3916,#3818,#2112,.T.);
#5118=EDGE_CURVE('',#3913,#3821,#2113,.T.);
#5119=EDGE_CURVE('',#3914,#3820,#2114,.T.);
#5120=EDGE_CURVE('',#3915,#3819,#2115,.T.);
#5121=EDGE_CURVE('',#3925,#3829,#2116,.T.);
#5122=EDGE_CURVE('',#3824,#3923,#2117,.T.);
#5123=EDGE_CURVE('',#3924,#3830,#2118,.T.);
#5124=EDGE_CURVE('',#3843,#3988,#2119,.T.);
#5125=EDGE_CURVE('',#3989,#3912,#2120,.T.);
#5126=EDGE_CURVE('',#4001,#3911,#2121,.T.);
#5127=EDGE_CURVE('',#4103,#4000,#2122,.T.);
#5128=EDGE_CURVE('',#4103,#4104,#2123,.T.);
#5129=EDGE_CURVE('',#4069,#4104,#2124,.T.);
#5130=EDGE_CURVE('',#4068,#3844,#2125,.T.);
#5131=EDGE_CURVE('',#4104,#3982,#2126,.T.);
#5132=EDGE_CURVE('',#3983,#4103,#2127,.T.);
#5133=EDGE_CURVE('',#4070,#3798,#2128,.T.);
#5134=EDGE_CURVE('',#4071,#3797,#2129,.T.);
#5135=EDGE_CURVE('',#4072,#3796,#2130,.T.);
#5136=EDGE_CURVE('',#4073,#3795,#2131,.T.);
#5137=EDGE_CURVE('',#4074,#3794,#2132,.T.);
#5138=EDGE_CURVE('',#4075,#3793,#2133,.T.);
#5139=EDGE_CURVE('',#4076,#3792,#2134,.T.);
#5140=EDGE_CURVE('',#4077,#3791,#2135,.T.);
#5141=EDGE_CURVE('',#4078,#3790,#2136,.T.);
#5142=EDGE_CURVE('',#4079,#3789,#2137,.T.);
#5143=EDGE_CURVE('',#4080,#3788,#2138,.T.);
#5144=EDGE_CURVE('',#4081,#3787,#2139,.T.);
#5145=EDGE_CURVE('',#4082,#3786,#2140,.T.);
#5146=EDGE_CURVE('',#4083,#3785,#2141,.T.);
#5147=EDGE_CURVE('',#4084,#3784,#2142,.T.);
#5148=EDGE_CURVE('',#4085,#3783,#2143,.T.);
#5149=EDGE_CURVE('',#4086,#3782,#2144,.T.);
#5150=EDGE_CURVE('',#4087,#3781,#2145,.T.);
#5151=EDGE_CURVE('',#4088,#3780,#2146,.T.);
#5152=EDGE_CURVE('',#4089,#3779,#2147,.T.);
#5153=EDGE_CURVE('',#4090,#3778,#2148,.T.);
#5154=EDGE_CURVE('',#4091,#3777,#2149,.T.);
#5155=EDGE_CURVE('',#4092,#3776,#2150,.T.);
#5156=EDGE_CURVE('',#4093,#3775,#2151,.T.);
#5157=EDGE_CURVE('',#4094,#3774,#2152,.T.);
#5158=EDGE_CURVE('',#4095,#3773,#2153,.T.);
#5159=EDGE_CURVE('',#4096,#3772,#2154,.T.);
#5160=EDGE_CURVE('',#4097,#3771,#2155,.T.);
#5161=EDGE_CURVE('',#4098,#3770,#2156,.T.);
#5162=EDGE_CURVE('',#4099,#3769,#2157,.T.);
#5163=EDGE_CURVE('',#4100,#3768,#2158,.T.);
#5164=EDGE_CURVE('',#4101,#3767,#2159,.T.);
#5165=EDGE_CURVE('',#4102,#3766,#2160,.T.);
#5166=EDGE_CURVE('',#3998,#3765,#2161,.T.);
#5167=EDGE_CURVE('',#3999,#3764,#2162,.T.);
#5168=EDGE_CURVE('',#4020,#3892,#2163,.T.);
#5169=EDGE_CURVE('',#4021,#3891,#2164,.T.);
#5170=EDGE_CURVE('',#4022,#3890,#2165,.T.);
#5171=EDGE_CURVE('',#4023,#3889,#2166,.T.);
#5172=EDGE_CURVE('',#4024,#3888,#2167,.T.);
#5173=EDGE_CURVE('',#4025,#3887,#2168,.T.);
#5174=EDGE_CURVE('',#4026,#3886,#2169,.T.);
#5175=EDGE_CURVE('',#4027,#3885,#2170,.T.);
#5176=EDGE_CURVE('',#4028,#3884,#2171,.T.);
#5177=EDGE_CURVE('',#4029,#3883,#2172,.T.);
#5178=EDGE_CURVE('',#4030,#3882,#2173,.T.);
#5179=EDGE_CURVE('',#4031,#3881,#2174,.T.);
#5180=EDGE_CURVE('',#4032,#3880,#2175,.T.);
#5181=EDGE_CURVE('',#4033,#3879,#2176,.T.);
#5182=EDGE_CURVE('',#4034,#3878,#2177,.T.);
#5183=EDGE_CURVE('',#4035,#3877,#2178,.T.);
#5184=EDGE_CURVE('',#4036,#3876,#2179,.T.);
#5185=EDGE_CURVE('',#4037,#3875,#2180,.T.);
#5186=EDGE_CURVE('',#4038,#3874,#2181,.T.);
#5187=EDGE_CURVE('',#4039,#3873,#2182,.T.);
#5188=EDGE_CURVE('',#4040,#3872,#2183,.T.);
#5189=EDGE_CURVE('',#4041,#3871,#2184,.T.);
#5190=EDGE_CURVE('',#4042,#3870,#2185,.T.);
#5191=EDGE_CURVE('',#4043,#3869,#2186,.T.);
#5192=EDGE_CURVE('',#4044,#3868,#2187,.T.);
#5193=EDGE_CURVE('',#4045,#3867,#2188,.T.);
#5194=EDGE_CURVE('',#4046,#3866,#2189,.T.);
#5195=EDGE_CURVE('',#4047,#3865,#2190,.T.);
#5196=EDGE_CURVE('',#4048,#3864,#2191,.T.);
#5197=EDGE_CURVE('',#4049,#3863,#2192,.T.);
#5198=EDGE_CURVE('',#4050,#3862,#2193,.T.);
#5199=EDGE_CURVE('',#4051,#3861,#2194,.T.);
#5200=EDGE_CURVE('',#4052,#3860,#2195,.T.);
#5201=EDGE_CURVE('',#4053,#3859,#2196,.T.);
#5202=EDGE_CURVE('',#4054,#3858,#2197,.T.);
#5203=EDGE_CURVE('',#4055,#3857,#2198,.T.);
#5204=EDGE_CURVE('',#4056,#3856,#2199,.T.);
#5205=EDGE_CURVE('',#4057,#3855,#2200,.T.);
#5206=EDGE_CURVE('',#4058,#3854,#2201,.T.);
#5207=EDGE_CURVE('',#4059,#3853,#2202,.T.);
#5208=EDGE_CURVE('',#4060,#3852,#2203,.T.);
#5209=EDGE_CURVE('',#4061,#3851,#2204,.T.);
#5210=EDGE_CURVE('',#4062,#3850,#2205,.T.);
#5211=EDGE_CURVE('',#4063,#3849,#2206,.T.);
#5212=EDGE_CURVE('',#4064,#3848,#2207,.T.);
#5213=EDGE_CURVE('',#4065,#3847,#2208,.T.);
#5214=EDGE_CURVE('',#4066,#3846,#2209,.T.);
#5215=EDGE_CURVE('',#4067,#3845,#2210,.T.);
#5216=EDGE_CURVE('',#4002,#3910,#2211,.T.);
#5217=EDGE_CURVE('',#4003,#3909,#2212,.T.);
#5218=EDGE_CURVE('',#4004,#3908,#2213,.T.);
#5219=EDGE_CURVE('',#4005,#3907,#2214,.T.);
#5220=EDGE_CURVE('',#4006,#3906,#2215,.T.);
#5221=EDGE_CURVE('',#4007,#3905,#2216,.T.);
#5222=EDGE_CURVE('',#4008,#3904,#2217,.T.);
#5223=EDGE_CURVE('',#4009,#3903,#2218,.T.);
#5224=EDGE_CURVE('',#4010,#3902,#2219,.T.);
#5225=EDGE_CURVE('',#4011,#3901,#2220,.T.);
#5226=EDGE_CURVE('',#4012,#3900,#2221,.T.);
#5227=EDGE_CURVE('',#4013,#3899,#2222,.T.);
#5228=EDGE_CURVE('',#4014,#3898,#2223,.T.);
#5229=EDGE_CURVE('',#4015,#3897,#2224,.T.);
#5230=EDGE_CURVE('',#4016,#3896,#2225,.T.);
#5231=EDGE_CURVE('',#4017,#3895,#2226,.T.);
#5232=EDGE_CURVE('',#4018,#3894,#2227,.T.);
#5233=EDGE_CURVE('',#4019,#3893,#2228,.T.);
#5234=ORIENTED_EDGE('',*,*,#4105,.T.);
#5235=ORIENTED_EDGE('',*,*,#4106,.T.);
#5236=ORIENTED_EDGE('',*,*,#4107,.T.);
#5237=ORIENTED_EDGE('',*,*,#4106,.F.);
#5238=ORIENTED_EDGE('',*,*,#4108,.T.);
#5239=ORIENTED_EDGE('',*,*,#4109,.T.);
#5240=ORIENTED_EDGE('',*,*,#4110,.T.);
#5241=ORIENTED_EDGE('',*,*,#4111,.T.);
#5242=ORIENTED_EDGE('',*,*,#4112,.T.);
#5243=ORIENTED_EDGE('',*,*,#4113,.T.);
#5244=ORIENTED_EDGE('',*,*,#4114,.T.);
#5245=ORIENTED_EDGE('',*,*,#4115,.T.);
#5246=ORIENTED_EDGE('',*,*,#4116,.T.);
#5247=ORIENTED_EDGE('',*,*,#4117,.T.);
#5248=ORIENTED_EDGE('',*,*,#4118,.T.);
#5249=ORIENTED_EDGE('',*,*,#4119,.T.);
#5250=ORIENTED_EDGE('',*,*,#4120,.T.);
#5251=ORIENTED_EDGE('',*,*,#4121,.T.);
#5252=ORIENTED_EDGE('',*,*,#4122,.T.);
#5253=ORIENTED_EDGE('',*,*,#4123,.T.);
#5254=ORIENTED_EDGE('',*,*,#4124,.T.);
#5255=ORIENTED_EDGE('',*,*,#4125,.T.);
#5256=ORIENTED_EDGE('',*,*,#4126,.T.);
#5257=ORIENTED_EDGE('',*,*,#4127,.T.);
#5258=ORIENTED_EDGE('',*,*,#4128,.T.);
#5259=ORIENTED_EDGE('',*,*,#4129,.T.);
#5260=ORIENTED_EDGE('',*,*,#4130,.T.);
#5261=ORIENTED_EDGE('',*,*,#4131,.T.);
#5262=ORIENTED_EDGE('',*,*,#4132,.T.);
#5263=ORIENTED_EDGE('',*,*,#4133,.T.);
#5264=ORIENTED_EDGE('',*,*,#4134,.T.);
#5265=ORIENTED_EDGE('',*,*,#4135,.T.);
#5266=ORIENTED_EDGE('',*,*,#4136,.T.);
#5267=ORIENTED_EDGE('',*,*,#4137,.T.);
#5268=ORIENTED_EDGE('',*,*,#4138,.T.);
#5269=ORIENTED_EDGE('',*,*,#4139,.T.);
#5270=ORIENTED_EDGE('',*,*,#4140,.T.);
#5271=ORIENTED_EDGE('',*,*,#4141,.T.);
#5272=ORIENTED_EDGE('',*,*,#4142,.T.);
#5273=ORIENTED_EDGE('',*,*,#4143,.T.);
#5274=ORIENTED_EDGE('',*,*,#4144,.T.);
#5275=ORIENTED_EDGE('',*,*,#4145,.T.);
#5276=ORIENTED_EDGE('',*,*,#4146,.T.);
#5277=ORIENTED_EDGE('',*,*,#4147,.T.);
#5278=ORIENTED_EDGE('',*,*,#4148,.T.);
#5279=ORIENTED_EDGE('',*,*,#4149,.T.);
#5280=ORIENTED_EDGE('',*,*,#4150,.T.);
#5281=ORIENTED_EDGE('',*,*,#4151,.T.);
#5282=ORIENTED_EDGE('',*,*,#4152,.T.);
#5283=ORIENTED_EDGE('',*,*,#4153,.T.);
#5284=ORIENTED_EDGE('',*,*,#4154,.T.);
#5285=ORIENTED_EDGE('',*,*,#4155,.T.);
#5286=ORIENTED_EDGE('',*,*,#4156,.T.);
#5287=ORIENTED_EDGE('',*,*,#4157,.T.);
#5288=ORIENTED_EDGE('',*,*,#4158,.T.);
#5289=ORIENTED_EDGE('',*,*,#4159,.T.);
#5290=ORIENTED_EDGE('',*,*,#4160,.T.);
#5291=ORIENTED_EDGE('',*,*,#4161,.T.);
#5292=ORIENTED_EDGE('',*,*,#4162,.T.);
#5293=ORIENTED_EDGE('',*,*,#4163,.T.);
#5294=ORIENTED_EDGE('',*,*,#4164,.T.);
#5295=ORIENTED_EDGE('',*,*,#4165,.T.);
#5296=ORIENTED_EDGE('',*,*,#4166,.T.);
#5297=ORIENTED_EDGE('',*,*,#4167,.T.);
#5298=ORIENTED_EDGE('',*,*,#4168,.T.);
#5299=ORIENTED_EDGE('',*,*,#4169,.T.);
#5300=ORIENTED_EDGE('',*,*,#4170,.T.);
#5301=ORIENTED_EDGE('',*,*,#4171,.T.);
#5302=ORIENTED_EDGE('',*,*,#4172,.T.);
#5303=ORIENTED_EDGE('',*,*,#4173,.T.);
#5304=ORIENTED_EDGE('',*,*,#4174,.T.);
#5305=ORIENTED_EDGE('',*,*,#4175,.T.);
#5306=ORIENTED_EDGE('',*,*,#4176,.F.);
#5307=ORIENTED_EDGE('',*,*,#4177,.F.);
#5308=ORIENTED_EDGE('',*,*,#4178,.F.);
#5309=ORIENTED_EDGE('',*,*,#4105,.F.);
#5310=ORIENTED_EDGE('',*,*,#4107,.F.);
#5311=ORIENTED_EDGE('',*,*,#4179,.T.);
#5312=ORIENTED_EDGE('',*,*,#4180,.F.);
#5313=ORIENTED_EDGE('',*,*,#4179,.F.);
#5314=ORIENTED_EDGE('',*,*,#4176,.T.);
#5315=ORIENTED_EDGE('',*,*,#4181,.T.);
#5316=ORIENTED_EDGE('',*,*,#4182,.T.);
#5317=ORIENTED_EDGE('',*,*,#4181,.F.);
#5318=ORIENTED_EDGE('',*,*,#4182,.F.);
#5319=ORIENTED_EDGE('',*,*,#4183,.T.);
#5320=ORIENTED_EDGE('',*,*,#4184,.F.);
#5321=ORIENTED_EDGE('',*,*,#4183,.F.);
#5322=ORIENTED_EDGE('',*,*,#4178,.T.);
#5323=ORIENTED_EDGE('',*,*,#4185,.T.);
#5324=ORIENTED_EDGE('',*,*,#4186,.T.);
#5325=ORIENTED_EDGE('',*,*,#4185,.F.);
#5326=ORIENTED_EDGE('',*,*,#4186,.F.);
#5327=ORIENTED_EDGE('',*,*,#4187,.T.);
#5328=ORIENTED_EDGE('',*,*,#4188,.F.);
#5329=ORIENTED_EDGE('',*,*,#4187,.F.);
#5330=ORIENTED_EDGE('',*,*,#4177,.T.);
#5331=ORIENTED_EDGE('',*,*,#4189,.T.);
#5332=ORIENTED_EDGE('',*,*,#4190,.T.);
#5333=ORIENTED_EDGE('',*,*,#4189,.F.);
#5334=ORIENTED_EDGE('',*,*,#4190,.F.);
#5335=ORIENTED_EDGE('',*,*,#4191,.T.);
#5336=ORIENTED_EDGE('',*,*,#4192,.F.);
#5337=ORIENTED_EDGE('',*,*,#4191,.F.);
#5338=ORIENTED_EDGE('',*,*,#4193,.T.);
#5339=ORIENTED_EDGE('',*,*,#4194,.T.);
#5340=ORIENTED_EDGE('',*,*,#4195,.T.);
#5341=ORIENTED_EDGE('',*,*,#4196,.T.);
#5342=ORIENTED_EDGE('',*,*,#4197,.T.);
#5343=ORIENTED_EDGE('',*,*,#4198,.T.);
#5344=ORIENTED_EDGE('',*,*,#4199,.T.);
#5345=ORIENTED_EDGE('',*,*,#4200,.T.);
#5346=ORIENTED_EDGE('',*,*,#4201,.T.);
#5347=ORIENTED_EDGE('',*,*,#4202,.T.);
#5348=ORIENTED_EDGE('',*,*,#4203,.T.);
#5349=ORIENTED_EDGE('',*,*,#4204,.T.);
#5350=ORIENTED_EDGE('',*,*,#4205,.T.);
#5351=ORIENTED_EDGE('',*,*,#4206,.T.);
#5352=ORIENTED_EDGE('',*,*,#4207,.T.);
#5353=ORIENTED_EDGE('',*,*,#4208,.T.);
#5354=ORIENTED_EDGE('',*,*,#4209,.T.);
#5355=ORIENTED_EDGE('',*,*,#4210,.T.);
#5356=ORIENTED_EDGE('',*,*,#4211,.T.);
#5357=ORIENTED_EDGE('',*,*,#4212,.T.);
#5358=ORIENTED_EDGE('',*,*,#4213,.T.);
#5359=ORIENTED_EDGE('',*,*,#4214,.T.);
#5360=ORIENTED_EDGE('',*,*,#4215,.T.);
#5361=ORIENTED_EDGE('',*,*,#4216,.T.);
#5362=ORIENTED_EDGE('',*,*,#4217,.T.);
#5363=ORIENTED_EDGE('',*,*,#4218,.T.);
#5364=ORIENTED_EDGE('',*,*,#4219,.T.);
#5365=ORIENTED_EDGE('',*,*,#4220,.T.);
#5366=ORIENTED_EDGE('',*,*,#4221,.T.);
#5367=ORIENTED_EDGE('',*,*,#4222,.T.);
#5368=ORIENTED_EDGE('',*,*,#4223,.T.);
#5369=ORIENTED_EDGE('',*,*,#4224,.T.);
#5370=ORIENTED_EDGE('',*,*,#4225,.T.);
#5371=ORIENTED_EDGE('',*,*,#4226,.T.);
#5372=ORIENTED_EDGE('',*,*,#4227,.T.);
#5373=ORIENTED_EDGE('',*,*,#4228,.T.);
#5374=ORIENTED_EDGE('',*,*,#4229,.T.);
#5375=ORIENTED_EDGE('',*,*,#4230,.T.);
#5376=ORIENTED_EDGE('',*,*,#4231,.T.);
#5377=ORIENTED_EDGE('',*,*,#4232,.T.);
#5378=ORIENTED_EDGE('',*,*,#4233,.T.);
#5379=ORIENTED_EDGE('',*,*,#4234,.T.);
#5380=ORIENTED_EDGE('',*,*,#4235,.T.);
#5381=ORIENTED_EDGE('',*,*,#4236,.T.);
#5382=ORIENTED_EDGE('',*,*,#4237,.T.);
#5383=ORIENTED_EDGE('',*,*,#4238,.T.);
#5384=ORIENTED_EDGE('',*,*,#4239,.T.);
#5385=ORIENTED_EDGE('',*,*,#4240,.T.);
#5386=ORIENTED_EDGE('',*,*,#4241,.T.);
#5387=ORIENTED_EDGE('',*,*,#4242,.T.);
#5388=ORIENTED_EDGE('',*,*,#4243,.T.);
#5389=ORIENTED_EDGE('',*,*,#4244,.T.);
#5390=ORIENTED_EDGE('',*,*,#4245,.T.);
#5391=ORIENTED_EDGE('',*,*,#4246,.T.);
#5392=ORIENTED_EDGE('',*,*,#4247,.T.);
#5393=ORIENTED_EDGE('',*,*,#4248,.T.);
#5394=ORIENTED_EDGE('',*,*,#4249,.T.);
#5395=ORIENTED_EDGE('',*,*,#4250,.T.);
#5396=ORIENTED_EDGE('',*,*,#4251,.T.);
#5397=ORIENTED_EDGE('',*,*,#4252,.T.);
#5398=ORIENTED_EDGE('',*,*,#4253,.T.);
#5399=ORIENTED_EDGE('',*,*,#4254,.T.);
#5400=ORIENTED_EDGE('',*,*,#4255,.T.);
#5401=ORIENTED_EDGE('',*,*,#4256,.T.);
#5402=ORIENTED_EDGE('',*,*,#4257,.T.);
#5403=ORIENTED_EDGE('',*,*,#4258,.T.);
#5404=ORIENTED_EDGE('',*,*,#4259,.T.);
#5405=ORIENTED_EDGE('',*,*,#4260,.T.);
#5406=ORIENTED_EDGE('',*,*,#4192,.T.);
#5407=ORIENTED_EDGE('',*,*,#4188,.T.);
#5408=ORIENTED_EDGE('',*,*,#4184,.T.);
#5409=ORIENTED_EDGE('',*,*,#4180,.T.);
#5410=ORIENTED_EDGE('',*,*,#4261,.F.);
#5411=ORIENTED_EDGE('',*,*,#4262,.T.);
#5412=ORIENTED_EDGE('',*,*,#4263,.F.);
#5413=ORIENTED_EDGE('',*,*,#4264,.F.);
#5414=ORIENTED_EDGE('',*,*,#4265,.F.);
#5415=ORIENTED_EDGE('',*,*,#4266,.F.);
#5416=ORIENTED_EDGE('',*,*,#4267,.F.);
#5417=ORIENTED_EDGE('',*,*,#4268,.F.);
#5418=ORIENTED_EDGE('',*,*,#4269,.F.);
#5419=ORIENTED_EDGE('',*,*,#4268,.T.);
#5420=ORIENTED_EDGE('',*,*,#4270,.F.);
#5421=ORIENTED_EDGE('',*,*,#4262,.F.);
#5422=ORIENTED_EDGE('',*,*,#4263,.T.);
#5423=ORIENTED_EDGE('',*,*,#4270,.T.);
#5424=ORIENTED_EDGE('',*,*,#4267,.T.);
#5425=ORIENTED_EDGE('',*,*,#4271,.T.);
#5426=ORIENTED_EDGE('',*,*,#4272,.T.);
#5427=ORIENTED_EDGE('',*,*,#4127,.F.);
#5428=ORIENTED_EDGE('',*,*,#4273,.F.);
#5429=ORIENTED_EDGE('',*,*,#4274,.T.);
#5430=ORIENTED_EDGE('',*,*,#4266,.T.);
#5431=ORIENTED_EDGE('',*,*,#4275,.F.);
#5432=ORIENTED_EDGE('',*,*,#4276,.F.);
#5433=ORIENTED_EDGE('',*,*,#4277,.F.);
#5434=ORIENTED_EDGE('',*,*,#4278,.F.);
#5435=ORIENTED_EDGE('',*,*,#4279,.F.);
#5436=ORIENTED_EDGE('',*,*,#4280,.F.);
#5437=ORIENTED_EDGE('',*,*,#4281,.F.);
#5438=ORIENTED_EDGE('',*,*,#4282,.F.);
#5439=ORIENTED_EDGE('',*,*,#4283,.F.);
#5440=ORIENTED_EDGE('',*,*,#4284,.F.);
#5441=ORIENTED_EDGE('',*,*,#4285,.F.);
#5442=ORIENTED_EDGE('',*,*,#4286,.F.);
#5443=ORIENTED_EDGE('',*,*,#4287,.F.);
#5444=ORIENTED_EDGE('',*,*,#4288,.F.);
#5445=ORIENTED_EDGE('',*,*,#4289,.F.);
#5446=ORIENTED_EDGE('',*,*,#4290,.F.);
#5447=ORIENTED_EDGE('',*,*,#4291,.F.);
#5448=ORIENTED_EDGE('',*,*,#4292,.F.);
#5449=ORIENTED_EDGE('',*,*,#4293,.F.);
#5450=ORIENTED_EDGE('',*,*,#4294,.F.);
#5451=ORIENTED_EDGE('',*,*,#4295,.F.);
#5452=ORIENTED_EDGE('',*,*,#4296,.F.);
#5453=ORIENTED_EDGE('',*,*,#4297,.F.);
#5454=ORIENTED_EDGE('',*,*,#4298,.F.);
#5455=ORIENTED_EDGE('',*,*,#4299,.F.);
#5456=ORIENTED_EDGE('',*,*,#4300,.F.);
#5457=ORIENTED_EDGE('',*,*,#4301,.F.);
#5458=ORIENTED_EDGE('',*,*,#4302,.F.);
#5459=ORIENTED_EDGE('',*,*,#4303,.F.);
#5460=ORIENTED_EDGE('',*,*,#4304,.F.);
#5461=ORIENTED_EDGE('',*,*,#4305,.F.);
#5462=ORIENTED_EDGE('',*,*,#4306,.F.);
#5463=ORIENTED_EDGE('',*,*,#4307,.F.);
#5464=ORIENTED_EDGE('',*,*,#4308,.F.);
#5465=ORIENTED_EDGE('',*,*,#4309,.F.);
#5466=ORIENTED_EDGE('',*,*,#4310,.T.);
#5467=ORIENTED_EDGE('',*,*,#4311,.F.);
#5468=ORIENTED_EDGE('',*,*,#4312,.F.);
#5469=ORIENTED_EDGE('',*,*,#4313,.F.);
#5470=ORIENTED_EDGE('',*,*,#4314,.F.);
#5471=ORIENTED_EDGE('',*,*,#4315,.F.);
#5472=ORIENTED_EDGE('',*,*,#4316,.F.);
#5473=ORIENTED_EDGE('',*,*,#4317,.F.);
#5474=ORIENTED_EDGE('',*,*,#4318,.F.);
#5475=ORIENTED_EDGE('',*,*,#4319,.F.);
#5476=ORIENTED_EDGE('',*,*,#4320,.F.);
#5477=ORIENTED_EDGE('',*,*,#4321,.F.);
#5478=ORIENTED_EDGE('',*,*,#4322,.F.);
#5479=ORIENTED_EDGE('',*,*,#4323,.F.);
#5480=ORIENTED_EDGE('',*,*,#4324,.F.);
#5481=ORIENTED_EDGE('',*,*,#4325,.F.);
#5482=ORIENTED_EDGE('',*,*,#4326,.F.);
#5483=ORIENTED_EDGE('',*,*,#4327,.F.);
#5484=ORIENTED_EDGE('',*,*,#4328,.F.);
#5485=ORIENTED_EDGE('',*,*,#4329,.F.);
#5486=ORIENTED_EDGE('',*,*,#4330,.F.);
#5487=ORIENTED_EDGE('',*,*,#4331,.F.);
#5488=ORIENTED_EDGE('',*,*,#4332,.F.);
#5489=ORIENTED_EDGE('',*,*,#4333,.F.);
#5490=ORIENTED_EDGE('',*,*,#4334,.F.);
#5491=ORIENTED_EDGE('',*,*,#4335,.F.);
#5492=ORIENTED_EDGE('',*,*,#4336,.F.);
#5493=ORIENTED_EDGE('',*,*,#4337,.F.);
#5494=ORIENTED_EDGE('',*,*,#4338,.F.);
#5495=ORIENTED_EDGE('',*,*,#4339,.F.);
#5496=ORIENTED_EDGE('',*,*,#4340,.F.);
#5497=ORIENTED_EDGE('',*,*,#4341,.F.);
#5498=ORIENTED_EDGE('',*,*,#4342,.F.);
#5499=ORIENTED_EDGE('',*,*,#4343,.F.);
#5500=ORIENTED_EDGE('',*,*,#4344,.F.);
#5501=ORIENTED_EDGE('',*,*,#4271,.F.);
#5502=ORIENTED_EDGE('',*,*,#4310,.F.);
#5503=ORIENTED_EDGE('',*,*,#4345,.F.);
#5504=ORIENTED_EDGE('',*,*,#4346,.F.);
#5505=ORIENTED_EDGE('',*,*,#4347,.F.);
#5506=ORIENTED_EDGE('',*,*,#4347,.T.);
#5507=ORIENTED_EDGE('',*,*,#4348,.T.);
#5508=ORIENTED_EDGE('',*,*,#4349,.T.);
#5509=ORIENTED_EDGE('',*,*,#4350,.T.);
#5510=ORIENTED_EDGE('',*,*,#4351,.T.);
#5511=ORIENTED_EDGE('',*,*,#4161,.F.);
#5512=ORIENTED_EDGE('',*,*,#4352,.F.);
#5513=ORIENTED_EDGE('',*,*,#4311,.T.);
#5514=ORIENTED_EDGE('',*,*,#4353,.F.);
#5515=ORIENTED_EDGE('',*,*,#4349,.F.);
#5516=ORIENTED_EDGE('',*,*,#4354,.F.);
#5517=ORIENTED_EDGE('',*,*,#4355,.F.);
#5518=ORIENTED_EDGE('',*,*,#4356,.F.);
#5519=ORIENTED_EDGE('',*,*,#4354,.T.);
#5520=ORIENTED_EDGE('',*,*,#4348,.F.);
#5521=ORIENTED_EDGE('',*,*,#4346,.T.);
#5522=ORIENTED_EDGE('',*,*,#4264,.T.);
#5523=ORIENTED_EDGE('',*,*,#4274,.F.);
#5524=ORIENTED_EDGE('',*,*,#4357,.F.);
#5525=ORIENTED_EDGE('',*,*,#4358,.F.);
#5526=ORIENTED_EDGE('',*,*,#4359,.F.);
#5527=ORIENTED_EDGE('',*,*,#4360,.F.);
#5528=ORIENTED_EDGE('',*,*,#4361,.F.);
#5529=ORIENTED_EDGE('',*,*,#4362,.F.);
#5530=ORIENTED_EDGE('',*,*,#4363,.F.);
#5531=ORIENTED_EDGE('',*,*,#4364,.F.);
#5532=ORIENTED_EDGE('',*,*,#4365,.F.);
#5533=ORIENTED_EDGE('',*,*,#4366,.F.);
#5534=ORIENTED_EDGE('',*,*,#4367,.F.);
#5535=ORIENTED_EDGE('',*,*,#4368,.F.);
#5536=ORIENTED_EDGE('',*,*,#4369,.F.);
#5537=ORIENTED_EDGE('',*,*,#4370,.F.);
#5538=ORIENTED_EDGE('',*,*,#4371,.F.);
#5539=ORIENTED_EDGE('',*,*,#4372,.F.);
#5540=ORIENTED_EDGE('',*,*,#4373,.F.);
#5541=ORIENTED_EDGE('',*,*,#4374,.F.);
#5542=ORIENTED_EDGE('',*,*,#4375,.F.);
#5543=ORIENTED_EDGE('',*,*,#4376,.F.);
#5544=ORIENTED_EDGE('',*,*,#4377,.F.);
#5545=ORIENTED_EDGE('',*,*,#4378,.F.);
#5546=ORIENTED_EDGE('',*,*,#4379,.F.);
#5547=ORIENTED_EDGE('',*,*,#4380,.F.);
#5548=ORIENTED_EDGE('',*,*,#4381,.F.);
#5549=ORIENTED_EDGE('',*,*,#4382,.F.);
#5550=ORIENTED_EDGE('',*,*,#4383,.F.);
#5551=ORIENTED_EDGE('',*,*,#4384,.F.);
#5552=ORIENTED_EDGE('',*,*,#4385,.F.);
#5553=ORIENTED_EDGE('',*,*,#4386,.F.);
#5554=ORIENTED_EDGE('',*,*,#4387,.F.);
#5555=ORIENTED_EDGE('',*,*,#4388,.F.);
#5556=ORIENTED_EDGE('',*,*,#4389,.F.);
#5557=ORIENTED_EDGE('',*,*,#4350,.F.);
#5558=ORIENTED_EDGE('',*,*,#4353,.T.);
#5559=ORIENTED_EDGE('',*,*,#4390,.F.);
#5560=ORIENTED_EDGE('',*,*,#4391,.F.);
#5561=ORIENTED_EDGE('',*,*,#4392,.F.);
#5562=ORIENTED_EDGE('',*,*,#4393,.F.);
#5563=ORIENTED_EDGE('',*,*,#4394,.F.);
#5564=ORIENTED_EDGE('',*,*,#4395,.F.);
#5565=ORIENTED_EDGE('',*,*,#4396,.F.);
#5566=ORIENTED_EDGE('',*,*,#4397,.F.);
#5567=ORIENTED_EDGE('',*,*,#4398,.F.);
#5568=ORIENTED_EDGE('',*,*,#4399,.F.);
#5569=ORIENTED_EDGE('',*,*,#4400,.F.);
#5570=ORIENTED_EDGE('',*,*,#4401,.F.);
#5571=ORIENTED_EDGE('',*,*,#4402,.F.);
#5572=ORIENTED_EDGE('',*,*,#4403,.F.);
#5573=ORIENTED_EDGE('',*,*,#4404,.F.);
#5574=ORIENTED_EDGE('',*,*,#4405,.F.);
#5575=ORIENTED_EDGE('',*,*,#4406,.F.);
#5576=ORIENTED_EDGE('',*,*,#4407,.F.);
#5577=ORIENTED_EDGE('',*,*,#4408,.F.);
#5578=ORIENTED_EDGE('',*,*,#4409,.F.);
#5579=ORIENTED_EDGE('',*,*,#4410,.F.);
#5580=ORIENTED_EDGE('',*,*,#4411,.F.);
#5581=ORIENTED_EDGE('',*,*,#4412,.F.);
#5582=ORIENTED_EDGE('',*,*,#4413,.F.);
#5583=ORIENTED_EDGE('',*,*,#4414,.F.);
#5584=ORIENTED_EDGE('',*,*,#4415,.F.);
#5585=ORIENTED_EDGE('',*,*,#4416,.F.);
#5586=ORIENTED_EDGE('',*,*,#4417,.F.);
#5587=ORIENTED_EDGE('',*,*,#4418,.F.);
#5588=ORIENTED_EDGE('',*,*,#4419,.F.);
#5589=ORIENTED_EDGE('',*,*,#4420,.F.);
#5590=ORIENTED_EDGE('',*,*,#4421,.F.);
#5591=ORIENTED_EDGE('',*,*,#4422,.F.);
#5592=ORIENTED_EDGE('',*,*,#4423,.F.);
#5593=ORIENTED_EDGE('',*,*,#4424,.F.);
#5594=ORIENTED_EDGE('',*,*,#4375,.T.);
#5595=ORIENTED_EDGE('',*,*,#4425,.T.);
#5596=ORIENTED_EDGE('',*,*,#4108,.F.);
#5597=ORIENTED_EDGE('',*,*,#4426,.F.);
#5598=ORIENTED_EDGE('',*,*,#4374,.T.);
#5599=ORIENTED_EDGE('',*,*,#4427,.T.);
#5600=ORIENTED_EDGE('',*,*,#4109,.F.);
#5601=ORIENTED_EDGE('',*,*,#4425,.F.);
#5602=ORIENTED_EDGE('',*,*,#4373,.T.);
#5603=ORIENTED_EDGE('',*,*,#4428,.T.);
#5604=ORIENTED_EDGE('',*,*,#4110,.F.);
#5605=ORIENTED_EDGE('',*,*,#4427,.F.);
#5606=ORIENTED_EDGE('',*,*,#4372,.T.);
#5607=ORIENTED_EDGE('',*,*,#4429,.T.);
#5608=ORIENTED_EDGE('',*,*,#4111,.F.);
#5609=ORIENTED_EDGE('',*,*,#4428,.F.);
#5610=ORIENTED_EDGE('',*,*,#4371,.T.);
#5611=ORIENTED_EDGE('',*,*,#4430,.T.);
#5612=ORIENTED_EDGE('',*,*,#4112,.F.);
#5613=ORIENTED_EDGE('',*,*,#4429,.F.);
#5614=ORIENTED_EDGE('',*,*,#4370,.T.);
#5615=ORIENTED_EDGE('',*,*,#4431,.T.);
#5616=ORIENTED_EDGE('',*,*,#4113,.F.);
#5617=ORIENTED_EDGE('',*,*,#4430,.F.);
#5618=ORIENTED_EDGE('',*,*,#4369,.T.);
#5619=ORIENTED_EDGE('',*,*,#4432,.T.);
#5620=ORIENTED_EDGE('',*,*,#4114,.F.);
#5621=ORIENTED_EDGE('',*,*,#4431,.F.);
#5622=ORIENTED_EDGE('',*,*,#4368,.T.);
#5623=ORIENTED_EDGE('',*,*,#4433,.T.);
#5624=ORIENTED_EDGE('',*,*,#4115,.F.);
#5625=ORIENTED_EDGE('',*,*,#4432,.F.);
#5626=ORIENTED_EDGE('',*,*,#4367,.T.);
#5627=ORIENTED_EDGE('',*,*,#4434,.T.);
#5628=ORIENTED_EDGE('',*,*,#4116,.F.);
#5629=ORIENTED_EDGE('',*,*,#4433,.F.);
#5630=ORIENTED_EDGE('',*,*,#4366,.T.);
#5631=ORIENTED_EDGE('',*,*,#4435,.T.);
#5632=ORIENTED_EDGE('',*,*,#4117,.F.);
#5633=ORIENTED_EDGE('',*,*,#4434,.F.);
#5634=ORIENTED_EDGE('',*,*,#4365,.T.);
#5635=ORIENTED_EDGE('',*,*,#4436,.T.);
#5636=ORIENTED_EDGE('',*,*,#4118,.F.);
#5637=ORIENTED_EDGE('',*,*,#4435,.F.);
#5638=ORIENTED_EDGE('',*,*,#4364,.T.);
#5639=ORIENTED_EDGE('',*,*,#4437,.T.);
#5640=ORIENTED_EDGE('',*,*,#4119,.F.);
#5641=ORIENTED_EDGE('',*,*,#4436,.F.);
#5642=ORIENTED_EDGE('',*,*,#4363,.T.);
#5643=ORIENTED_EDGE('',*,*,#4438,.T.);
#5644=ORIENTED_EDGE('',*,*,#4120,.F.);
#5645=ORIENTED_EDGE('',*,*,#4437,.F.);
#5646=ORIENTED_EDGE('',*,*,#4362,.T.);
#5647=ORIENTED_EDGE('',*,*,#4439,.T.);
#5648=ORIENTED_EDGE('',*,*,#4121,.F.);
#5649=ORIENTED_EDGE('',*,*,#4438,.F.);
#5650=ORIENTED_EDGE('',*,*,#4361,.T.);
#5651=ORIENTED_EDGE('',*,*,#4440,.T.);
#5652=ORIENTED_EDGE('',*,*,#4122,.F.);
#5653=ORIENTED_EDGE('',*,*,#4439,.F.);
#5654=ORIENTED_EDGE('',*,*,#4360,.T.);
#5655=ORIENTED_EDGE('',*,*,#4441,.T.);
#5656=ORIENTED_EDGE('',*,*,#4123,.F.);
#5657=ORIENTED_EDGE('',*,*,#4440,.F.);
#5658=ORIENTED_EDGE('',*,*,#4359,.T.);
#5659=ORIENTED_EDGE('',*,*,#4442,.T.);
#5660=ORIENTED_EDGE('',*,*,#4124,.F.);
#5661=ORIENTED_EDGE('',*,*,#4441,.F.);
#5662=ORIENTED_EDGE('',*,*,#4358,.T.);
#5663=ORIENTED_EDGE('',*,*,#4443,.T.);
#5664=ORIENTED_EDGE('',*,*,#4125,.F.);
#5665=ORIENTED_EDGE('',*,*,#4442,.F.);
#5666=ORIENTED_EDGE('',*,*,#4357,.T.);
#5667=ORIENTED_EDGE('',*,*,#4273,.T.);
#5668=ORIENTED_EDGE('',*,*,#4126,.F.);
#5669=ORIENTED_EDGE('',*,*,#4443,.F.);
#5670=ORIENTED_EDGE('',*,*,#4344,.T.);
#5671=ORIENTED_EDGE('',*,*,#4444,.T.);
#5672=ORIENTED_EDGE('',*,*,#4128,.F.);
#5673=ORIENTED_EDGE('',*,*,#4272,.F.);
#5674=ORIENTED_EDGE('',*,*,#4343,.T.);
#5675=ORIENTED_EDGE('',*,*,#4445,.T.);
#5676=ORIENTED_EDGE('',*,*,#4129,.F.);
#5677=ORIENTED_EDGE('',*,*,#4444,.F.);
#5678=ORIENTED_EDGE('',*,*,#4342,.T.);
#5679=ORIENTED_EDGE('',*,*,#4446,.T.);
#5680=ORIENTED_EDGE('',*,*,#4130,.F.);
#5681=ORIENTED_EDGE('',*,*,#4445,.F.);
#5682=ORIENTED_EDGE('',*,*,#4341,.T.);
#5683=ORIENTED_EDGE('',*,*,#4447,.T.);
#5684=ORIENTED_EDGE('',*,*,#4131,.F.);
#5685=ORIENTED_EDGE('',*,*,#4446,.F.);
#5686=ORIENTED_EDGE('',*,*,#4340,.T.);
#5687=ORIENTED_EDGE('',*,*,#4448,.T.);
#5688=ORIENTED_EDGE('',*,*,#4132,.F.);
#5689=ORIENTED_EDGE('',*,*,#4447,.F.);
#5690=ORIENTED_EDGE('',*,*,#4339,.T.);
#5691=ORIENTED_EDGE('',*,*,#4449,.T.);
#5692=ORIENTED_EDGE('',*,*,#4133,.F.);
#5693=ORIENTED_EDGE('',*,*,#4448,.F.);
#5694=ORIENTED_EDGE('',*,*,#4338,.T.);
#5695=ORIENTED_EDGE('',*,*,#4450,.T.);
#5696=ORIENTED_EDGE('',*,*,#4134,.F.);
#5697=ORIENTED_EDGE('',*,*,#4449,.F.);
#5698=ORIENTED_EDGE('',*,*,#4337,.T.);
#5699=ORIENTED_EDGE('',*,*,#4451,.T.);
#5700=ORIENTED_EDGE('',*,*,#4135,.F.);
#5701=ORIENTED_EDGE('',*,*,#4450,.F.);
#5702=ORIENTED_EDGE('',*,*,#4336,.T.);
#5703=ORIENTED_EDGE('',*,*,#4452,.T.);
#5704=ORIENTED_EDGE('',*,*,#4136,.F.);
#5705=ORIENTED_EDGE('',*,*,#4451,.F.);
#5706=ORIENTED_EDGE('',*,*,#4335,.T.);
#5707=ORIENTED_EDGE('',*,*,#4453,.T.);
#5708=ORIENTED_EDGE('',*,*,#4137,.F.);
#5709=ORIENTED_EDGE('',*,*,#4452,.F.);
#5710=ORIENTED_EDGE('',*,*,#4334,.T.);
#5711=ORIENTED_EDGE('',*,*,#4454,.T.);
#5712=ORIENTED_EDGE('',*,*,#4138,.F.);
#5713=ORIENTED_EDGE('',*,*,#4453,.F.);
#5714=ORIENTED_EDGE('',*,*,#4333,.T.);
#5715=ORIENTED_EDGE('',*,*,#4455,.T.);
#5716=ORIENTED_EDGE('',*,*,#4139,.F.);
#5717=ORIENTED_EDGE('',*,*,#4454,.F.);
#5718=ORIENTED_EDGE('',*,*,#4332,.T.);
#5719=ORIENTED_EDGE('',*,*,#4456,.T.);
#5720=ORIENTED_EDGE('',*,*,#4140,.F.);
#5721=ORIENTED_EDGE('',*,*,#4455,.F.);
#5722=ORIENTED_EDGE('',*,*,#4331,.T.);
#5723=ORIENTED_EDGE('',*,*,#4457,.T.);
#5724=ORIENTED_EDGE('',*,*,#4141,.F.);
#5725=ORIENTED_EDGE('',*,*,#4456,.F.);
#5726=ORIENTED_EDGE('',*,*,#4307,.T.);
#5727=ORIENTED_EDGE('',*,*,#4458,.T.);
#5728=ORIENTED_EDGE('',*,*,#4459,.T.);
#5729=ORIENTED_EDGE('',*,*,#4460,.F.);
#5730=ORIENTED_EDGE('',*,*,#4376,.T.);
#5731=ORIENTED_EDGE('',*,*,#4426,.T.);
#5732=ORIENTED_EDGE('',*,*,#4175,.F.);
#5733=ORIENTED_EDGE('',*,*,#4461,.F.);
#5734=ORIENTED_EDGE('',*,*,#4377,.T.);
#5735=ORIENTED_EDGE('',*,*,#4461,.T.);
#5736=ORIENTED_EDGE('',*,*,#4174,.F.);
#5737=ORIENTED_EDGE('',*,*,#4462,.F.);
#5738=ORIENTED_EDGE('',*,*,#4378,.T.);
#5739=ORIENTED_EDGE('',*,*,#4462,.T.);
#5740=ORIENTED_EDGE('',*,*,#4173,.F.);
#5741=ORIENTED_EDGE('',*,*,#4463,.F.);
#5742=ORIENTED_EDGE('',*,*,#4379,.T.);
#5743=ORIENTED_EDGE('',*,*,#4463,.T.);
#5744=ORIENTED_EDGE('',*,*,#4172,.F.);
#5745=ORIENTED_EDGE('',*,*,#4464,.F.);
#5746=ORIENTED_EDGE('',*,*,#4380,.T.);
#5747=ORIENTED_EDGE('',*,*,#4464,.T.);
#5748=ORIENTED_EDGE('',*,*,#4171,.F.);
#5749=ORIENTED_EDGE('',*,*,#4465,.F.);
#5750=ORIENTED_EDGE('',*,*,#4381,.T.);
#5751=ORIENTED_EDGE('',*,*,#4465,.T.);
#5752=ORIENTED_EDGE('',*,*,#4170,.F.);
#5753=ORIENTED_EDGE('',*,*,#4466,.F.);
#5754=ORIENTED_EDGE('',*,*,#4382,.T.);
#5755=ORIENTED_EDGE('',*,*,#4466,.T.);
#5756=ORIENTED_EDGE('',*,*,#4169,.F.);
#5757=ORIENTED_EDGE('',*,*,#4467,.F.);
#5758=ORIENTED_EDGE('',*,*,#4383,.T.);
#5759=ORIENTED_EDGE('',*,*,#4467,.T.);
#5760=ORIENTED_EDGE('',*,*,#4168,.F.);
#5761=ORIENTED_EDGE('',*,*,#4468,.F.);
#5762=ORIENTED_EDGE('',*,*,#4384,.T.);
#5763=ORIENTED_EDGE('',*,*,#4468,.T.);
#5764=ORIENTED_EDGE('',*,*,#4167,.F.);
#5765=ORIENTED_EDGE('',*,*,#4469,.F.);
#5766=ORIENTED_EDGE('',*,*,#4385,.T.);
#5767=ORIENTED_EDGE('',*,*,#4469,.T.);
#5768=ORIENTED_EDGE('',*,*,#4166,.F.);
#5769=ORIENTED_EDGE('',*,*,#4470,.F.);
#5770=ORIENTED_EDGE('',*,*,#4386,.T.);
#5771=ORIENTED_EDGE('',*,*,#4470,.T.);
#5772=ORIENTED_EDGE('',*,*,#4165,.F.);
#5773=ORIENTED_EDGE('',*,*,#4471,.F.);
#5774=ORIENTED_EDGE('',*,*,#4387,.T.);
#5775=ORIENTED_EDGE('',*,*,#4471,.T.);
#5776=ORIENTED_EDGE('',*,*,#4164,.F.);
#5777=ORIENTED_EDGE('',*,*,#4472,.F.);
#5778=ORIENTED_EDGE('',*,*,#4388,.T.);
#5779=ORIENTED_EDGE('',*,*,#4472,.T.);
#5780=ORIENTED_EDGE('',*,*,#4163,.F.);
#5781=ORIENTED_EDGE('',*,*,#4473,.F.);
#5782=ORIENTED_EDGE('',*,*,#4389,.T.);
#5783=ORIENTED_EDGE('',*,*,#4473,.T.);
#5784=ORIENTED_EDGE('',*,*,#4162,.F.);
#5785=ORIENTED_EDGE('',*,*,#4351,.F.);
#5786=ORIENTED_EDGE('',*,*,#4312,.T.);
#5787=ORIENTED_EDGE('',*,*,#4352,.T.);
#5788=ORIENTED_EDGE('',*,*,#4160,.F.);
#5789=ORIENTED_EDGE('',*,*,#4474,.F.);
#5790=ORIENTED_EDGE('',*,*,#4313,.T.);
#5791=ORIENTED_EDGE('',*,*,#4474,.T.);
#5792=ORIENTED_EDGE('',*,*,#4159,.F.);
#5793=ORIENTED_EDGE('',*,*,#4475,.F.);
#5794=ORIENTED_EDGE('',*,*,#4314,.T.);
#5795=ORIENTED_EDGE('',*,*,#4475,.T.);
#5796=ORIENTED_EDGE('',*,*,#4158,.F.);
#5797=ORIENTED_EDGE('',*,*,#4476,.F.);
#5798=ORIENTED_EDGE('',*,*,#4315,.T.);
#5799=ORIENTED_EDGE('',*,*,#4476,.T.);
#5800=ORIENTED_EDGE('',*,*,#4157,.F.);
#5801=ORIENTED_EDGE('',*,*,#4477,.F.);
#5802=ORIENTED_EDGE('',*,*,#4316,.T.);
#5803=ORIENTED_EDGE('',*,*,#4477,.T.);
#5804=ORIENTED_EDGE('',*,*,#4156,.F.);
#5805=ORIENTED_EDGE('',*,*,#4478,.F.);
#5806=ORIENTED_EDGE('',*,*,#4317,.T.);
#5807=ORIENTED_EDGE('',*,*,#4478,.T.);
#5808=ORIENTED_EDGE('',*,*,#4155,.F.);
#5809=ORIENTED_EDGE('',*,*,#4479,.F.);
#5810=ORIENTED_EDGE('',*,*,#4318,.T.);
#5811=ORIENTED_EDGE('',*,*,#4479,.T.);
#5812=ORIENTED_EDGE('',*,*,#4154,.F.);
#5813=ORIENTED_EDGE('',*,*,#4480,.F.);
#5814=ORIENTED_EDGE('',*,*,#4319,.T.);
#5815=ORIENTED_EDGE('',*,*,#4480,.T.);
#5816=ORIENTED_EDGE('',*,*,#4153,.F.);
#5817=ORIENTED_EDGE('',*,*,#4481,.F.);
#5818=ORIENTED_EDGE('',*,*,#4320,.T.);
#5819=ORIENTED_EDGE('',*,*,#4481,.T.);
#5820=ORIENTED_EDGE('',*,*,#4152,.F.);
#5821=ORIENTED_EDGE('',*,*,#4482,.F.);
#5822=ORIENTED_EDGE('',*,*,#4321,.T.);
#5823=ORIENTED_EDGE('',*,*,#4482,.T.);
#5824=ORIENTED_EDGE('',*,*,#4151,.F.);
#5825=ORIENTED_EDGE('',*,*,#4483,.F.);
#5826=ORIENTED_EDGE('',*,*,#4322,.T.);
#5827=ORIENTED_EDGE('',*,*,#4483,.T.);
#5828=ORIENTED_EDGE('',*,*,#4150,.F.);
#5829=ORIENTED_EDGE('',*,*,#4484,.F.);
#5830=ORIENTED_EDGE('',*,*,#4323,.T.);
#5831=ORIENTED_EDGE('',*,*,#4484,.T.);
#5832=ORIENTED_EDGE('',*,*,#4149,.F.);
#5833=ORIENTED_EDGE('',*,*,#4485,.F.);
#5834=ORIENTED_EDGE('',*,*,#4324,.T.);
#5835=ORIENTED_EDGE('',*,*,#4485,.T.);
#5836=ORIENTED_EDGE('',*,*,#4148,.F.);
#5837=ORIENTED_EDGE('',*,*,#4486,.F.);
#5838=ORIENTED_EDGE('',*,*,#4325,.T.);
#5839=ORIENTED_EDGE('',*,*,#4486,.T.);
#5840=ORIENTED_EDGE('',*,*,#4147,.F.);
#5841=ORIENTED_EDGE('',*,*,#4487,.F.);
#5842=ORIENTED_EDGE('',*,*,#4326,.T.);
#5843=ORIENTED_EDGE('',*,*,#4487,.T.);
#5844=ORIENTED_EDGE('',*,*,#4146,.F.);
#5845=ORIENTED_EDGE('',*,*,#4488,.F.);
#5846=ORIENTED_EDGE('',*,*,#4327,.T.);
#5847=ORIENTED_EDGE('',*,*,#4488,.T.);
#5848=ORIENTED_EDGE('',*,*,#4145,.F.);
#5849=ORIENTED_EDGE('',*,*,#4489,.F.);
#5850=ORIENTED_EDGE('',*,*,#4328,.T.);
#5851=ORIENTED_EDGE('',*,*,#4489,.T.);
#5852=ORIENTED_EDGE('',*,*,#4144,.F.);
#5853=ORIENTED_EDGE('',*,*,#4490,.F.);
#5854=ORIENTED_EDGE('',*,*,#4329,.T.);
#5855=ORIENTED_EDGE('',*,*,#4490,.T.);
#5856=ORIENTED_EDGE('',*,*,#4143,.F.);
#5857=ORIENTED_EDGE('',*,*,#4491,.T.);
#5858=ORIENTED_EDGE('',*,*,#4330,.T.);
#5859=ORIENTED_EDGE('',*,*,#4491,.F.);
#5860=ORIENTED_EDGE('',*,*,#4142,.F.);
#5861=ORIENTED_EDGE('',*,*,#4457,.F.);
#5862=ORIENTED_EDGE('',*,*,#4492,.F.);
#5863=ORIENTED_EDGE('',*,*,#4193,.F.);
#5864=ORIENTED_EDGE('',*,*,#4493,.F.);
#5865=ORIENTED_EDGE('',*,*,#4292,.T.);
#5866=ORIENTED_EDGE('',*,*,#4459,.F.);
#5867=ORIENTED_EDGE('',*,*,#4494,.T.);
#5868=ORIENTED_EDGE('',*,*,#4246,.F.);
#5869=ORIENTED_EDGE('',*,*,#4495,.F.);
#5870=ORIENTED_EDGE('',*,*,#4493,.T.);
#5871=ORIENTED_EDGE('',*,*,#4260,.F.);
#5872=ORIENTED_EDGE('',*,*,#4496,.F.);
#5873=ORIENTED_EDGE('',*,*,#4293,.T.);
#5874=ORIENTED_EDGE('',*,*,#4496,.T.);
#5875=ORIENTED_EDGE('',*,*,#4259,.F.);
#5876=ORIENTED_EDGE('',*,*,#4497,.F.);
#5877=ORIENTED_EDGE('',*,*,#4294,.T.);
#5878=ORIENTED_EDGE('',*,*,#4497,.T.);
#5879=ORIENTED_EDGE('',*,*,#4258,.F.);
#5880=ORIENTED_EDGE('',*,*,#4498,.F.);
#5881=ORIENTED_EDGE('',*,*,#4295,.T.);
#5882=ORIENTED_EDGE('',*,*,#4498,.T.);
#5883=ORIENTED_EDGE('',*,*,#4257,.F.);
#5884=ORIENTED_EDGE('',*,*,#4499,.F.);
#5885=ORIENTED_EDGE('',*,*,#4296,.T.);
#5886=ORIENTED_EDGE('',*,*,#4499,.T.);
#5887=ORIENTED_EDGE('',*,*,#4256,.F.);
#5888=ORIENTED_EDGE('',*,*,#4500,.F.);
#5889=ORIENTED_EDGE('',*,*,#4297,.T.);
#5890=ORIENTED_EDGE('',*,*,#4500,.T.);
#5891=ORIENTED_EDGE('',*,*,#4255,.F.);
#5892=ORIENTED_EDGE('',*,*,#4501,.F.);
#5893=ORIENTED_EDGE('',*,*,#4298,.T.);
#5894=ORIENTED_EDGE('',*,*,#4501,.T.);
#5895=ORIENTED_EDGE('',*,*,#4254,.F.);
#5896=ORIENTED_EDGE('',*,*,#4502,.F.);
#5897=ORIENTED_EDGE('',*,*,#4299,.T.);
#5898=ORIENTED_EDGE('',*,*,#4502,.T.);
#5899=ORIENTED_EDGE('',*,*,#4253,.F.);
#5900=ORIENTED_EDGE('',*,*,#4503,.F.);
#5901=ORIENTED_EDGE('',*,*,#4300,.T.);
#5902=ORIENTED_EDGE('',*,*,#4503,.T.);
#5903=ORIENTED_EDGE('',*,*,#4252,.F.);
#5904=ORIENTED_EDGE('',*,*,#4504,.F.);
#5905=ORIENTED_EDGE('',*,*,#4301,.T.);
#5906=ORIENTED_EDGE('',*,*,#4504,.T.);
#5907=ORIENTED_EDGE('',*,*,#4251,.F.);
#5908=ORIENTED_EDGE('',*,*,#4505,.F.);
#5909=ORIENTED_EDGE('',*,*,#4302,.T.);
#5910=ORIENTED_EDGE('',*,*,#4505,.T.);
#5911=ORIENTED_EDGE('',*,*,#4250,.F.);
#5912=ORIENTED_EDGE('',*,*,#4506,.F.);
#5913=ORIENTED_EDGE('',*,*,#4303,.T.);
#5914=ORIENTED_EDGE('',*,*,#4506,.T.);
#5915=ORIENTED_EDGE('',*,*,#4249,.F.);
#5916=ORIENTED_EDGE('',*,*,#4507,.F.);
#5917=ORIENTED_EDGE('',*,*,#4304,.T.);
#5918=ORIENTED_EDGE('',*,*,#4507,.T.);
#5919=ORIENTED_EDGE('',*,*,#4248,.F.);
#5920=ORIENTED_EDGE('',*,*,#4508,.F.);
#5921=ORIENTED_EDGE('',*,*,#4305,.T.);
#5922=ORIENTED_EDGE('',*,*,#4508,.T.);
#5923=ORIENTED_EDGE('',*,*,#4247,.F.);
#5924=ORIENTED_EDGE('',*,*,#4494,.F.);
#5925=ORIENTED_EDGE('',*,*,#4458,.F.);
#5926=ORIENTED_EDGE('',*,*,#4306,.T.);
#5927=ORIENTED_EDGE('',*,*,#4495,.T.);
#5928=ORIENTED_EDGE('',*,*,#4245,.F.);
#5929=ORIENTED_EDGE('',*,*,#4509,.F.);
#5930=ORIENTED_EDGE('',*,*,#4308,.T.);
#5931=ORIENTED_EDGE('',*,*,#4460,.T.);
#5932=ORIENTED_EDGE('',*,*,#4510,.T.);
#5933=ORIENTED_EDGE('',*,*,#4243,.F.);
#5934=ORIENTED_EDGE('',*,*,#4511,.F.);
#5935=ORIENTED_EDGE('',*,*,#4391,.T.);
#5936=ORIENTED_EDGE('',*,*,#4511,.T.);
#5937=ORIENTED_EDGE('',*,*,#4242,.F.);
#5938=ORIENTED_EDGE('',*,*,#4512,.F.);
#5939=ORIENTED_EDGE('',*,*,#4392,.T.);
#5940=ORIENTED_EDGE('',*,*,#4512,.T.);
#5941=ORIENTED_EDGE('',*,*,#4241,.F.);
#5942=ORIENTED_EDGE('',*,*,#4513,.F.);
#5943=ORIENTED_EDGE('',*,*,#4393,.T.);
#5944=ORIENTED_EDGE('',*,*,#4513,.T.);
#5945=ORIENTED_EDGE('',*,*,#4240,.F.);
#5946=ORIENTED_EDGE('',*,*,#4514,.F.);
#5947=ORIENTED_EDGE('',*,*,#4394,.T.);
#5948=ORIENTED_EDGE('',*,*,#4514,.T.);
#5949=ORIENTED_EDGE('',*,*,#4239,.F.);
#5950=ORIENTED_EDGE('',*,*,#4515,.F.);
#5951=ORIENTED_EDGE('',*,*,#4395,.T.);
#5952=ORIENTED_EDGE('',*,*,#4515,.T.);
#5953=ORIENTED_EDGE('',*,*,#4238,.F.);
#5954=ORIENTED_EDGE('',*,*,#4516,.F.);
#5955=ORIENTED_EDGE('',*,*,#4396,.T.);
#5956=ORIENTED_EDGE('',*,*,#4516,.T.);
#5957=ORIENTED_EDGE('',*,*,#4237,.F.);
#5958=ORIENTED_EDGE('',*,*,#4517,.F.);
#5959=ORIENTED_EDGE('',*,*,#4397,.T.);
#5960=ORIENTED_EDGE('',*,*,#4517,.T.);
#5961=ORIENTED_EDGE('',*,*,#4236,.F.);
#5962=ORIENTED_EDGE('',*,*,#4518,.F.);
#5963=ORIENTED_EDGE('',*,*,#4398,.T.);
#5964=ORIENTED_EDGE('',*,*,#4518,.T.);
#5965=ORIENTED_EDGE('',*,*,#4235,.F.);
#5966=ORIENTED_EDGE('',*,*,#4519,.F.);
#5967=ORIENTED_EDGE('',*,*,#4399,.T.);
#5968=ORIENTED_EDGE('',*,*,#4519,.T.);
#5969=ORIENTED_EDGE('',*,*,#4234,.F.);
#5970=ORIENTED_EDGE('',*,*,#4520,.F.);
#5971=ORIENTED_EDGE('',*,*,#4400,.T.);
#5972=ORIENTED_EDGE('',*,*,#4520,.T.);
#5973=ORIENTED_EDGE('',*,*,#4233,.F.);
#5974=ORIENTED_EDGE('',*,*,#4521,.F.);
#5975=ORIENTED_EDGE('',*,*,#4401,.T.);
#5976=ORIENTED_EDGE('',*,*,#4521,.T.);
#5977=ORIENTED_EDGE('',*,*,#4232,.F.);
#5978=ORIENTED_EDGE('',*,*,#4522,.F.);
#5979=ORIENTED_EDGE('',*,*,#4402,.T.);
#5980=ORIENTED_EDGE('',*,*,#4522,.T.);
#5981=ORIENTED_EDGE('',*,*,#4231,.F.);
#5982=ORIENTED_EDGE('',*,*,#4523,.F.);
#5983=ORIENTED_EDGE('',*,*,#4403,.T.);
#5984=ORIENTED_EDGE('',*,*,#4523,.T.);
#5985=ORIENTED_EDGE('',*,*,#4230,.F.);
#5986=ORIENTED_EDGE('',*,*,#4524,.F.);
#5987=ORIENTED_EDGE('',*,*,#4404,.T.);
#5988=ORIENTED_EDGE('',*,*,#4524,.T.);
#5989=ORIENTED_EDGE('',*,*,#4229,.F.);
#5990=ORIENTED_EDGE('',*,*,#4525,.F.);
#5991=ORIENTED_EDGE('',*,*,#4405,.T.);
#5992=ORIENTED_EDGE('',*,*,#4525,.T.);
#5993=ORIENTED_EDGE('',*,*,#4228,.F.);
#5994=ORIENTED_EDGE('',*,*,#4526,.F.);
#5995=ORIENTED_EDGE('',*,*,#4406,.T.);
#5996=ORIENTED_EDGE('',*,*,#4509,.T.);
#5997=ORIENTED_EDGE('',*,*,#4244,.F.);
#5998=ORIENTED_EDGE('',*,*,#4510,.F.);
#5999=ORIENTED_EDGE('',*,*,#4390,.T.);
#6000=ORIENTED_EDGE('',*,*,#4355,.T.);
#6001=ORIENTED_EDGE('',*,*,#4356,.T.);
#6002=ORIENTED_EDGE('',*,*,#4345,.T.);
#6003=ORIENTED_EDGE('',*,*,#4309,.T.);
#6004=ORIENTED_EDGE('',*,*,#4526,.T.);
#6005=ORIENTED_EDGE('',*,*,#4227,.F.);
#6006=ORIENTED_EDGE('',*,*,#4527,.F.);
#6007=ORIENTED_EDGE('',*,*,#4407,.T.);
#6008=ORIENTED_EDGE('',*,*,#4527,.T.);
#6009=ORIENTED_EDGE('',*,*,#4226,.F.);
#6010=ORIENTED_EDGE('',*,*,#4528,.F.);
#6011=ORIENTED_EDGE('',*,*,#4408,.T.);
#6012=ORIENTED_EDGE('',*,*,#4528,.T.);
#6013=ORIENTED_EDGE('',*,*,#4225,.F.);
#6014=ORIENTED_EDGE('',*,*,#4529,.F.);
#6015=ORIENTED_EDGE('',*,*,#4409,.T.);
#6016=ORIENTED_EDGE('',*,*,#4529,.T.);
#6017=ORIENTED_EDGE('',*,*,#4224,.F.);
#6018=ORIENTED_EDGE('',*,*,#4530,.F.);
#6019=ORIENTED_EDGE('',*,*,#4410,.T.);
#6020=ORIENTED_EDGE('',*,*,#4530,.T.);
#6021=ORIENTED_EDGE('',*,*,#4223,.F.);
#6022=ORIENTED_EDGE('',*,*,#4531,.F.);
#6023=ORIENTED_EDGE('',*,*,#4411,.T.);
#6024=ORIENTED_EDGE('',*,*,#4531,.T.);
#6025=ORIENTED_EDGE('',*,*,#4222,.F.);
#6026=ORIENTED_EDGE('',*,*,#4532,.F.);
#6027=ORIENTED_EDGE('',*,*,#4412,.T.);
#6028=ORIENTED_EDGE('',*,*,#4532,.T.);
#6029=ORIENTED_EDGE('',*,*,#4221,.F.);
#6030=ORIENTED_EDGE('',*,*,#4533,.F.);
#6031=ORIENTED_EDGE('',*,*,#4413,.T.);
#6032=ORIENTED_EDGE('',*,*,#4533,.T.);
#6033=ORIENTED_EDGE('',*,*,#4220,.F.);
#6034=ORIENTED_EDGE('',*,*,#4534,.F.);
#6035=ORIENTED_EDGE('',*,*,#4414,.T.);
#6036=ORIENTED_EDGE('',*,*,#4534,.T.);
#6037=ORIENTED_EDGE('',*,*,#4219,.F.);
#6038=ORIENTED_EDGE('',*,*,#4535,.F.);
#6039=ORIENTED_EDGE('',*,*,#4415,.T.);
#6040=ORIENTED_EDGE('',*,*,#4535,.T.);
#6041=ORIENTED_EDGE('',*,*,#4218,.F.);
#6042=ORIENTED_EDGE('',*,*,#4536,.F.);
#6043=ORIENTED_EDGE('',*,*,#4416,.T.);
#6044=ORIENTED_EDGE('',*,*,#4536,.T.);
#6045=ORIENTED_EDGE('',*,*,#4217,.F.);
#6046=ORIENTED_EDGE('',*,*,#4537,.F.);
#6047=ORIENTED_EDGE('',*,*,#4417,.T.);
#6048=ORIENTED_EDGE('',*,*,#4537,.T.);
#6049=ORIENTED_EDGE('',*,*,#4216,.F.);
#6050=ORIENTED_EDGE('',*,*,#4538,.F.);
#6051=ORIENTED_EDGE('',*,*,#4418,.T.);
#6052=ORIENTED_EDGE('',*,*,#4538,.T.);
#6053=ORIENTED_EDGE('',*,*,#4215,.F.);
#6054=ORIENTED_EDGE('',*,*,#4539,.F.);
#6055=ORIENTED_EDGE('',*,*,#4419,.T.);
#6056=ORIENTED_EDGE('',*,*,#4539,.T.);
#6057=ORIENTED_EDGE('',*,*,#4214,.F.);
#6058=ORIENTED_EDGE('',*,*,#4540,.F.);
#6059=ORIENTED_EDGE('',*,*,#4420,.T.);
#6060=ORIENTED_EDGE('',*,*,#4540,.T.);
#6061=ORIENTED_EDGE('',*,*,#4213,.F.);
#6062=ORIENTED_EDGE('',*,*,#4541,.F.);
#6063=ORIENTED_EDGE('',*,*,#4421,.T.);
#6064=ORIENTED_EDGE('',*,*,#4541,.T.);
#6065=ORIENTED_EDGE('',*,*,#4212,.F.);
#6066=ORIENTED_EDGE('',*,*,#4542,.F.);
#6067=ORIENTED_EDGE('',*,*,#4422,.T.);
#6068=ORIENTED_EDGE('',*,*,#4542,.T.);
#6069=ORIENTED_EDGE('',*,*,#4211,.F.);
#6070=ORIENTED_EDGE('',*,*,#4543,.F.);
#6071=ORIENTED_EDGE('',*,*,#4423,.T.);
#6072=ORIENTED_EDGE('',*,*,#4543,.T.);
#6073=ORIENTED_EDGE('',*,*,#4210,.F.);
#6074=ORIENTED_EDGE('',*,*,#4544,.F.);
#6075=ORIENTED_EDGE('',*,*,#4275,.T.);
#6076=ORIENTED_EDGE('',*,*,#4265,.T.);
#6077=ORIENTED_EDGE('',*,*,#4269,.T.);
#6078=ORIENTED_EDGE('',*,*,#4261,.T.);
#6079=ORIENTED_EDGE('',*,*,#4424,.T.);
#6080=ORIENTED_EDGE('',*,*,#4544,.T.);
#6081=ORIENTED_EDGE('',*,*,#4209,.F.);
#6082=ORIENTED_EDGE('',*,*,#4545,.F.);
#6083=ORIENTED_EDGE('',*,*,#4276,.T.);
#6084=ORIENTED_EDGE('',*,*,#4545,.T.);
#6085=ORIENTED_EDGE('',*,*,#4208,.F.);
#6086=ORIENTED_EDGE('',*,*,#4546,.F.);
#6087=ORIENTED_EDGE('',*,*,#4277,.T.);
#6088=ORIENTED_EDGE('',*,*,#4546,.T.);
#6089=ORIENTED_EDGE('',*,*,#4207,.F.);
#6090=ORIENTED_EDGE('',*,*,#4547,.F.);
#6091=ORIENTED_EDGE('',*,*,#4278,.T.);
#6092=ORIENTED_EDGE('',*,*,#4547,.T.);
#6093=ORIENTED_EDGE('',*,*,#4206,.F.);
#6094=ORIENTED_EDGE('',*,*,#4548,.F.);
#6095=ORIENTED_EDGE('',*,*,#4279,.T.);
#6096=ORIENTED_EDGE('',*,*,#4548,.T.);
#6097=ORIENTED_EDGE('',*,*,#4205,.F.);
#6098=ORIENTED_EDGE('',*,*,#4549,.F.);
#6099=ORIENTED_EDGE('',*,*,#4280,.T.);
#6100=ORIENTED_EDGE('',*,*,#4549,.T.);
#6101=ORIENTED_EDGE('',*,*,#4204,.F.);
#6102=ORIENTED_EDGE('',*,*,#4550,.F.);
#6103=ORIENTED_EDGE('',*,*,#4281,.T.);
#6104=ORIENTED_EDGE('',*,*,#4550,.T.);
#6105=ORIENTED_EDGE('',*,*,#4203,.F.);
#6106=ORIENTED_EDGE('',*,*,#4551,.F.);
#6107=ORIENTED_EDGE('',*,*,#4282,.T.);
#6108=ORIENTED_EDGE('',*,*,#4551,.T.);
#6109=ORIENTED_EDGE('',*,*,#4202,.F.);
#6110=ORIENTED_EDGE('',*,*,#4552,.F.);
#6111=ORIENTED_EDGE('',*,*,#4283,.T.);
#6112=ORIENTED_EDGE('',*,*,#4552,.T.);
#6113=ORIENTED_EDGE('',*,*,#4201,.F.);
#6114=ORIENTED_EDGE('',*,*,#4553,.F.);
#6115=ORIENTED_EDGE('',*,*,#4284,.T.);
#6116=ORIENTED_EDGE('',*,*,#4553,.T.);
#6117=ORIENTED_EDGE('',*,*,#4200,.F.);
#6118=ORIENTED_EDGE('',*,*,#4554,.F.);
#6119=ORIENTED_EDGE('',*,*,#4285,.T.);
#6120=ORIENTED_EDGE('',*,*,#4554,.T.);
#6121=ORIENTED_EDGE('',*,*,#4199,.F.);
#6122=ORIENTED_EDGE('',*,*,#4555,.F.);
#6123=ORIENTED_EDGE('',*,*,#4286,.T.);
#6124=ORIENTED_EDGE('',*,*,#4555,.T.);
#6125=ORIENTED_EDGE('',*,*,#4198,.F.);
#6126=ORIENTED_EDGE('',*,*,#4556,.F.);
#6127=ORIENTED_EDGE('',*,*,#4287,.T.);
#6128=ORIENTED_EDGE('',*,*,#4556,.T.);
#6129=ORIENTED_EDGE('',*,*,#4197,.F.);
#6130=ORIENTED_EDGE('',*,*,#4557,.F.);
#6131=ORIENTED_EDGE('',*,*,#4288,.T.);
#6132=ORIENTED_EDGE('',*,*,#4557,.T.);
#6133=ORIENTED_EDGE('',*,*,#4196,.F.);
#6134=ORIENTED_EDGE('',*,*,#4558,.F.);
#6135=ORIENTED_EDGE('',*,*,#4289,.T.);
#6136=ORIENTED_EDGE('',*,*,#4558,.T.);
#6137=ORIENTED_EDGE('',*,*,#4195,.F.);
#6138=ORIENTED_EDGE('',*,*,#4559,.F.);
#6139=ORIENTED_EDGE('',*,*,#4290,.T.);
#6140=ORIENTED_EDGE('',*,*,#4559,.T.);
#6141=ORIENTED_EDGE('',*,*,#4194,.F.);
#6142=ORIENTED_EDGE('',*,*,#4492,.T.);
#6143=ORIENTED_EDGE('',*,*,#4291,.T.);
#6144=ORIENTED_EDGE('',*,*,#4560,.T.);
#6145=ORIENTED_EDGE('',*,*,#4561,.T.);
#6146=ORIENTED_EDGE('',*,*,#4562,.T.);
#6147=ORIENTED_EDGE('',*,*,#4563,.T.);
#6148=ORIENTED_EDGE('',*,*,#4561,.F.);
#6149=ORIENTED_EDGE('',*,*,#4564,.F.);
#6150=ORIENTED_EDGE('',*,*,#4565,.F.);
#6151=ORIENTED_EDGE('',*,*,#4566,.F.);
#6152=ORIENTED_EDGE('',*,*,#4567,.T.);
#6153=ORIENTED_EDGE('',*,*,#4568,.T.);
#6154=ORIENTED_EDGE('',*,*,#4569,.T.);
#6155=ORIENTED_EDGE('',*,*,#4570,.T.);
#6156=ORIENTED_EDGE('',*,*,#4568,.F.);
#6157=ORIENTED_EDGE('',*,*,#4571,.T.);
#6158=ORIENTED_EDGE('',*,*,#4572,.F.);
#6159=ORIENTED_EDGE('',*,*,#4573,.F.);
#6160=ORIENTED_EDGE('',*,*,#4574,.T.);
#6161=ORIENTED_EDGE('',*,*,#4575,.T.);
#6162=ORIENTED_EDGE('',*,*,#4576,.T.);
#6163=ORIENTED_EDGE('',*,*,#4577,.T.);
#6164=ORIENTED_EDGE('',*,*,#4575,.F.);
#6165=ORIENTED_EDGE('',*,*,#4578,.T.);
#6166=ORIENTED_EDGE('',*,*,#4579,.F.);
#6167=ORIENTED_EDGE('',*,*,#4580,.T.);
#6168=ORIENTED_EDGE('',*,*,#4581,.T.);
#6169=ORIENTED_EDGE('',*,*,#4582,.F.);
#6170=ORIENTED_EDGE('',*,*,#4583,.T.);
#6171=ORIENTED_EDGE('',*,*,#4584,.F.);
#6172=ORIENTED_EDGE('',*,*,#4582,.T.);
#6173=ORIENTED_EDGE('',*,*,#4585,.F.);
#6174=ORIENTED_EDGE('',*,*,#4569,.F.);
#6175=ORIENTED_EDGE('',*,*,#4573,.T.);
#6176=ORIENTED_EDGE('',*,*,#4586,.F.);
#6177=ORIENTED_EDGE('',*,*,#4587,.T.);
#6178=ORIENTED_EDGE('',*,*,#4588,.T.);
#6179=ORIENTED_EDGE('',*,*,#4589,.F.);
#6180=ORIENTED_EDGE('',*,*,#4590,.T.);
#6181=ORIENTED_EDGE('',*,*,#4591,.T.);
#6182=ORIENTED_EDGE('',*,*,#4592,.T.);
#6183=ORIENTED_EDGE('',*,*,#4593,.F.);
#6184=ORIENTED_EDGE('',*,*,#4594,.T.);
#6185=ORIENTED_EDGE('',*,*,#4595,.T.);
#6186=ORIENTED_EDGE('',*,*,#4596,.T.);
#6187=ORIENTED_EDGE('',*,*,#4597,.T.);
#6188=ORIENTED_EDGE('',*,*,#4598,.T.);
#6189=ORIENTED_EDGE('',*,*,#4593,.T.);
#6190=ORIENTED_EDGE('',*,*,#4599,.F.);
#6191=ORIENTED_EDGE('',*,*,#4600,.T.);
#6192=ORIENTED_EDGE('',*,*,#4601,.F.);
#6193=ORIENTED_EDGE('',*,*,#4602,.T.);
#6194=ORIENTED_EDGE('',*,*,#4603,.F.);
#6195=ORIENTED_EDGE('',*,*,#4604,.T.);
#6196=ORIENTED_EDGE('',*,*,#4605,.T.);
#6197=ORIENTED_EDGE('',*,*,#4603,.T.);
#6198=ORIENTED_EDGE('',*,*,#4606,.F.);
#6199=ORIENTED_EDGE('',*,*,#4607,.F.);
#6200=ORIENTED_EDGE('',*,*,#4608,.F.);
#6201=ORIENTED_EDGE('',*,*,#4609,.T.);
#6202=ORIENTED_EDGE('',*,*,#4610,.T.);
#6203=ORIENTED_EDGE('',*,*,#4611,.T.);
#6204=ORIENTED_EDGE('',*,*,#4600,.F.);
#6205=ORIENTED_EDGE('',*,*,#4612,.T.);
#6206=ORIENTED_EDGE('',*,*,#4613,.T.);
#6207=ORIENTED_EDGE('',*,*,#4614,.T.);
#6208=ORIENTED_EDGE('',*,*,#4615,.T.);
#6209=ORIENTED_EDGE('',*,*,#4613,.F.);
#6210=ORIENTED_EDGE('',*,*,#4616,.F.);
#6211=ORIENTED_EDGE('',*,*,#4617,.F.);
#6212=ORIENTED_EDGE('',*,*,#4618,.F.);
#6213=ORIENTED_EDGE('',*,*,#4619,.T.);
#6214=ORIENTED_EDGE('',*,*,#4620,.T.);
#6215=ORIENTED_EDGE('',*,*,#4621,.T.);
#6216=ORIENTED_EDGE('',*,*,#4622,.T.);
#6217=ORIENTED_EDGE('',*,*,#4620,.F.);
#6218=ORIENTED_EDGE('',*,*,#4623,.F.);
#6219=ORIENTED_EDGE('',*,*,#4624,.F.);
#6220=ORIENTED_EDGE('',*,*,#4625,.F.);
#6221=ORIENTED_EDGE('',*,*,#4626,.F.);
#6222=ORIENTED_EDGE('',*,*,#4627,.T.);
#6223=ORIENTED_EDGE('',*,*,#4628,.F.);
#6224=ORIENTED_EDGE('',*,*,#4629,.F.);
#6225=ORIENTED_EDGE('',*,*,#4630,.T.);
#6226=ORIENTED_EDGE('',*,*,#4623,.T.);
#6227=ORIENTED_EDGE('',*,*,#4619,.F.);
#6228=ORIENTED_EDGE('',*,*,#4631,.F.);
#6229=ORIENTED_EDGE('',*,*,#4632,.T.);
#6230=ORIENTED_EDGE('',*,*,#4633,.F.);
#6231=ORIENTED_EDGE('',*,*,#4634,.F.);
#6232=ORIENTED_EDGE('',*,*,#4635,.T.);
#6233=ORIENTED_EDGE('',*,*,#4616,.T.);
#6234=ORIENTED_EDGE('',*,*,#4612,.F.);
#6235=ORIENTED_EDGE('',*,*,#4625,.T.);
#6236=ORIENTED_EDGE('',*,*,#4636,.F.);
#6237=ORIENTED_EDGE('',*,*,#4607,.T.);
#6238=ORIENTED_EDGE('',*,*,#4637,.F.);
#6239=ORIENTED_EDGE('',*,*,#4621,.F.);
#6240=ORIENTED_EDGE('',*,*,#4618,.T.);
#6241=ORIENTED_EDGE('',*,*,#4638,.F.);
#6242=ORIENTED_EDGE('',*,*,#4639,.T.);
#6243=ORIENTED_EDGE('',*,*,#4640,.F.);
#6244=ORIENTED_EDGE('',*,*,#4641,.T.);
#6245=ORIENTED_EDGE('',*,*,#4642,.F.);
#6246=ORIENTED_EDGE('',*,*,#4614,.F.);
#6247=ORIENTED_EDGE('',*,*,#4643,.F.);
#6248=ORIENTED_EDGE('',*,*,#4644,.F.);
#6249=ORIENTED_EDGE('',*,*,#4645,.F.);
#6250=ORIENTED_EDGE('',*,*,#4646,.F.);
#6251=ORIENTED_EDGE('',*,*,#4647,.T.);
#6252=ORIENTED_EDGE('',*,*,#4565,.T.);
#6253=ORIENTED_EDGE('',*,*,#4648,.T.);
#6254=ORIENTED_EDGE('',*,*,#4649,.F.);
#6255=ORIENTED_EDGE('',*,*,#4650,.F.);
#6256=ORIENTED_EDGE('',*,*,#4651,.F.);
#6257=ORIENTED_EDGE('',*,*,#4652,.F.);
#6258=ORIENTED_EDGE('',*,*,#4653,.F.);
#6259=ORIENTED_EDGE('',*,*,#4654,.F.);
#6260=ORIENTED_EDGE('',*,*,#4655,.F.);
#6261=ORIENTED_EDGE('',*,*,#4656,.F.);
#6262=ORIENTED_EDGE('',*,*,#4657,.F.);
#6263=ORIENTED_EDGE('',*,*,#4658,.F.);
#6264=ORIENTED_EDGE('',*,*,#4659,.F.);
#6265=ORIENTED_EDGE('',*,*,#4660,.F.);
#6266=ORIENTED_EDGE('',*,*,#4661,.F.);
#6267=ORIENTED_EDGE('',*,*,#4662,.F.);
#6268=ORIENTED_EDGE('',*,*,#4663,.F.);
#6269=ORIENTED_EDGE('',*,*,#4664,.F.);
#6270=ORIENTED_EDGE('',*,*,#4665,.F.);
#6271=ORIENTED_EDGE('',*,*,#4666,.F.);
#6272=ORIENTED_EDGE('',*,*,#4667,.F.);
#6273=ORIENTED_EDGE('',*,*,#4668,.F.);
#6274=ORIENTED_EDGE('',*,*,#4669,.F.);
#6275=ORIENTED_EDGE('',*,*,#4670,.F.);
#6276=ORIENTED_EDGE('',*,*,#4671,.F.);
#6277=ORIENTED_EDGE('',*,*,#4672,.F.);
#6278=ORIENTED_EDGE('',*,*,#4673,.F.);
#6279=ORIENTED_EDGE('',*,*,#4674,.F.);
#6280=ORIENTED_EDGE('',*,*,#4675,.F.);
#6281=ORIENTED_EDGE('',*,*,#4676,.F.);
#6282=ORIENTED_EDGE('',*,*,#4677,.F.);
#6283=ORIENTED_EDGE('',*,*,#4678,.F.);
#6284=ORIENTED_EDGE('',*,*,#4679,.F.);
#6285=ORIENTED_EDGE('',*,*,#4680,.F.);
#6286=ORIENTED_EDGE('',*,*,#4681,.F.);
#6287=ORIENTED_EDGE('',*,*,#4682,.F.);
#6288=ORIENTED_EDGE('',*,*,#4683,.F.);
#6289=ORIENTED_EDGE('',*,*,#4684,.F.);
#6290=ORIENTED_EDGE('',*,*,#4685,.F.);
#6291=ORIENTED_EDGE('',*,*,#4686,.F.);
#6292=ORIENTED_EDGE('',*,*,#4687,.F.);
#6293=ORIENTED_EDGE('',*,*,#4688,.F.);
#6294=ORIENTED_EDGE('',*,*,#4689,.F.);
#6295=ORIENTED_EDGE('',*,*,#4690,.F.);
#6296=ORIENTED_EDGE('',*,*,#4691,.F.);
#6297=ORIENTED_EDGE('',*,*,#4692,.F.);
#6298=ORIENTED_EDGE('',*,*,#4693,.F.);
#6299=ORIENTED_EDGE('',*,*,#4694,.F.);
#6300=ORIENTED_EDGE('',*,*,#4695,.F.);
#6301=ORIENTED_EDGE('',*,*,#4696,.F.);
#6302=ORIENTED_EDGE('',*,*,#4697,.F.);
#6303=ORIENTED_EDGE('',*,*,#4698,.F.);
#6304=ORIENTED_EDGE('',*,*,#4699,.F.);
#6305=ORIENTED_EDGE('',*,*,#4700,.F.);
#6306=ORIENTED_EDGE('',*,*,#4701,.F.);
#6307=ORIENTED_EDGE('',*,*,#4702,.F.);
#6308=ORIENTED_EDGE('',*,*,#4703,.F.);
#6309=ORIENTED_EDGE('',*,*,#4704,.F.);
#6310=ORIENTED_EDGE('',*,*,#4705,.F.);
#6311=ORIENTED_EDGE('',*,*,#4706,.F.);
#6312=ORIENTED_EDGE('',*,*,#4707,.F.);
#6313=ORIENTED_EDGE('',*,*,#4708,.F.);
#6314=ORIENTED_EDGE('',*,*,#4709,.F.);
#6315=ORIENTED_EDGE('',*,*,#4710,.F.);
#6316=ORIENTED_EDGE('',*,*,#4711,.F.);
#6317=ORIENTED_EDGE('',*,*,#4712,.F.);
#6318=ORIENTED_EDGE('',*,*,#4713,.F.);
#6319=ORIENTED_EDGE('',*,*,#4714,.F.);
#6320=ORIENTED_EDGE('',*,*,#4715,.F.);
#6321=ORIENTED_EDGE('',*,*,#4716,.F.);
#6322=ORIENTED_EDGE('',*,*,#4717,.F.);
#6323=ORIENTED_EDGE('',*,*,#4718,.T.);
#6324=ORIENTED_EDGE('',*,*,#4598,.F.);
#6325=ORIENTED_EDGE('',*,*,#4719,.F.);
#6326=ORIENTED_EDGE('',*,*,#4720,.F.);
#6327=ORIENTED_EDGE('',*,*,#4721,.F.);
#6328=ORIENTED_EDGE('',*,*,#4594,.F.);
#6329=ORIENTED_EDGE('',*,*,#4601,.T.);
#6330=ORIENTED_EDGE('',*,*,#4611,.F.);
#6331=ORIENTED_EDGE('',*,*,#4722,.F.);
#6332=ORIENTED_EDGE('',*,*,#4723,.F.);
#6333=ORIENTED_EDGE('',*,*,#4724,.F.);
#6334=ORIENTED_EDGE('',*,*,#4725,.F.);
#6335=ORIENTED_EDGE('',*,*,#4726,.T.);
#6336=ORIENTED_EDGE('',*,*,#4727,.T.);
#6337=ORIENTED_EDGE('',*,*,#4728,.T.);
#6338=ORIENTED_EDGE('',*,*,#4604,.F.);
#6339=ORIENTED_EDGE('',*,*,#4608,.T.);
#6340=ORIENTED_EDGE('',*,*,#4636,.T.);
#6341=ORIENTED_EDGE('',*,*,#4624,.T.);
#6342=ORIENTED_EDGE('',*,*,#4630,.F.);
#6343=ORIENTED_EDGE('',*,*,#4729,.T.);
#6344=ORIENTED_EDGE('',*,*,#4638,.T.);
#6345=ORIENTED_EDGE('',*,*,#4617,.T.);
#6346=ORIENTED_EDGE('',*,*,#4635,.F.);
#6347=ORIENTED_EDGE('',*,*,#4730,.T.);
#6348=ORIENTED_EDGE('',*,*,#4731,.T.);
#6349=ORIENTED_EDGE('',*,*,#4732,.F.);
#6350=ORIENTED_EDGE('',*,*,#4588,.F.);
#6351=ORIENTED_EDGE('',*,*,#4733,.F.);
#6352=ORIENTED_EDGE('',*,*,#4734,.T.);
#6353=ORIENTED_EDGE('',*,*,#4735,.T.);
#6354=ORIENTED_EDGE('',*,*,#4736,.T.);
#6355=ORIENTED_EDGE('',*,*,#4737,.T.);
#6356=ORIENTED_EDGE('',*,*,#4738,.T.);
#6357=ORIENTED_EDGE('',*,*,#4583,.F.);
#6358=ORIENTED_EDGE('',*,*,#4586,.T.);
#6359=ORIENTED_EDGE('',*,*,#4572,.T.);
#6360=ORIENTED_EDGE('',*,*,#4739,.T.);
#6361=ORIENTED_EDGE('',*,*,#4579,.T.);
#6362=ORIENTED_EDGE('',*,*,#4740,.T.);
#6363=ORIENTED_EDGE('',*,*,#4741,.T.);
#6364=ORIENTED_EDGE('',*,*,#4742,.T.);
#6365=ORIENTED_EDGE('',*,*,#4743,.T.);
#6366=ORIENTED_EDGE('',*,*,#4744,.T.);
#6367=ORIENTED_EDGE('',*,*,#4745,.T.);
#6368=ORIENTED_EDGE('',*,*,#4746,.T.);
#6369=ORIENTED_EDGE('',*,*,#4747,.F.);
#6370=ORIENTED_EDGE('',*,*,#4748,.F.);
#6371=ORIENTED_EDGE('',*,*,#4749,.T.);
#6372=ORIENTED_EDGE('',*,*,#4750,.T.);
#6373=ORIENTED_EDGE('',*,*,#4644,.T.);
#6374=ORIENTED_EDGE('',*,*,#4751,.T.);
#6375=ORIENTED_EDGE('',*,*,#4752,.T.);
#6376=ORIENTED_EDGE('',*,*,#4753,.T.);
#6377=ORIENTED_EDGE('',*,*,#4754,.T.);
#6378=ORIENTED_EDGE('',*,*,#4755,.T.);
#6379=ORIENTED_EDGE('',*,*,#4756,.T.);
#6380=ORIENTED_EDGE('',*,*,#4757,.F.);
#6381=ORIENTED_EDGE('',*,*,#4758,.T.);
#6382=ORIENTED_EDGE('',*,*,#4751,.F.);
#6383=ORIENTED_EDGE('',*,*,#4643,.T.);
#6384=ORIENTED_EDGE('',*,*,#4750,.F.);
#6385=ORIENTED_EDGE('',*,*,#4759,.F.);
#6386=ORIENTED_EDGE('',*,*,#4760,.F.);
#6387=ORIENTED_EDGE('',*,*,#4645,.T.);
#6388=ORIENTED_EDGE('',*,*,#4761,.F.);
#6389=ORIENTED_EDGE('',*,*,#4762,.F.);
#6390=ORIENTED_EDGE('',*,*,#4752,.F.);
#6391=ORIENTED_EDGE('',*,*,#4758,.F.);
#6392=ORIENTED_EDGE('',*,*,#4763,.F.);
#6393=ORIENTED_EDGE('',*,*,#4764,.F.);
#6394=ORIENTED_EDGE('',*,*,#4753,.F.);
#6395=ORIENTED_EDGE('',*,*,#4762,.T.);
#6396=ORIENTED_EDGE('',*,*,#4765,.T.);
#6397=ORIENTED_EDGE('',*,*,#4766,.T.);
#6398=ORIENTED_EDGE('',*,*,#4767,.T.);
#6399=ORIENTED_EDGE('',*,*,#4768,.T.);
#6400=ORIENTED_EDGE('',*,*,#4769,.T.);
#6401=ORIENTED_EDGE('',*,*,#4770,.T.);
#6402=ORIENTED_EDGE('',*,*,#4771,.T.);
#6403=ORIENTED_EDGE('',*,*,#4768,.F.);
#6404=ORIENTED_EDGE('',*,*,#4772,.T.);
#6405=ORIENTED_EDGE('',*,*,#4773,.T.);
#6406=ORIENTED_EDGE('',*,*,#4774,.T.);
#6407=ORIENTED_EDGE('',*,*,#4766,.F.);
#6408=ORIENTED_EDGE('',*,*,#4775,.T.);
#6409=ORIENTED_EDGE('',*,*,#4773,.F.);
#6410=ORIENTED_EDGE('',*,*,#4776,.T.);
#6411=ORIENTED_EDGE('',*,*,#4770,.F.);
#6412=ORIENTED_EDGE('',*,*,#4769,.F.);
#6413=ORIENTED_EDGE('',*,*,#4777,.T.);
#6414=ORIENTED_EDGE('',*,*,#4736,.F.);
#6415=ORIENTED_EDGE('',*,*,#4778,.F.);
#6416=ORIENTED_EDGE('',*,*,#4767,.F.);
#6417=ORIENTED_EDGE('',*,*,#4779,.T.);
#6418=ORIENTED_EDGE('',*,*,#4737,.F.);
#6419=ORIENTED_EDGE('',*,*,#4777,.F.);
#6420=ORIENTED_EDGE('',*,*,#4780,.T.);
#6421=ORIENTED_EDGE('',*,*,#4781,.T.);
#6422=ORIENTED_EDGE('',*,*,#4782,.T.);
#6423=ORIENTED_EDGE('',*,*,#4783,.T.);
#6424=ORIENTED_EDGE('',*,*,#4784,.T.);
#6425=ORIENTED_EDGE('',*,*,#4785,.T.);
#6426=ORIENTED_EDGE('',*,*,#4786,.T.);
#6427=ORIENTED_EDGE('',*,*,#4787,.T.);
#6428=ORIENTED_EDGE('',*,*,#4788,.T.);
#6429=ORIENTED_EDGE('',*,*,#4789,.T.);
#6430=ORIENTED_EDGE('',*,*,#4790,.T.);
#6431=ORIENTED_EDGE('',*,*,#4791,.T.);
#6432=ORIENTED_EDGE('',*,*,#4792,.T.);
#6433=ORIENTED_EDGE('',*,*,#4793,.T.);
#6434=ORIENTED_EDGE('',*,*,#4794,.T.);
#6435=ORIENTED_EDGE('',*,*,#4795,.T.);
#6436=ORIENTED_EDGE('',*,*,#4796,.T.);
#6437=ORIENTED_EDGE('',*,*,#4797,.T.);
#6438=ORIENTED_EDGE('',*,*,#4798,.T.);
#6439=ORIENTED_EDGE('',*,*,#4799,.T.);
#6440=ORIENTED_EDGE('',*,*,#4800,.T.);
#6441=ORIENTED_EDGE('',*,*,#4801,.T.);
#6442=ORIENTED_EDGE('',*,*,#4802,.T.);
#6443=ORIENTED_EDGE('',*,*,#4803,.T.);
#6444=ORIENTED_EDGE('',*,*,#4804,.T.);
#6445=ORIENTED_EDGE('',*,*,#4805,.T.);
#6446=ORIENTED_EDGE('',*,*,#4806,.T.);
#6447=ORIENTED_EDGE('',*,*,#4807,.T.);
#6448=ORIENTED_EDGE('',*,*,#4808,.T.);
#6449=ORIENTED_EDGE('',*,*,#4809,.T.);
#6450=ORIENTED_EDGE('',*,*,#4810,.T.);
#6451=ORIENTED_EDGE('',*,*,#4811,.T.);
#6452=ORIENTED_EDGE('',*,*,#4812,.T.);
#6453=ORIENTED_EDGE('',*,*,#4813,.T.);
#6454=ORIENTED_EDGE('',*,*,#4814,.T.);
#6455=ORIENTED_EDGE('',*,*,#4815,.T.);
#6456=ORIENTED_EDGE('',*,*,#4816,.T.);
#6457=ORIENTED_EDGE('',*,*,#4817,.T.);
#6458=ORIENTED_EDGE('',*,*,#4818,.T.);
#6459=ORIENTED_EDGE('',*,*,#4819,.T.);
#6460=ORIENTED_EDGE('',*,*,#4820,.T.);
#6461=ORIENTED_EDGE('',*,*,#4821,.T.);
#6462=ORIENTED_EDGE('',*,*,#4822,.T.);
#6463=ORIENTED_EDGE('',*,*,#4823,.T.);
#6464=ORIENTED_EDGE('',*,*,#4824,.T.);
#6465=ORIENTED_EDGE('',*,*,#4825,.T.);
#6466=ORIENTED_EDGE('',*,*,#4826,.T.);
#6467=ORIENTED_EDGE('',*,*,#4827,.T.);
#6468=ORIENTED_EDGE('',*,*,#4828,.T.);
#6469=ORIENTED_EDGE('',*,*,#4829,.T.);
#6470=ORIENTED_EDGE('',*,*,#4830,.T.);
#6471=ORIENTED_EDGE('',*,*,#4831,.T.);
#6472=ORIENTED_EDGE('',*,*,#4832,.T.);
#6473=ORIENTED_EDGE('',*,*,#4833,.T.);
#6474=ORIENTED_EDGE('',*,*,#4834,.T.);
#6475=ORIENTED_EDGE('',*,*,#4835,.T.);
#6476=ORIENTED_EDGE('',*,*,#4836,.T.);
#6477=ORIENTED_EDGE('',*,*,#4837,.T.);
#6478=ORIENTED_EDGE('',*,*,#4838,.T.);
#6479=ORIENTED_EDGE('',*,*,#4839,.T.);
#6480=ORIENTED_EDGE('',*,*,#4840,.T.);
#6481=ORIENTED_EDGE('',*,*,#4841,.T.);
#6482=ORIENTED_EDGE('',*,*,#4842,.T.);
#6483=ORIENTED_EDGE('',*,*,#4843,.T.);
#6484=ORIENTED_EDGE('',*,*,#4844,.T.);
#6485=ORIENTED_EDGE('',*,*,#4845,.T.);
#6486=ORIENTED_EDGE('',*,*,#4846,.T.);
#6487=ORIENTED_EDGE('',*,*,#4847,.T.);
#6488=ORIENTED_EDGE('',*,*,#4848,.T.);
#6489=ORIENTED_EDGE('',*,*,#4849,.T.);
#6490=ORIENTED_EDGE('',*,*,#4850,.T.);
#6491=ORIENTED_EDGE('',*,*,#4563,.F.);
#6492=ORIENTED_EDGE('',*,*,#4585,.T.);
#6493=ORIENTED_EDGE('',*,*,#4581,.F.);
#6494=ORIENTED_EDGE('',*,*,#4851,.T.);
#6495=ORIENTED_EDGE('',*,*,#4570,.F.);
#6496=ORIENTED_EDGE('',*,*,#4852,.F.);
#6497=ORIENTED_EDGE('',*,*,#4853,.T.);
#6498=ORIENTED_EDGE('',*,*,#4854,.T.);
#6499=ORIENTED_EDGE('',*,*,#4855,.T.);
#6500=ORIENTED_EDGE('',*,*,#4856,.T.);
#6501=ORIENTED_EDGE('',*,*,#4857,.F.);
#6502=ORIENTED_EDGE('',*,*,#4858,.F.);
#6503=ORIENTED_EDGE('',*,*,#4577,.F.);
#6504=ORIENTED_EDGE('',*,*,#4642,.T.);
#6505=ORIENTED_EDGE('',*,*,#4859,.T.);
#6506=ORIENTED_EDGE('',*,*,#4626,.T.);
#6507=ORIENTED_EDGE('',*,*,#4622,.F.);
#6508=ORIENTED_EDGE('',*,*,#4637,.T.);
#6509=ORIENTED_EDGE('',*,*,#4606,.T.);
#6510=ORIENTED_EDGE('',*,*,#4602,.F.);
#6511=ORIENTED_EDGE('',*,*,#4860,.F.);
#6512=ORIENTED_EDGE('',*,*,#4861,.T.);
#6513=ORIENTED_EDGE('',*,*,#4862,.T.);
#6514=ORIENTED_EDGE('',*,*,#4609,.F.);
#6515=ORIENTED_EDGE('',*,*,#4599,.T.);
#6516=ORIENTED_EDGE('',*,*,#4592,.F.);
#6517=ORIENTED_EDGE('',*,*,#4863,.T.);
#6518=ORIENTED_EDGE('',*,*,#4864,.T.);
#6519=ORIENTED_EDGE('',*,*,#4865,.T.);
#6520=ORIENTED_EDGE('',*,*,#4590,.F.);
#6521=ORIENTED_EDGE('',*,*,#4866,.T.);
#6522=ORIENTED_EDGE('',*,*,#4631,.T.);
#6523=ORIENTED_EDGE('',*,*,#4615,.F.);
#6524=ORIENTED_EDGE('',*,*,#4867,.T.);
#6525=ORIENTED_EDGE('',*,*,#4868,.T.);
#6526=ORIENTED_EDGE('',*,*,#4869,.T.);
#6527=ORIENTED_EDGE('',*,*,#4763,.T.);
#6528=ORIENTED_EDGE('',*,*,#4761,.T.);
#6529=ORIENTED_EDGE('',*,*,#4757,.T.);
#6530=ORIENTED_EDGE('',*,*,#4646,.T.);
#6531=ORIENTED_EDGE('',*,*,#4760,.T.);
#6532=ORIENTED_EDGE('',*,*,#4870,.T.);
#6533=ORIENTED_EDGE('',*,*,#4871,.T.);
#6534=ORIENTED_EDGE('',*,*,#4872,.T.);
#6535=ORIENTED_EDGE('',*,*,#4873,.T.);
#6536=ORIENTED_EDGE('',*,*,#4874,.T.);
#6537=ORIENTED_EDGE('',*,*,#4765,.F.);
#6538=ORIENTED_EDGE('',*,*,#4771,.F.);
#6539=ORIENTED_EDGE('',*,*,#4776,.F.);
#6540=ORIENTED_EDGE('',*,*,#4772,.F.);
#6541=ORIENTED_EDGE('',*,*,#4864,.F.);
#6542=ORIENTED_EDGE('',*,*,#4875,.F.);
#6543=ORIENTED_EDGE('',*,*,#4734,.F.);
#6544=ORIENTED_EDGE('',*,*,#4876,.F.);
#6545=ORIENTED_EDGE('',*,*,#4863,.F.);
#6546=ORIENTED_EDGE('',*,*,#4591,.F.);
#6547=ORIENTED_EDGE('',*,*,#4718,.F.);
#6548=ORIENTED_EDGE('',*,*,#4875,.T.);
#6549=ORIENTED_EDGE('',*,*,#4865,.F.);
#6550=ORIENTED_EDGE('',*,*,#4876,.T.);
#6551=ORIENTED_EDGE('',*,*,#4733,.T.);
#6552=ORIENTED_EDGE('',*,*,#4587,.F.);
#6553=ORIENTED_EDGE('',*,*,#4729,.F.);
#6554=ORIENTED_EDGE('',*,*,#4629,.T.);
#6555=ORIENTED_EDGE('',*,*,#4877,.F.);
#6556=ORIENTED_EDGE('',*,*,#4639,.F.);
#6557=ORIENTED_EDGE('',*,*,#4878,.T.);
#6558=ORIENTED_EDGE('',*,*,#4640,.T.);
#6559=ORIENTED_EDGE('',*,*,#4877,.T.);
#6560=ORIENTED_EDGE('',*,*,#4628,.T.);
#6561=ORIENTED_EDGE('',*,*,#4730,.F.);
#6562=ORIENTED_EDGE('',*,*,#4634,.T.);
#6563=ORIENTED_EDGE('',*,*,#4879,.F.);
#6564=ORIENTED_EDGE('',*,*,#4880,.F.);
#6565=ORIENTED_EDGE('',*,*,#4731,.F.);
#6566=ORIENTED_EDGE('',*,*,#4880,.T.);
#6567=ORIENTED_EDGE('',*,*,#4881,.F.);
#6568=ORIENTED_EDGE('',*,*,#4882,.F.);
#6569=ORIENTED_EDGE('',*,*,#4881,.T.);
#6570=ORIENTED_EDGE('',*,*,#4879,.T.);
#6571=ORIENTED_EDGE('',*,*,#4633,.T.);
#6572=ORIENTED_EDGE('',*,*,#4883,.T.);
#6573=ORIENTED_EDGE('',*,*,#4871,.F.);
#6574=ORIENTED_EDGE('',*,*,#4884,.T.);
#6575=ORIENTED_EDGE('',*,*,#4885,.F.);
#6576=ORIENTED_EDGE('',*,*,#4884,.F.);
#6577=ORIENTED_EDGE('',*,*,#4872,.F.);
#6578=ORIENTED_EDGE('',*,*,#4886,.T.);
#6579=ORIENTED_EDGE('',*,*,#4887,.F.);
#6580=ORIENTED_EDGE('',*,*,#4886,.F.);
#6581=ORIENTED_EDGE('',*,*,#4873,.F.);
#6582=ORIENTED_EDGE('',*,*,#4888,.T.);
#6583=ORIENTED_EDGE('',*,*,#4889,.F.);
#6584=ORIENTED_EDGE('',*,*,#4888,.F.);
#6585=ORIENTED_EDGE('',*,*,#4874,.F.);
#6586=ORIENTED_EDGE('',*,*,#4890,.T.);
#6587=ORIENTED_EDGE('',*,*,#4891,.F.);
#6588=ORIENTED_EDGE('',*,*,#4892,.F.);
#6589=ORIENTED_EDGE('',*,*,#4890,.F.);
#6590=ORIENTED_EDGE('',*,*,#4889,.T.);
#6591=ORIENTED_EDGE('',*,*,#4893,.T.);
#6592=ORIENTED_EDGE('',*,*,#4894,.F.);
#6593=ORIENTED_EDGE('',*,*,#4893,.F.);
#6594=ORIENTED_EDGE('',*,*,#4887,.T.);
#6595=ORIENTED_EDGE('',*,*,#4895,.T.);
#6596=ORIENTED_EDGE('',*,*,#4896,.F.);
#6597=ORIENTED_EDGE('',*,*,#4895,.F.);
#6598=ORIENTED_EDGE('',*,*,#4885,.T.);
#6599=ORIENTED_EDGE('',*,*,#4897,.T.);
#6600=ORIENTED_EDGE('',*,*,#4898,.F.);
#6601=ORIENTED_EDGE('',*,*,#4897,.F.);
#6602=ORIENTED_EDGE('',*,*,#4891,.T.);
#6603=ORIENTED_EDGE('',*,*,#4899,.T.);
#6604=ORIENTED_EDGE('',*,*,#4900,.F.);
#6605=ORIENTED_EDGE('',*,*,#4899,.F.);
#6606=ORIENTED_EDGE('',*,*,#4892,.T.);
#6607=ORIENTED_EDGE('',*,*,#4725,.T.);
#6608=ORIENTED_EDGE('',*,*,#4901,.T.);
#6609=ORIENTED_EDGE('',*,*,#4902,.F.);
#6610=ORIENTED_EDGE('',*,*,#4903,.F.);
#6611=ORIENTED_EDGE('',*,*,#4724,.T.);
#6612=ORIENTED_EDGE('',*,*,#4904,.T.);
#6613=ORIENTED_EDGE('',*,*,#4905,.F.);
#6614=ORIENTED_EDGE('',*,*,#4901,.F.);
#6615=ORIENTED_EDGE('',*,*,#4723,.T.);
#6616=ORIENTED_EDGE('',*,*,#4906,.T.);
#6617=ORIENTED_EDGE('',*,*,#4907,.F.);
#6618=ORIENTED_EDGE('',*,*,#4904,.F.);
#6619=ORIENTED_EDGE('',*,*,#4721,.T.);
#6620=ORIENTED_EDGE('',*,*,#4908,.T.);
#6621=ORIENTED_EDGE('',*,*,#4909,.T.);
#6622=ORIENTED_EDGE('',*,*,#4595,.F.);
#6623=ORIENTED_EDGE('',*,*,#4680,.T.);
#6624=ORIENTED_EDGE('',*,*,#4910,.F.);
#6625=ORIENTED_EDGE('',*,*,#4911,.T.);
#6626=ORIENTED_EDGE('',*,*,#4912,.T.);
#6627=ORIENTED_EDGE('',*,*,#4679,.T.);
#6628=ORIENTED_EDGE('',*,*,#4913,.F.);
#6629=ORIENTED_EDGE('',*,*,#4914,.T.);
#6630=ORIENTED_EDGE('',*,*,#4910,.T.);
#6631=ORIENTED_EDGE('',*,*,#4678,.T.);
#6632=ORIENTED_EDGE('',*,*,#4915,.F.);
#6633=ORIENTED_EDGE('',*,*,#4916,.T.);
#6634=ORIENTED_EDGE('',*,*,#4913,.T.);
#6635=ORIENTED_EDGE('',*,*,#4677,.T.);
#6636=ORIENTED_EDGE('',*,*,#4917,.F.);
#6637=ORIENTED_EDGE('',*,*,#4918,.T.);
#6638=ORIENTED_EDGE('',*,*,#4915,.T.);
#6639=ORIENTED_EDGE('',*,*,#4676,.T.);
#6640=ORIENTED_EDGE('',*,*,#4919,.F.);
#6641=ORIENTED_EDGE('',*,*,#4920,.T.);
#6642=ORIENTED_EDGE('',*,*,#4917,.T.);
#6643=ORIENTED_EDGE('',*,*,#4675,.T.);
#6644=ORIENTED_EDGE('',*,*,#4921,.F.);
#6645=ORIENTED_EDGE('',*,*,#4922,.T.);
#6646=ORIENTED_EDGE('',*,*,#4919,.T.);
#6647=ORIENTED_EDGE('',*,*,#4674,.T.);
#6648=ORIENTED_EDGE('',*,*,#4923,.F.);
#6649=ORIENTED_EDGE('',*,*,#4924,.T.);
#6650=ORIENTED_EDGE('',*,*,#4921,.T.);
#6651=ORIENTED_EDGE('',*,*,#4673,.T.);
#6652=ORIENTED_EDGE('',*,*,#4925,.F.);
#6653=ORIENTED_EDGE('',*,*,#4926,.T.);
#6654=ORIENTED_EDGE('',*,*,#4923,.T.);
#6655=ORIENTED_EDGE('',*,*,#4672,.T.);
#6656=ORIENTED_EDGE('',*,*,#4927,.F.);
#6657=ORIENTED_EDGE('',*,*,#4928,.T.);
#6658=ORIENTED_EDGE('',*,*,#4925,.T.);
#6659=ORIENTED_EDGE('',*,*,#4671,.T.);
#6660=ORIENTED_EDGE('',*,*,#4929,.F.);
#6661=ORIENTED_EDGE('',*,*,#4930,.T.);
#6662=ORIENTED_EDGE('',*,*,#4927,.T.);
#6663=ORIENTED_EDGE('',*,*,#4670,.T.);
#6664=ORIENTED_EDGE('',*,*,#4931,.F.);
#6665=ORIENTED_EDGE('',*,*,#4932,.T.);
#6666=ORIENTED_EDGE('',*,*,#4929,.T.);
#6667=ORIENTED_EDGE('',*,*,#4669,.T.);
#6668=ORIENTED_EDGE('',*,*,#4933,.F.);
#6669=ORIENTED_EDGE('',*,*,#4934,.T.);
#6670=ORIENTED_EDGE('',*,*,#4931,.T.);
#6671=ORIENTED_EDGE('',*,*,#4668,.T.);
#6672=ORIENTED_EDGE('',*,*,#4935,.F.);
#6673=ORIENTED_EDGE('',*,*,#4936,.T.);
#6674=ORIENTED_EDGE('',*,*,#4933,.T.);
#6675=ORIENTED_EDGE('',*,*,#4667,.T.);
#6676=ORIENTED_EDGE('',*,*,#4937,.F.);
#6677=ORIENTED_EDGE('',*,*,#4938,.T.);
#6678=ORIENTED_EDGE('',*,*,#4935,.T.);
#6679=ORIENTED_EDGE('',*,*,#4666,.T.);
#6680=ORIENTED_EDGE('',*,*,#4939,.F.);
#6681=ORIENTED_EDGE('',*,*,#4940,.T.);
#6682=ORIENTED_EDGE('',*,*,#4937,.T.);
#6683=ORIENTED_EDGE('',*,*,#4665,.T.);
#6684=ORIENTED_EDGE('',*,*,#4941,.F.);
#6685=ORIENTED_EDGE('',*,*,#4942,.T.);
#6686=ORIENTED_EDGE('',*,*,#4939,.T.);
#6687=ORIENTED_EDGE('',*,*,#4664,.T.);
#6688=ORIENTED_EDGE('',*,*,#4943,.F.);
#6689=ORIENTED_EDGE('',*,*,#4944,.T.);
#6690=ORIENTED_EDGE('',*,*,#4941,.T.);
#6691=ORIENTED_EDGE('',*,*,#4663,.T.);
#6692=ORIENTED_EDGE('',*,*,#4945,.F.);
#6693=ORIENTED_EDGE('',*,*,#4946,.T.);
#6694=ORIENTED_EDGE('',*,*,#4943,.T.);
#6695=ORIENTED_EDGE('',*,*,#4662,.T.);
#6696=ORIENTED_EDGE('',*,*,#4947,.F.);
#6697=ORIENTED_EDGE('',*,*,#4948,.T.);
#6698=ORIENTED_EDGE('',*,*,#4945,.T.);
#6699=ORIENTED_EDGE('',*,*,#4661,.T.);
#6700=ORIENTED_EDGE('',*,*,#4949,.F.);
#6701=ORIENTED_EDGE('',*,*,#4950,.T.);
#6702=ORIENTED_EDGE('',*,*,#4947,.T.);
#6703=ORIENTED_EDGE('',*,*,#4660,.T.);
#6704=ORIENTED_EDGE('',*,*,#4951,.F.);
#6705=ORIENTED_EDGE('',*,*,#4952,.T.);
#6706=ORIENTED_EDGE('',*,*,#4949,.T.);
#6707=ORIENTED_EDGE('',*,*,#4659,.T.);
#6708=ORIENTED_EDGE('',*,*,#4953,.F.);
#6709=ORIENTED_EDGE('',*,*,#4954,.T.);
#6710=ORIENTED_EDGE('',*,*,#4951,.T.);
#6711=ORIENTED_EDGE('',*,*,#4658,.T.);
#6712=ORIENTED_EDGE('',*,*,#4955,.F.);
#6713=ORIENTED_EDGE('',*,*,#4956,.T.);
#6714=ORIENTED_EDGE('',*,*,#4953,.T.);
#6715=ORIENTED_EDGE('',*,*,#4657,.T.);
#6716=ORIENTED_EDGE('',*,*,#4957,.F.);
#6717=ORIENTED_EDGE('',*,*,#4958,.T.);
#6718=ORIENTED_EDGE('',*,*,#4955,.T.);
#6719=ORIENTED_EDGE('',*,*,#4656,.T.);
#6720=ORIENTED_EDGE('',*,*,#4959,.F.);
#6721=ORIENTED_EDGE('',*,*,#4960,.T.);
#6722=ORIENTED_EDGE('',*,*,#4957,.T.);
#6723=ORIENTED_EDGE('',*,*,#4655,.T.);
#6724=ORIENTED_EDGE('',*,*,#4961,.F.);
#6725=ORIENTED_EDGE('',*,*,#4962,.T.);
#6726=ORIENTED_EDGE('',*,*,#4959,.T.);
#6727=ORIENTED_EDGE('',*,*,#4654,.T.);
#6728=ORIENTED_EDGE('',*,*,#4963,.F.);
#6729=ORIENTED_EDGE('',*,*,#4964,.T.);
#6730=ORIENTED_EDGE('',*,*,#4961,.T.);
#6731=ORIENTED_EDGE('',*,*,#4653,.T.);
#6732=ORIENTED_EDGE('',*,*,#4965,.F.);
#6733=ORIENTED_EDGE('',*,*,#4966,.T.);
#6734=ORIENTED_EDGE('',*,*,#4963,.T.);
#6735=ORIENTED_EDGE('',*,*,#4652,.T.);
#6736=ORIENTED_EDGE('',*,*,#4967,.F.);
#6737=ORIENTED_EDGE('',*,*,#4968,.T.);
#6738=ORIENTED_EDGE('',*,*,#4965,.T.);
#6739=ORIENTED_EDGE('',*,*,#4651,.T.);
#6740=ORIENTED_EDGE('',*,*,#4969,.F.);
#6741=ORIENTED_EDGE('',*,*,#4970,.T.);
#6742=ORIENTED_EDGE('',*,*,#4967,.T.);
#6743=ORIENTED_EDGE('',*,*,#4650,.T.);
#6744=ORIENTED_EDGE('',*,*,#4971,.F.);
#6745=ORIENTED_EDGE('',*,*,#4972,.T.);
#6746=ORIENTED_EDGE('',*,*,#4969,.T.);
#6747=ORIENTED_EDGE('',*,*,#4649,.T.);
#6748=ORIENTED_EDGE('',*,*,#4973,.T.);
#6749=ORIENTED_EDGE('',*,*,#4974,.T.);
#6750=ORIENTED_EDGE('',*,*,#4975,.T.);
#6751=ORIENTED_EDGE('',*,*,#4717,.T.);
#6752=ORIENTED_EDGE('',*,*,#4976,.F.);
#6753=ORIENTED_EDGE('',*,*,#4977,.T.);
#6754=ORIENTED_EDGE('',*,*,#4978,.F.);
#6755=ORIENTED_EDGE('',*,*,#4979,.T.);
#6756=ORIENTED_EDGE('',*,*,#4980,.F.);
#6757=ORIENTED_EDGE('',*,*,#4981,.T.);
#6758=ORIENTED_EDGE('',*,*,#4971,.T.);
#6759=ORIENTED_EDGE('',*,*,#4982,.T.);
#6760=ORIENTED_EDGE('',*,*,#4983,.T.);
#6761=ORIENTED_EDGE('',*,*,#4596,.F.);
#6762=ORIENTED_EDGE('',*,*,#4909,.F.);
#6763=ORIENTED_EDGE('',*,*,#4896,.T.);
#6764=ORIENTED_EDGE('',*,*,#4984,.T.);
#6765=ORIENTED_EDGE('',*,*,#4900,.T.);
#6766=ORIENTED_EDGE('',*,*,#4905,.T.);
#6767=ORIENTED_EDGE('',*,*,#4907,.T.);
#6768=ORIENTED_EDGE('',*,*,#4985,.T.);
#6769=ORIENTED_EDGE('',*,*,#4902,.T.);
#6770=ORIENTED_EDGE('',*,*,#4898,.T.);
#6771=ORIENTED_EDGE('',*,*,#4986,.T.);
#6772=ORIENTED_EDGE('',*,*,#4894,.T.);
#6773=ORIENTED_EDGE('',*,*,#4732,.T.);
#6774=ORIENTED_EDGE('',*,*,#4882,.T.);
#6775=ORIENTED_EDGE('',*,*,#4883,.F.);
#6776=ORIENTED_EDGE('',*,*,#4632,.F.);
#6777=ORIENTED_EDGE('',*,*,#4866,.F.);
#6778=ORIENTED_EDGE('',*,*,#4589,.T.);
#6779=ORIENTED_EDGE('',*,*,#4627,.F.);
#6780=ORIENTED_EDGE('',*,*,#4859,.F.);
#6781=ORIENTED_EDGE('',*,*,#4641,.F.);
#6782=ORIENTED_EDGE('',*,*,#4878,.F.);
#6783=ORIENTED_EDGE('',*,*,#4987,.F.);
#6784=ORIENTED_EDGE('',*,*,#4988,.F.);
#6785=ORIENTED_EDGE('',*,*,#4974,.F.);
#6786=ORIENTED_EDGE('',*,*,#4989,.F.);
#6787=ORIENTED_EDGE('',*,*,#4719,.T.);
#6788=ORIENTED_EDGE('',*,*,#4597,.F.);
#6789=ORIENTED_EDGE('',*,*,#4983,.F.);
#6790=ORIENTED_EDGE('',*,*,#4990,.F.);
#6791=ORIENTED_EDGE('',*,*,#4860,.T.);
#6792=ORIENTED_EDGE('',*,*,#4605,.F.);
#6793=ORIENTED_EDGE('',*,*,#4728,.F.);
#6794=ORIENTED_EDGE('',*,*,#4991,.F.);
#6795=ORIENTED_EDGE('',*,*,#4991,.T.);
#6796=ORIENTED_EDGE('',*,*,#4727,.F.);
#6797=ORIENTED_EDGE('',*,*,#4992,.T.);
#6798=ORIENTED_EDGE('',*,*,#4861,.F.);
#6799=ORIENTED_EDGE('',*,*,#4862,.F.);
#6800=ORIENTED_EDGE('',*,*,#4992,.F.);
#6801=ORIENTED_EDGE('',*,*,#4726,.F.);
#6802=ORIENTED_EDGE('',*,*,#4903,.T.);
#6803=ORIENTED_EDGE('',*,*,#4985,.F.);
#6804=ORIENTED_EDGE('',*,*,#4906,.F.);
#6805=ORIENTED_EDGE('',*,*,#4722,.T.);
#6806=ORIENTED_EDGE('',*,*,#4610,.F.);
#6807=ORIENTED_EDGE('',*,*,#4986,.F.);
#6808=ORIENTED_EDGE('',*,*,#4993,.T.);
#6809=ORIENTED_EDGE('',*,*,#4748,.T.);
#6810=ORIENTED_EDGE('',*,*,#4993,.F.);
#6811=ORIENTED_EDGE('',*,*,#4984,.F.);
#6812=ORIENTED_EDGE('',*,*,#4994,.T.);
#6813=ORIENTED_EDGE('',*,*,#4747,.T.);
#6814=ORIENTED_EDGE('',*,*,#4994,.F.);
#6815=ORIENTED_EDGE('',*,*,#4720,.T.);
#6816=ORIENTED_EDGE('',*,*,#4990,.T.);
#6817=ORIENTED_EDGE('',*,*,#4982,.F.);
#6818=ORIENTED_EDGE('',*,*,#4908,.F.);
#6819=ORIENTED_EDGE('',*,*,#4995,.F.);
#6820=ORIENTED_EDGE('',*,*,#4996,.F.);
#6821=ORIENTED_EDGE('',*,*,#4997,.F.);
#6822=ORIENTED_EDGE('',*,*,#4998,.F.);
#6823=ORIENTED_EDGE('',*,*,#4995,.T.);
#6824=ORIENTED_EDGE('',*,*,#4999,.T.);
#6825=ORIENTED_EDGE('',*,*,#5000,.T.);
#6826=ORIENTED_EDGE('',*,*,#5001,.T.);
#6827=ORIENTED_EDGE('',*,*,#5000,.F.);
#6828=ORIENTED_EDGE('',*,*,#5002,.F.);
#6829=ORIENTED_EDGE('',*,*,#5003,.F.);
#6830=ORIENTED_EDGE('',*,*,#5004,.F.);
#6831=ORIENTED_EDGE('',*,*,#4997,.T.);
#6832=ORIENTED_EDGE('',*,*,#5005,.F.);
#6833=ORIENTED_EDGE('',*,*,#5006,.F.);
#6834=ORIENTED_EDGE('',*,*,#5007,.F.);
#6835=ORIENTED_EDGE('',*,*,#4911,.F.);
#6836=ORIENTED_EDGE('',*,*,#4914,.F.);
#6837=ORIENTED_EDGE('',*,*,#4916,.F.);
#6838=ORIENTED_EDGE('',*,*,#4918,.F.);
#6839=ORIENTED_EDGE('',*,*,#4920,.F.);
#6840=ORIENTED_EDGE('',*,*,#4922,.F.);
#6841=ORIENTED_EDGE('',*,*,#4924,.F.);
#6842=ORIENTED_EDGE('',*,*,#4926,.F.);
#6843=ORIENTED_EDGE('',*,*,#4928,.F.);
#6844=ORIENTED_EDGE('',*,*,#4930,.F.);
#6845=ORIENTED_EDGE('',*,*,#4932,.F.);
#6846=ORIENTED_EDGE('',*,*,#4934,.F.);
#6847=ORIENTED_EDGE('',*,*,#4936,.F.);
#6848=ORIENTED_EDGE('',*,*,#4938,.F.);
#6849=ORIENTED_EDGE('',*,*,#4940,.F.);
#6850=ORIENTED_EDGE('',*,*,#4942,.F.);
#6851=ORIENTED_EDGE('',*,*,#4944,.F.);
#6852=ORIENTED_EDGE('',*,*,#4946,.F.);
#6853=ORIENTED_EDGE('',*,*,#4948,.F.);
#6854=ORIENTED_EDGE('',*,*,#4950,.F.);
#6855=ORIENTED_EDGE('',*,*,#4952,.F.);
#6856=ORIENTED_EDGE('',*,*,#4954,.F.);
#6857=ORIENTED_EDGE('',*,*,#4956,.F.);
#6858=ORIENTED_EDGE('',*,*,#4958,.F.);
#6859=ORIENTED_EDGE('',*,*,#4960,.F.);
#6860=ORIENTED_EDGE('',*,*,#4962,.F.);
#6861=ORIENTED_EDGE('',*,*,#4964,.F.);
#6862=ORIENTED_EDGE('',*,*,#4966,.F.);
#6863=ORIENTED_EDGE('',*,*,#4968,.F.);
#6864=ORIENTED_EDGE('',*,*,#4970,.F.);
#6865=ORIENTED_EDGE('',*,*,#4972,.F.);
#6866=ORIENTED_EDGE('',*,*,#4981,.F.);
#6867=ORIENTED_EDGE('',*,*,#5008,.T.);
#6868=ORIENTED_EDGE('',*,*,#5009,.F.);
#6869=ORIENTED_EDGE('',*,*,#5010,.F.);
#6870=ORIENTED_EDGE('',*,*,#5011,.F.);
#6871=ORIENTED_EDGE('',*,*,#5012,.F.);
#6872=ORIENTED_EDGE('',*,*,#5013,.F.);
#6873=ORIENTED_EDGE('',*,*,#5014,.F.);
#6874=ORIENTED_EDGE('',*,*,#5015,.F.);
#6875=ORIENTED_EDGE('',*,*,#5016,.F.);
#6876=ORIENTED_EDGE('',*,*,#5017,.F.);
#6877=ORIENTED_EDGE('',*,*,#5018,.F.);
#6878=ORIENTED_EDGE('',*,*,#5019,.F.);
#6879=ORIENTED_EDGE('',*,*,#5020,.F.);
#6880=ORIENTED_EDGE('',*,*,#5021,.F.);
#6881=ORIENTED_EDGE('',*,*,#5022,.F.);
#6882=ORIENTED_EDGE('',*,*,#5023,.F.);
#6883=ORIENTED_EDGE('',*,*,#5024,.F.);
#6884=ORIENTED_EDGE('',*,*,#5025,.F.);
#6885=ORIENTED_EDGE('',*,*,#5026,.F.);
#6886=ORIENTED_EDGE('',*,*,#5027,.F.);
#6887=ORIENTED_EDGE('',*,*,#5028,.F.);
#6888=ORIENTED_EDGE('',*,*,#5029,.F.);
#6889=ORIENTED_EDGE('',*,*,#5030,.F.);
#6890=ORIENTED_EDGE('',*,*,#5031,.F.);
#6891=ORIENTED_EDGE('',*,*,#5032,.F.);
#6892=ORIENTED_EDGE('',*,*,#5033,.F.);
#6893=ORIENTED_EDGE('',*,*,#5034,.F.);
#6894=ORIENTED_EDGE('',*,*,#5035,.F.);
#6895=ORIENTED_EDGE('',*,*,#5036,.F.);
#6896=ORIENTED_EDGE('',*,*,#5037,.F.);
#6897=ORIENTED_EDGE('',*,*,#5038,.F.);
#6898=ORIENTED_EDGE('',*,*,#5039,.F.);
#6899=ORIENTED_EDGE('',*,*,#5040,.F.);
#6900=ORIENTED_EDGE('',*,*,#5041,.F.);
#6901=ORIENTED_EDGE('',*,*,#5042,.F.);
#6902=ORIENTED_EDGE('',*,*,#5043,.F.);
#6903=ORIENTED_EDGE('',*,*,#5003,.T.);
#6904=ORIENTED_EDGE('',*,*,#5044,.F.);
#6905=ORIENTED_EDGE('',*,*,#5045,.F.);
#6906=ORIENTED_EDGE('',*,*,#5046,.F.);
#6907=ORIENTED_EDGE('',*,*,#5047,.F.);
#6908=ORIENTED_EDGE('',*,*,#5048,.F.);
#6909=ORIENTED_EDGE('',*,*,#5049,.F.);
#6910=ORIENTED_EDGE('',*,*,#5050,.F.);
#6911=ORIENTED_EDGE('',*,*,#5051,.F.);
#6912=ORIENTED_EDGE('',*,*,#5052,.F.);
#6913=ORIENTED_EDGE('',*,*,#5053,.F.);
#6914=ORIENTED_EDGE('',*,*,#5054,.F.);
#6915=ORIENTED_EDGE('',*,*,#5055,.F.);
#6916=ORIENTED_EDGE('',*,*,#5056,.F.);
#6917=ORIENTED_EDGE('',*,*,#5057,.F.);
#6918=ORIENTED_EDGE('',*,*,#5058,.F.);
#6919=ORIENTED_EDGE('',*,*,#5059,.F.);
#6920=ORIENTED_EDGE('',*,*,#5060,.F.);
#6921=ORIENTED_EDGE('',*,*,#5061,.F.);
#6922=ORIENTED_EDGE('',*,*,#5062,.F.);
#6923=ORIENTED_EDGE('',*,*,#5063,.F.);
#6924=ORIENTED_EDGE('',*,*,#5064,.F.);
#6925=ORIENTED_EDGE('',*,*,#5065,.F.);
#6926=ORIENTED_EDGE('',*,*,#5066,.F.);
#6927=ORIENTED_EDGE('',*,*,#5067,.F.);
#6928=ORIENTED_EDGE('',*,*,#5068,.F.);
#6929=ORIENTED_EDGE('',*,*,#5069,.F.);
#6930=ORIENTED_EDGE('',*,*,#5070,.F.);
#6931=ORIENTED_EDGE('',*,*,#5071,.F.);
#6932=ORIENTED_EDGE('',*,*,#5072,.F.);
#6933=ORIENTED_EDGE('',*,*,#5073,.F.);
#6934=ORIENTED_EDGE('',*,*,#5074,.F.);
#6935=ORIENTED_EDGE('',*,*,#5075,.F.);
#6936=ORIENTED_EDGE('',*,*,#5076,.F.);
#6937=ORIENTED_EDGE('',*,*,#5077,.F.);
#6938=ORIENTED_EDGE('',*,*,#5078,.F.);
#6939=ORIENTED_EDGE('',*,*,#5079,.T.);
#6940=ORIENTED_EDGE('',*,*,#4977,.F.);
#6941=ORIENTED_EDGE('',*,*,#5080,.F.);
#6942=ORIENTED_EDGE('',*,*,#5081,.F.);
#6943=ORIENTED_EDGE('',*,*,#5082,.F.);
#6944=ORIENTED_EDGE('',*,*,#5083,.F.);
#6945=ORIENTED_EDGE('',*,*,#5084,.F.);
#6946=ORIENTED_EDGE('',*,*,#5085,.F.);
#6947=ORIENTED_EDGE('',*,*,#5086,.F.);
#6948=ORIENTED_EDGE('',*,*,#5087,.F.);
#6949=ORIENTED_EDGE('',*,*,#5088,.F.);
#6950=ORIENTED_EDGE('',*,*,#5089,.F.);
#6951=ORIENTED_EDGE('',*,*,#5090,.F.);
#6952=ORIENTED_EDGE('',*,*,#5091,.F.);
#6953=ORIENTED_EDGE('',*,*,#5092,.F.);
#6954=ORIENTED_EDGE('',*,*,#5093,.F.);
#6955=ORIENTED_EDGE('',*,*,#5094,.F.);
#6956=ORIENTED_EDGE('',*,*,#5095,.F.);
#6957=ORIENTED_EDGE('',*,*,#5096,.F.);
#6958=ORIENTED_EDGE('',*,*,#5097,.F.);
#6959=ORIENTED_EDGE('',*,*,#5098,.F.);
#6960=ORIENTED_EDGE('',*,*,#5099,.F.);
#6961=ORIENTED_EDGE('',*,*,#5100,.F.);
#6962=ORIENTED_EDGE('',*,*,#5101,.F.);
#6963=ORIENTED_EDGE('',*,*,#5102,.F.);
#6964=ORIENTED_EDGE('',*,*,#5103,.F.);
#6965=ORIENTED_EDGE('',*,*,#5104,.F.);
#6966=ORIENTED_EDGE('',*,*,#5105,.F.);
#6967=ORIENTED_EDGE('',*,*,#5106,.F.);
#6968=ORIENTED_EDGE('',*,*,#5107,.F.);
#6969=ORIENTED_EDGE('',*,*,#5108,.F.);
#6970=ORIENTED_EDGE('',*,*,#5109,.F.);
#6971=ORIENTED_EDGE('',*,*,#5110,.F.);
#6972=ORIENTED_EDGE('',*,*,#5111,.F.);
#6973=ORIENTED_EDGE('',*,*,#5112,.F.);
#6974=ORIENTED_EDGE('',*,*,#5113,.F.);
#6975=ORIENTED_EDGE('',*,*,#4775,.F.);
#6976=ORIENTED_EDGE('',*,*,#4778,.T.);
#6977=ORIENTED_EDGE('',*,*,#4735,.F.);
#6978=ORIENTED_EDGE('',*,*,#5114,.F.);
#6979=ORIENTED_EDGE('',*,*,#4858,.T.);
#6980=ORIENTED_EDGE('',*,*,#5115,.T.);
#6981=ORIENTED_EDGE('',*,*,#4740,.F.);
#6982=ORIENTED_EDGE('',*,*,#4578,.F.);
#6983=ORIENTED_EDGE('',*,*,#4574,.F.);
#6984=ORIENTED_EDGE('',*,*,#4857,.T.);
#6985=ORIENTED_EDGE('',*,*,#5116,.F.);
#6986=ORIENTED_EDGE('',*,*,#4741,.F.);
#6987=ORIENTED_EDGE('',*,*,#5115,.F.);
#6988=ORIENTED_EDGE('',*,*,#5116,.T.);
#6989=ORIENTED_EDGE('',*,*,#4856,.F.);
#6990=ORIENTED_EDGE('',*,*,#5117,.T.);
#6991=ORIENTED_EDGE('',*,*,#4742,.F.);
#6992=ORIENTED_EDGE('',*,*,#4852,.T.);
#6993=ORIENTED_EDGE('',*,*,#4576,.F.);
#6994=ORIENTED_EDGE('',*,*,#4580,.F.);
#6995=ORIENTED_EDGE('',*,*,#4746,.F.);
#6996=ORIENTED_EDGE('',*,*,#5118,.F.);
#6997=ORIENTED_EDGE('',*,*,#4853,.F.);
#6998=ORIENTED_EDGE('',*,*,#5118,.T.);
#6999=ORIENTED_EDGE('',*,*,#4745,.F.);
#7000=ORIENTED_EDGE('',*,*,#5119,.F.);
#7001=ORIENTED_EDGE('',*,*,#5119,.T.);
#7002=ORIENTED_EDGE('',*,*,#4744,.F.);
#7003=ORIENTED_EDGE('',*,*,#5120,.F.);
#7004=ORIENTED_EDGE('',*,*,#4854,.F.);
#7005=ORIENTED_EDGE('',*,*,#4855,.F.);
#7006=ORIENTED_EDGE('',*,*,#5120,.T.);
#7007=ORIENTED_EDGE('',*,*,#4743,.F.);
#7008=ORIENTED_EDGE('',*,*,#5117,.F.);
#7009=ORIENTED_EDGE('',*,*,#4584,.T.);
#7010=ORIENTED_EDGE('',*,*,#4739,.F.);
#7011=ORIENTED_EDGE('',*,*,#4571,.F.);
#7012=ORIENTED_EDGE('',*,*,#4567,.F.);
#7013=ORIENTED_EDGE('',*,*,#4851,.F.);
#7014=ORIENTED_EDGE('',*,*,#4869,.F.);
#7015=ORIENTED_EDGE('',*,*,#5121,.T.);
#7016=ORIENTED_EDGE('',*,*,#4754,.F.);
#7017=ORIENTED_EDGE('',*,*,#4764,.T.);
#7018=ORIENTED_EDGE('',*,*,#4867,.F.);
#7019=ORIENTED_EDGE('',*,*,#5122,.F.);
#7020=ORIENTED_EDGE('',*,*,#4756,.F.);
#7021=ORIENTED_EDGE('',*,*,#5123,.F.);
#7022=ORIENTED_EDGE('',*,*,#4868,.F.);
#7023=ORIENTED_EDGE('',*,*,#5123,.T.);
#7024=ORIENTED_EDGE('',*,*,#4755,.F.);
#7025=ORIENTED_EDGE('',*,*,#5121,.F.);
#7026=ORIENTED_EDGE('',*,*,#4774,.F.);
#7027=ORIENTED_EDGE('',*,*,#5114,.T.);
#7028=ORIENTED_EDGE('',*,*,#4738,.F.);
#7029=ORIENTED_EDGE('',*,*,#4779,.F.);
#7030=ORIENTED_EDGE('',*,*,#4870,.F.);
#7031=ORIENTED_EDGE('',*,*,#4759,.T.);
#7032=ORIENTED_EDGE('',*,*,#4749,.F.);
#7033=ORIENTED_EDGE('',*,*,#5122,.T.);
#7034=ORIENTED_EDGE('',*,*,#4780,.F.);
#7035=ORIENTED_EDGE('',*,*,#4562,.F.);
#7036=ORIENTED_EDGE('',*,*,#4566,.T.);
#7037=ORIENTED_EDGE('',*,*,#4647,.F.);
#7038=ORIENTED_EDGE('',*,*,#4975,.F.);
#7039=ORIENTED_EDGE('',*,*,#4988,.T.);
#7040=ORIENTED_EDGE('',*,*,#5124,.F.);
#7041=ORIENTED_EDGE('',*,*,#5125,.T.);
#7042=ORIENTED_EDGE('',*,*,#4849,.F.);
#7043=ORIENTED_EDGE('',*,*,#5126,.F.);
#7044=ORIENTED_EDGE('',*,*,#5009,.T.);
#7045=ORIENTED_EDGE('',*,*,#5127,.F.);
#7046=ORIENTED_EDGE('',*,*,#5128,.T.);
#7047=ORIENTED_EDGE('',*,*,#5129,.F.);
#7048=ORIENTED_EDGE('',*,*,#5078,.T.);
#7049=ORIENTED_EDGE('',*,*,#5130,.T.);
#7050=ORIENTED_EDGE('',*,*,#4781,.F.);
#7051=ORIENTED_EDGE('',*,*,#5124,.T.);
#7052=ORIENTED_EDGE('',*,*,#4987,.T.);
#7053=ORIENTED_EDGE('',*,*,#5079,.F.);
#7054=ORIENTED_EDGE('',*,*,#5129,.T.);
#7055=ORIENTED_EDGE('',*,*,#5131,.T.);
#7056=ORIENTED_EDGE('',*,*,#4978,.T.);
#7057=ORIENTED_EDGE('',*,*,#5008,.F.);
#7058=ORIENTED_EDGE('',*,*,#4980,.T.);
#7059=ORIENTED_EDGE('',*,*,#5132,.T.);
#7060=ORIENTED_EDGE('',*,*,#5127,.T.);
#7061=ORIENTED_EDGE('',*,*,#5128,.F.);
#7062=ORIENTED_EDGE('',*,*,#5132,.F.);
#7063=ORIENTED_EDGE('',*,*,#4979,.F.);
#7064=ORIENTED_EDGE('',*,*,#5131,.F.);
#7065=ORIENTED_EDGE('',*,*,#5125,.F.);
#7066=ORIENTED_EDGE('',*,*,#4989,.T.);
#7067=ORIENTED_EDGE('',*,*,#4973,.F.);
#7068=ORIENTED_EDGE('',*,*,#4648,.F.);
#7069=ORIENTED_EDGE('',*,*,#4564,.T.);
#7070=ORIENTED_EDGE('',*,*,#4560,.F.);
#7071=ORIENTED_EDGE('',*,*,#4850,.F.);
#7072=ORIENTED_EDGE('',*,*,#4716,.T.);
#7073=ORIENTED_EDGE('',*,*,#5133,.F.);
#7074=ORIENTED_EDGE('',*,*,#5080,.T.);
#7075=ORIENTED_EDGE('',*,*,#4976,.T.);
#7076=ORIENTED_EDGE('',*,*,#4715,.T.);
#7077=ORIENTED_EDGE('',*,*,#5134,.F.);
#7078=ORIENTED_EDGE('',*,*,#5081,.T.);
#7079=ORIENTED_EDGE('',*,*,#5133,.T.);
#7080=ORIENTED_EDGE('',*,*,#4714,.T.);
#7081=ORIENTED_EDGE('',*,*,#5135,.F.);
#7082=ORIENTED_EDGE('',*,*,#5082,.T.);
#7083=ORIENTED_EDGE('',*,*,#5134,.T.);
#7084=ORIENTED_EDGE('',*,*,#4713,.T.);
#7085=ORIENTED_EDGE('',*,*,#5136,.F.);
#7086=ORIENTED_EDGE('',*,*,#5083,.T.);
#7087=ORIENTED_EDGE('',*,*,#5135,.T.);
#7088=ORIENTED_EDGE('',*,*,#4712,.T.);
#7089=ORIENTED_EDGE('',*,*,#5137,.F.);
#7090=ORIENTED_EDGE('',*,*,#5084,.T.);
#7091=ORIENTED_EDGE('',*,*,#5136,.T.);
#7092=ORIENTED_EDGE('',*,*,#4711,.T.);
#7093=ORIENTED_EDGE('',*,*,#5138,.F.);
#7094=ORIENTED_EDGE('',*,*,#5085,.T.);
#7095=ORIENTED_EDGE('',*,*,#5137,.T.);
#7096=ORIENTED_EDGE('',*,*,#4710,.T.);
#7097=ORIENTED_EDGE('',*,*,#5139,.F.);
#7098=ORIENTED_EDGE('',*,*,#5086,.T.);
#7099=ORIENTED_EDGE('',*,*,#5138,.T.);
#7100=ORIENTED_EDGE('',*,*,#4709,.T.);
#7101=ORIENTED_EDGE('',*,*,#5140,.F.);
#7102=ORIENTED_EDGE('',*,*,#5087,.T.);
#7103=ORIENTED_EDGE('',*,*,#5139,.T.);
#7104=ORIENTED_EDGE('',*,*,#4708,.T.);
#7105=ORIENTED_EDGE('',*,*,#5141,.F.);
#7106=ORIENTED_EDGE('',*,*,#5088,.T.);
#7107=ORIENTED_EDGE('',*,*,#5140,.T.);
#7108=ORIENTED_EDGE('',*,*,#4707,.T.);
#7109=ORIENTED_EDGE('',*,*,#5142,.F.);
#7110=ORIENTED_EDGE('',*,*,#5089,.T.);
#7111=ORIENTED_EDGE('',*,*,#5141,.T.);
#7112=ORIENTED_EDGE('',*,*,#4706,.T.);
#7113=ORIENTED_EDGE('',*,*,#5143,.F.);
#7114=ORIENTED_EDGE('',*,*,#5090,.T.);
#7115=ORIENTED_EDGE('',*,*,#5142,.T.);
#7116=ORIENTED_EDGE('',*,*,#4705,.T.);
#7117=ORIENTED_EDGE('',*,*,#5144,.F.);
#7118=ORIENTED_EDGE('',*,*,#5091,.T.);
#7119=ORIENTED_EDGE('',*,*,#5143,.T.);
#7120=ORIENTED_EDGE('',*,*,#4704,.T.);
#7121=ORIENTED_EDGE('',*,*,#5145,.F.);
#7122=ORIENTED_EDGE('',*,*,#5092,.T.);
#7123=ORIENTED_EDGE('',*,*,#5144,.T.);
#7124=ORIENTED_EDGE('',*,*,#4703,.T.);
#7125=ORIENTED_EDGE('',*,*,#5146,.F.);
#7126=ORIENTED_EDGE('',*,*,#5093,.T.);
#7127=ORIENTED_EDGE('',*,*,#5145,.T.);
#7128=ORIENTED_EDGE('',*,*,#4702,.T.);
#7129=ORIENTED_EDGE('',*,*,#5147,.F.);
#7130=ORIENTED_EDGE('',*,*,#5094,.T.);
#7131=ORIENTED_EDGE('',*,*,#5146,.T.);
#7132=ORIENTED_EDGE('',*,*,#4701,.T.);
#7133=ORIENTED_EDGE('',*,*,#5148,.F.);
#7134=ORIENTED_EDGE('',*,*,#5095,.T.);
#7135=ORIENTED_EDGE('',*,*,#5147,.T.);
#7136=ORIENTED_EDGE('',*,*,#4700,.T.);
#7137=ORIENTED_EDGE('',*,*,#5149,.F.);
#7138=ORIENTED_EDGE('',*,*,#5096,.T.);
#7139=ORIENTED_EDGE('',*,*,#5148,.T.);
#7140=ORIENTED_EDGE('',*,*,#4699,.T.);
#7141=ORIENTED_EDGE('',*,*,#5150,.F.);
#7142=ORIENTED_EDGE('',*,*,#5097,.T.);
#7143=ORIENTED_EDGE('',*,*,#5149,.T.);
#7144=ORIENTED_EDGE('',*,*,#4698,.T.);
#7145=ORIENTED_EDGE('',*,*,#5151,.F.);
#7146=ORIENTED_EDGE('',*,*,#5098,.T.);
#7147=ORIENTED_EDGE('',*,*,#5150,.T.);
#7148=ORIENTED_EDGE('',*,*,#4697,.T.);
#7149=ORIENTED_EDGE('',*,*,#5152,.F.);
#7150=ORIENTED_EDGE('',*,*,#5099,.T.);
#7151=ORIENTED_EDGE('',*,*,#5151,.T.);
#7152=ORIENTED_EDGE('',*,*,#4696,.T.);
#7153=ORIENTED_EDGE('',*,*,#5153,.F.);
#7154=ORIENTED_EDGE('',*,*,#5100,.T.);
#7155=ORIENTED_EDGE('',*,*,#5152,.T.);
#7156=ORIENTED_EDGE('',*,*,#4695,.T.);
#7157=ORIENTED_EDGE('',*,*,#5154,.F.);
#7158=ORIENTED_EDGE('',*,*,#5101,.T.);
#7159=ORIENTED_EDGE('',*,*,#5153,.T.);
#7160=ORIENTED_EDGE('',*,*,#4694,.T.);
#7161=ORIENTED_EDGE('',*,*,#5155,.F.);
#7162=ORIENTED_EDGE('',*,*,#5102,.T.);
#7163=ORIENTED_EDGE('',*,*,#5154,.T.);
#7164=ORIENTED_EDGE('',*,*,#4693,.T.);
#7165=ORIENTED_EDGE('',*,*,#5156,.F.);
#7166=ORIENTED_EDGE('',*,*,#5103,.T.);
#7167=ORIENTED_EDGE('',*,*,#5155,.T.);
#7168=ORIENTED_EDGE('',*,*,#4692,.T.);
#7169=ORIENTED_EDGE('',*,*,#5157,.F.);
#7170=ORIENTED_EDGE('',*,*,#5104,.T.);
#7171=ORIENTED_EDGE('',*,*,#5156,.T.);
#7172=ORIENTED_EDGE('',*,*,#4691,.T.);
#7173=ORIENTED_EDGE('',*,*,#5158,.F.);
#7174=ORIENTED_EDGE('',*,*,#5105,.T.);
#7175=ORIENTED_EDGE('',*,*,#5157,.T.);
#7176=ORIENTED_EDGE('',*,*,#4690,.T.);
#7177=ORIENTED_EDGE('',*,*,#5159,.F.);
#7178=ORIENTED_EDGE('',*,*,#5106,.T.);
#7179=ORIENTED_EDGE('',*,*,#5158,.T.);
#7180=ORIENTED_EDGE('',*,*,#4689,.T.);
#7181=ORIENTED_EDGE('',*,*,#5160,.F.);
#7182=ORIENTED_EDGE('',*,*,#5107,.T.);
#7183=ORIENTED_EDGE('',*,*,#5159,.T.);
#7184=ORIENTED_EDGE('',*,*,#4688,.T.);
#7185=ORIENTED_EDGE('',*,*,#5161,.F.);
#7186=ORIENTED_EDGE('',*,*,#5108,.T.);
#7187=ORIENTED_EDGE('',*,*,#5160,.T.);
#7188=ORIENTED_EDGE('',*,*,#4687,.T.);
#7189=ORIENTED_EDGE('',*,*,#5162,.F.);
#7190=ORIENTED_EDGE('',*,*,#5109,.T.);
#7191=ORIENTED_EDGE('',*,*,#5161,.T.);
#7192=ORIENTED_EDGE('',*,*,#4686,.T.);
#7193=ORIENTED_EDGE('',*,*,#5163,.F.);
#7194=ORIENTED_EDGE('',*,*,#5110,.T.);
#7195=ORIENTED_EDGE('',*,*,#5162,.T.);
#7196=ORIENTED_EDGE('',*,*,#4685,.T.);
#7197=ORIENTED_EDGE('',*,*,#5164,.F.);
#7198=ORIENTED_EDGE('',*,*,#5111,.T.);
#7199=ORIENTED_EDGE('',*,*,#5163,.T.);
#7200=ORIENTED_EDGE('',*,*,#4684,.T.);
#7201=ORIENTED_EDGE('',*,*,#5165,.F.);
#7202=ORIENTED_EDGE('',*,*,#5112,.T.);
#7203=ORIENTED_EDGE('',*,*,#5164,.T.);
#7204=ORIENTED_EDGE('',*,*,#4683,.T.);
#7205=ORIENTED_EDGE('',*,*,#5166,.F.);
#7206=ORIENTED_EDGE('',*,*,#5005,.T.);
#7207=ORIENTED_EDGE('',*,*,#4996,.T.);
#7208=ORIENTED_EDGE('',*,*,#5001,.F.);
#7209=ORIENTED_EDGE('',*,*,#5004,.T.);
#7210=ORIENTED_EDGE('',*,*,#5113,.T.);
#7211=ORIENTED_EDGE('',*,*,#5165,.T.);
#7212=ORIENTED_EDGE('',*,*,#4682,.T.);
#7213=ORIENTED_EDGE('',*,*,#5167,.F.);
#7214=ORIENTED_EDGE('',*,*,#5006,.T.);
#7215=ORIENTED_EDGE('',*,*,#5166,.T.);
#7216=ORIENTED_EDGE('',*,*,#4681,.T.);
#7217=ORIENTED_EDGE('',*,*,#4912,.F.);
#7218=ORIENTED_EDGE('',*,*,#5007,.T.);
#7219=ORIENTED_EDGE('',*,*,#5167,.T.);
#7220=ORIENTED_EDGE('',*,*,#5029,.T.);
#7221=ORIENTED_EDGE('',*,*,#5168,.T.);
#7222=ORIENTED_EDGE('',*,*,#4829,.F.);
#7223=ORIENTED_EDGE('',*,*,#5169,.F.);
#7224=ORIENTED_EDGE('',*,*,#5030,.T.);
#7225=ORIENTED_EDGE('',*,*,#5169,.T.);
#7226=ORIENTED_EDGE('',*,*,#4828,.F.);
#7227=ORIENTED_EDGE('',*,*,#5170,.F.);
#7228=ORIENTED_EDGE('',*,*,#5031,.T.);
#7229=ORIENTED_EDGE('',*,*,#5170,.T.);
#7230=ORIENTED_EDGE('',*,*,#4827,.F.);
#7231=ORIENTED_EDGE('',*,*,#5171,.F.);
#7232=ORIENTED_EDGE('',*,*,#5032,.T.);
#7233=ORIENTED_EDGE('',*,*,#5171,.T.);
#7234=ORIENTED_EDGE('',*,*,#4826,.F.);
#7235=ORIENTED_EDGE('',*,*,#5172,.F.);
#7236=ORIENTED_EDGE('',*,*,#5033,.T.);
#7237=ORIENTED_EDGE('',*,*,#5172,.T.);
#7238=ORIENTED_EDGE('',*,*,#4825,.F.);
#7239=ORIENTED_EDGE('',*,*,#5173,.F.);
#7240=ORIENTED_EDGE('',*,*,#5034,.T.);
#7241=ORIENTED_EDGE('',*,*,#5173,.T.);
#7242=ORIENTED_EDGE('',*,*,#4824,.F.);
#7243=ORIENTED_EDGE('',*,*,#5174,.F.);
#7244=ORIENTED_EDGE('',*,*,#5035,.T.);
#7245=ORIENTED_EDGE('',*,*,#5174,.T.);
#7246=ORIENTED_EDGE('',*,*,#4823,.F.);
#7247=ORIENTED_EDGE('',*,*,#5175,.F.);
#7248=ORIENTED_EDGE('',*,*,#5036,.T.);
#7249=ORIENTED_EDGE('',*,*,#5175,.T.);
#7250=ORIENTED_EDGE('',*,*,#4822,.F.);
#7251=ORIENTED_EDGE('',*,*,#5176,.F.);
#7252=ORIENTED_EDGE('',*,*,#5037,.T.);
#7253=ORIENTED_EDGE('',*,*,#5176,.T.);
#7254=ORIENTED_EDGE('',*,*,#4821,.F.);
#7255=ORIENTED_EDGE('',*,*,#5177,.F.);
#7256=ORIENTED_EDGE('',*,*,#5038,.T.);
#7257=ORIENTED_EDGE('',*,*,#5177,.T.);
#7258=ORIENTED_EDGE('',*,*,#4820,.F.);
#7259=ORIENTED_EDGE('',*,*,#5178,.F.);
#7260=ORIENTED_EDGE('',*,*,#5039,.T.);
#7261=ORIENTED_EDGE('',*,*,#5178,.T.);
#7262=ORIENTED_EDGE('',*,*,#4819,.F.);
#7263=ORIENTED_EDGE('',*,*,#5179,.F.);
#7264=ORIENTED_EDGE('',*,*,#5040,.T.);
#7265=ORIENTED_EDGE('',*,*,#5179,.T.);
#7266=ORIENTED_EDGE('',*,*,#4818,.F.);
#7267=ORIENTED_EDGE('',*,*,#5180,.F.);
#7268=ORIENTED_EDGE('',*,*,#5041,.T.);
#7269=ORIENTED_EDGE('',*,*,#5180,.T.);
#7270=ORIENTED_EDGE('',*,*,#4817,.F.);
#7271=ORIENTED_EDGE('',*,*,#5181,.F.);
#7272=ORIENTED_EDGE('',*,*,#5042,.T.);
#7273=ORIENTED_EDGE('',*,*,#5181,.T.);
#7274=ORIENTED_EDGE('',*,*,#4816,.F.);
#7275=ORIENTED_EDGE('',*,*,#5182,.F.);
#7276=ORIENTED_EDGE('',*,*,#5044,.T.);
#7277=ORIENTED_EDGE('',*,*,#5002,.T.);
#7278=ORIENTED_EDGE('',*,*,#4999,.F.);
#7279=ORIENTED_EDGE('',*,*,#4998,.T.);
#7280=ORIENTED_EDGE('',*,*,#5043,.T.);
#7281=ORIENTED_EDGE('',*,*,#5182,.T.);
#7282=ORIENTED_EDGE('',*,*,#4815,.F.);
#7283=ORIENTED_EDGE('',*,*,#5183,.F.);
#7284=ORIENTED_EDGE('',*,*,#5045,.T.);
#7285=ORIENTED_EDGE('',*,*,#5183,.T.);
#7286=ORIENTED_EDGE('',*,*,#4814,.F.);
#7287=ORIENTED_EDGE('',*,*,#5184,.F.);
#7288=ORIENTED_EDGE('',*,*,#5046,.T.);
#7289=ORIENTED_EDGE('',*,*,#5184,.T.);
#7290=ORIENTED_EDGE('',*,*,#4813,.F.);
#7291=ORIENTED_EDGE('',*,*,#5185,.F.);
#7292=ORIENTED_EDGE('',*,*,#5047,.T.);
#7293=ORIENTED_EDGE('',*,*,#5185,.T.);
#7294=ORIENTED_EDGE('',*,*,#4812,.F.);
#7295=ORIENTED_EDGE('',*,*,#5186,.F.);
#7296=ORIENTED_EDGE('',*,*,#5048,.T.);
#7297=ORIENTED_EDGE('',*,*,#5186,.T.);
#7298=ORIENTED_EDGE('',*,*,#4811,.F.);
#7299=ORIENTED_EDGE('',*,*,#5187,.F.);
#7300=ORIENTED_EDGE('',*,*,#5049,.T.);
#7301=ORIENTED_EDGE('',*,*,#5187,.T.);
#7302=ORIENTED_EDGE('',*,*,#4810,.F.);
#7303=ORIENTED_EDGE('',*,*,#5188,.F.);
#7304=ORIENTED_EDGE('',*,*,#5050,.T.);
#7305=ORIENTED_EDGE('',*,*,#5188,.T.);
#7306=ORIENTED_EDGE('',*,*,#4809,.F.);
#7307=ORIENTED_EDGE('',*,*,#5189,.F.);
#7308=ORIENTED_EDGE('',*,*,#5051,.T.);
#7309=ORIENTED_EDGE('',*,*,#5189,.T.);
#7310=ORIENTED_EDGE('',*,*,#4808,.F.);
#7311=ORIENTED_EDGE('',*,*,#5190,.F.);
#7312=ORIENTED_EDGE('',*,*,#5052,.T.);
#7313=ORIENTED_EDGE('',*,*,#5190,.T.);
#7314=ORIENTED_EDGE('',*,*,#4807,.F.);
#7315=ORIENTED_EDGE('',*,*,#5191,.F.);
#7316=ORIENTED_EDGE('',*,*,#5053,.T.);
#7317=ORIENTED_EDGE('',*,*,#5191,.T.);
#7318=ORIENTED_EDGE('',*,*,#4806,.F.);
#7319=ORIENTED_EDGE('',*,*,#5192,.F.);
#7320=ORIENTED_EDGE('',*,*,#5054,.T.);
#7321=ORIENTED_EDGE('',*,*,#5192,.T.);
#7322=ORIENTED_EDGE('',*,*,#4805,.F.);
#7323=ORIENTED_EDGE('',*,*,#5193,.F.);
#7324=ORIENTED_EDGE('',*,*,#5055,.T.);
#7325=ORIENTED_EDGE('',*,*,#5193,.T.);
#7326=ORIENTED_EDGE('',*,*,#4804,.F.);
#7327=ORIENTED_EDGE('',*,*,#5194,.F.);
#7328=ORIENTED_EDGE('',*,*,#5056,.T.);
#7329=ORIENTED_EDGE('',*,*,#5194,.T.);
#7330=ORIENTED_EDGE('',*,*,#4803,.F.);
#7331=ORIENTED_EDGE('',*,*,#5195,.F.);
#7332=ORIENTED_EDGE('',*,*,#5057,.T.);
#7333=ORIENTED_EDGE('',*,*,#5195,.T.);
#7334=ORIENTED_EDGE('',*,*,#4802,.F.);
#7335=ORIENTED_EDGE('',*,*,#5196,.F.);
#7336=ORIENTED_EDGE('',*,*,#5058,.T.);
#7337=ORIENTED_EDGE('',*,*,#5196,.T.);
#7338=ORIENTED_EDGE('',*,*,#4801,.F.);
#7339=ORIENTED_EDGE('',*,*,#5197,.F.);
#7340=ORIENTED_EDGE('',*,*,#5059,.T.);
#7341=ORIENTED_EDGE('',*,*,#5197,.T.);
#7342=ORIENTED_EDGE('',*,*,#4800,.F.);
#7343=ORIENTED_EDGE('',*,*,#5198,.F.);
#7344=ORIENTED_EDGE('',*,*,#5060,.T.);
#7345=ORIENTED_EDGE('',*,*,#5198,.T.);
#7346=ORIENTED_EDGE('',*,*,#4799,.F.);
#7347=ORIENTED_EDGE('',*,*,#5199,.F.);
#7348=ORIENTED_EDGE('',*,*,#5061,.T.);
#7349=ORIENTED_EDGE('',*,*,#5199,.T.);
#7350=ORIENTED_EDGE('',*,*,#4798,.F.);
#7351=ORIENTED_EDGE('',*,*,#5200,.F.);
#7352=ORIENTED_EDGE('',*,*,#5062,.T.);
#7353=ORIENTED_EDGE('',*,*,#5200,.T.);
#7354=ORIENTED_EDGE('',*,*,#4797,.F.);
#7355=ORIENTED_EDGE('',*,*,#5201,.F.);
#7356=ORIENTED_EDGE('',*,*,#5063,.T.);
#7357=ORIENTED_EDGE('',*,*,#5201,.T.);
#7358=ORIENTED_EDGE('',*,*,#4796,.F.);
#7359=ORIENTED_EDGE('',*,*,#5202,.F.);
#7360=ORIENTED_EDGE('',*,*,#5064,.T.);
#7361=ORIENTED_EDGE('',*,*,#5202,.T.);
#7362=ORIENTED_EDGE('',*,*,#4795,.F.);
#7363=ORIENTED_EDGE('',*,*,#5203,.F.);
#7364=ORIENTED_EDGE('',*,*,#5065,.T.);
#7365=ORIENTED_EDGE('',*,*,#5203,.T.);
#7366=ORIENTED_EDGE('',*,*,#4794,.F.);
#7367=ORIENTED_EDGE('',*,*,#5204,.F.);
#7368=ORIENTED_EDGE('',*,*,#5066,.T.);
#7369=ORIENTED_EDGE('',*,*,#5204,.T.);
#7370=ORIENTED_EDGE('',*,*,#4793,.F.);
#7371=ORIENTED_EDGE('',*,*,#5205,.F.);
#7372=ORIENTED_EDGE('',*,*,#5067,.T.);
#7373=ORIENTED_EDGE('',*,*,#5205,.T.);
#7374=ORIENTED_EDGE('',*,*,#4792,.F.);
#7375=ORIENTED_EDGE('',*,*,#5206,.F.);
#7376=ORIENTED_EDGE('',*,*,#5068,.T.);
#7377=ORIENTED_EDGE('',*,*,#5206,.T.);
#7378=ORIENTED_EDGE('',*,*,#4791,.F.);
#7379=ORIENTED_EDGE('',*,*,#5207,.F.);
#7380=ORIENTED_EDGE('',*,*,#5069,.T.);
#7381=ORIENTED_EDGE('',*,*,#5207,.T.);
#7382=ORIENTED_EDGE('',*,*,#4790,.F.);
#7383=ORIENTED_EDGE('',*,*,#5208,.F.);
#7384=ORIENTED_EDGE('',*,*,#5070,.T.);
#7385=ORIENTED_EDGE('',*,*,#5208,.T.);
#7386=ORIENTED_EDGE('',*,*,#4789,.F.);
#7387=ORIENTED_EDGE('',*,*,#5209,.F.);
#7388=ORIENTED_EDGE('',*,*,#5071,.T.);
#7389=ORIENTED_EDGE('',*,*,#5209,.T.);
#7390=ORIENTED_EDGE('',*,*,#4788,.F.);
#7391=ORIENTED_EDGE('',*,*,#5210,.F.);
#7392=ORIENTED_EDGE('',*,*,#5072,.T.);
#7393=ORIENTED_EDGE('',*,*,#5210,.T.);
#7394=ORIENTED_EDGE('',*,*,#4787,.F.);
#7395=ORIENTED_EDGE('',*,*,#5211,.F.);
#7396=ORIENTED_EDGE('',*,*,#5073,.T.);
#7397=ORIENTED_EDGE('',*,*,#5211,.T.);
#7398=ORIENTED_EDGE('',*,*,#4786,.F.);
#7399=ORIENTED_EDGE('',*,*,#5212,.F.);
#7400=ORIENTED_EDGE('',*,*,#5074,.T.);
#7401=ORIENTED_EDGE('',*,*,#5212,.T.);
#7402=ORIENTED_EDGE('',*,*,#4785,.F.);
#7403=ORIENTED_EDGE('',*,*,#5213,.F.);
#7404=ORIENTED_EDGE('',*,*,#5075,.T.);
#7405=ORIENTED_EDGE('',*,*,#5213,.T.);
#7406=ORIENTED_EDGE('',*,*,#4784,.F.);
#7407=ORIENTED_EDGE('',*,*,#5214,.F.);
#7408=ORIENTED_EDGE('',*,*,#5076,.T.);
#7409=ORIENTED_EDGE('',*,*,#5214,.T.);
#7410=ORIENTED_EDGE('',*,*,#4783,.F.);
#7411=ORIENTED_EDGE('',*,*,#5215,.F.);
#7412=ORIENTED_EDGE('',*,*,#5077,.T.);
#7413=ORIENTED_EDGE('',*,*,#5215,.T.);
#7414=ORIENTED_EDGE('',*,*,#4782,.F.);
#7415=ORIENTED_EDGE('',*,*,#5130,.F.);
#7416=ORIENTED_EDGE('',*,*,#5010,.T.);
#7417=ORIENTED_EDGE('',*,*,#5126,.T.);
#7418=ORIENTED_EDGE('',*,*,#4848,.F.);
#7419=ORIENTED_EDGE('',*,*,#5216,.F.);
#7420=ORIENTED_EDGE('',*,*,#5011,.T.);
#7421=ORIENTED_EDGE('',*,*,#5216,.T.);
#7422=ORIENTED_EDGE('',*,*,#4847,.F.);
#7423=ORIENTED_EDGE('',*,*,#5217,.F.);
#7424=ORIENTED_EDGE('',*,*,#5012,.T.);
#7425=ORIENTED_EDGE('',*,*,#5217,.T.);
#7426=ORIENTED_EDGE('',*,*,#4846,.F.);
#7427=ORIENTED_EDGE('',*,*,#5218,.F.);
#7428=ORIENTED_EDGE('',*,*,#5013,.T.);
#7429=ORIENTED_EDGE('',*,*,#5218,.T.);
#7430=ORIENTED_EDGE('',*,*,#4845,.F.);
#7431=ORIENTED_EDGE('',*,*,#5219,.F.);
#7432=ORIENTED_EDGE('',*,*,#5014,.T.);
#7433=ORIENTED_EDGE('',*,*,#5219,.T.);
#7434=ORIENTED_EDGE('',*,*,#4844,.F.);
#7435=ORIENTED_EDGE('',*,*,#5220,.F.);
#7436=ORIENTED_EDGE('',*,*,#5015,.T.);
#7437=ORIENTED_EDGE('',*,*,#5220,.T.);
#7438=ORIENTED_EDGE('',*,*,#4843,.F.);
#7439=ORIENTED_EDGE('',*,*,#5221,.F.);
#7440=ORIENTED_EDGE('',*,*,#5016,.T.);
#7441=ORIENTED_EDGE('',*,*,#5221,.T.);
#7442=ORIENTED_EDGE('',*,*,#4842,.F.);
#7443=ORIENTED_EDGE('',*,*,#5222,.F.);
#7444=ORIENTED_EDGE('',*,*,#5017,.T.);
#7445=ORIENTED_EDGE('',*,*,#5222,.T.);
#7446=ORIENTED_EDGE('',*,*,#4841,.F.);
#7447=ORIENTED_EDGE('',*,*,#5223,.F.);
#7448=ORIENTED_EDGE('',*,*,#5018,.T.);
#7449=ORIENTED_EDGE('',*,*,#5223,.T.);
#7450=ORIENTED_EDGE('',*,*,#4840,.F.);
#7451=ORIENTED_EDGE('',*,*,#5224,.F.);
#7452=ORIENTED_EDGE('',*,*,#5019,.T.);
#7453=ORIENTED_EDGE('',*,*,#5224,.T.);
#7454=ORIENTED_EDGE('',*,*,#4839,.F.);
#7455=ORIENTED_EDGE('',*,*,#5225,.F.);
#7456=ORIENTED_EDGE('',*,*,#5020,.T.);
#7457=ORIENTED_EDGE('',*,*,#5225,.T.);
#7458=ORIENTED_EDGE('',*,*,#4838,.F.);
#7459=ORIENTED_EDGE('',*,*,#5226,.F.);
#7460=ORIENTED_EDGE('',*,*,#5021,.T.);
#7461=ORIENTED_EDGE('',*,*,#5226,.T.);
#7462=ORIENTED_EDGE('',*,*,#4837,.F.);
#7463=ORIENTED_EDGE('',*,*,#5227,.F.);
#7464=ORIENTED_EDGE('',*,*,#5022,.T.);
#7465=ORIENTED_EDGE('',*,*,#5227,.T.);
#7466=ORIENTED_EDGE('',*,*,#4836,.F.);
#7467=ORIENTED_EDGE('',*,*,#5228,.F.);
#7468=ORIENTED_EDGE('',*,*,#5023,.T.);
#7469=ORIENTED_EDGE('',*,*,#5228,.T.);
#7470=ORIENTED_EDGE('',*,*,#4835,.F.);
#7471=ORIENTED_EDGE('',*,*,#5229,.F.);
#7472=ORIENTED_EDGE('',*,*,#5024,.T.);
#7473=ORIENTED_EDGE('',*,*,#5229,.T.);
#7474=ORIENTED_EDGE('',*,*,#4834,.F.);
#7475=ORIENTED_EDGE('',*,*,#5230,.F.);
#7476=ORIENTED_EDGE('',*,*,#5025,.T.);
#7477=ORIENTED_EDGE('',*,*,#5230,.T.);
#7478=ORIENTED_EDGE('',*,*,#4833,.F.);
#7479=ORIENTED_EDGE('',*,*,#5231,.F.);
#7480=ORIENTED_EDGE('',*,*,#5026,.T.);
#7481=ORIENTED_EDGE('',*,*,#5231,.T.);
#7482=ORIENTED_EDGE('',*,*,#4832,.F.);
#7483=ORIENTED_EDGE('',*,*,#5232,.F.);
#7484=ORIENTED_EDGE('',*,*,#5027,.T.);
#7485=ORIENTED_EDGE('',*,*,#5232,.T.);
#7486=ORIENTED_EDGE('',*,*,#4831,.F.);
#7487=ORIENTED_EDGE('',*,*,#5233,.F.);
#7488=ORIENTED_EDGE('',*,*,#5028,.T.);
#7489=ORIENTED_EDGE('',*,*,#5233,.T.);
#7490=ORIENTED_EDGE('',*,*,#4830,.F.);
#7491=ORIENTED_EDGE('',*,*,#5168,.F.);
#7492=CONICAL_SURFACE('',#7911,1.63,0.785398163397437);
#7493=CONICAL_SURFACE('',#7932,1.63,0.785398163397437);
#7494=CONICAL_SURFACE('',#7936,1.63,0.785398163397437);
#7495=CONICAL_SURFACE('',#7940,1.63,0.785398163397437);
#7496=CONICAL_SURFACE('',#8202,2.275,0.785398163397448);
#7497=CONICAL_SURFACE('',#8204,2.275,0.785398163397448);
#7498=CONICAL_SURFACE('',#8206,2.275,0.785398163397448);
#7499=CONICAL_SURFACE('',#8208,2.275,0.785398163397448);
#7500=ADVANCED_FACE('',(#433),#7492,.F.);
#7501=ADVANCED_FACE('',(#434,#89,#90,#91,#92),#117,.F.);
#7502=ADVANCED_FACE('',(#435),#29,.F.);
#7503=ADVANCED_FACE('',(#436),#7493,.F.);
#7504=ADVANCED_FACE('',(#437),#30,.F.);
#7505=ADVANCED_FACE('',(#438),#7494,.F.);
#7506=ADVANCED_FACE('',(#439),#31,.F.);
#7507=ADVANCED_FACE('',(#440),#7495,.F.);
#7508=ADVANCED_FACE('',(#441),#32,.F.);
#7509=ADVANCED_FACE('',(#442,#93,#94,#95,#96),#118,.T.);
#7510=ADVANCED_FACE('',(#443),#119,.F.);
#7511=ADVANCED_FACE('',(#444),#120,.F.);
#7512=ADVANCED_FACE('',(#445),#121,.F.);
#7513=ADVANCED_FACE('',(#446),#122,.T.);
#7514=ADVANCED_FACE('',(#447),#123,.F.);
#7515=ADVANCED_FACE('',(#448),#124,.F.);
#7516=ADVANCED_FACE('',(#449),#125,.T.);
#7517=ADVANCED_FACE('',(#450),#126,.F.);
#7518=ADVANCED_FACE('',(#451),#127,.F.);
#7519=ADVANCED_FACE('',(#452),#128,.F.);
#7520=ADVANCED_FACE('',(#453),#129,.T.);
#7521=ADVANCED_FACE('',(#454),#130,.T.);
#7522=ADVANCED_FACE('',(#455),#131,.T.);
#7523=ADVANCED_FACE('',(#456),#132,.T.);
#7524=ADVANCED_FACE('',(#457),#133,.T.);
#7525=ADVANCED_FACE('',(#458),#33,.F.);
#7526=ADVANCED_FACE('',(#459),#134,.T.);
#7527=ADVANCED_FACE('',(#460),#34,.F.);
#7528=ADVANCED_FACE('',(#461),#135,.T.);
#7529=ADVANCED_FACE('',(#462),#35,.F.);
#7530=ADVANCED_FACE('',(#463),#136,.T.);
#7531=ADVANCED_FACE('',(#464),#137,.T.);
#7532=ADVANCED_FACE('',(#465),#138,.T.);
#7533=ADVANCED_FACE('',(#466),#139,.T.);
#7534=ADVANCED_FACE('',(#467),#140,.T.);
#7535=ADVANCED_FACE('',(#468),#141,.T.);
#7536=ADVANCED_FACE('',(#469),#142,.T.);
#7537=ADVANCED_FACE('',(#470),#143,.T.);
#7538=ADVANCED_FACE('',(#471),#144,.T.);
#7539=ADVANCED_FACE('',(#472),#145,.T.);
#7540=ADVANCED_FACE('',(#473),#146,.T.);
#7541=ADVANCED_FACE('',(#474),#36,.F.);
#7542=ADVANCED_FACE('',(#475),#147,.T.);
#7543=ADVANCED_FACE('',(#476),#37,.F.);
#7544=ADVANCED_FACE('',(#477),#148,.T.);
#7545=ADVANCED_FACE('',(#478),#38,.F.);
#7546=ADVANCED_FACE('',(#479),#149,.T.);
#7547=ADVANCED_FACE('',(#480),#150,.T.);
#7548=ADVANCED_FACE('',(#481),#151,.T.);
#7549=ADVANCED_FACE('',(#482),#152,.T.);
#7550=ADVANCED_FACE('',(#483),#153,.T.);
#7551=ADVANCED_FACE('',(#484),#154,.T.);
#7552=ADVANCED_FACE('',(#485),#155,.T.);
#7553=ADVANCED_FACE('',(#486),#156,.T.);
#7554=ADVANCED_FACE('',(#487),#157,.T.);
#7555=ADVANCED_FACE('',(#488),#158,.T.);
#7556=ADVANCED_FACE('',(#489),#159,.T.);
#7557=ADVANCED_FACE('',(#490),#160,.T.);
#7558=ADVANCED_FACE('',(#491),#161,.T.);
#7559=ADVANCED_FACE('',(#492),#162,.T.);
#7560=ADVANCED_FACE('',(#493),#163,.T.);
#7561=ADVANCED_FACE('',(#494),#39,.F.);
#7562=ADVANCED_FACE('',(#495),#164,.T.);
#7563=ADVANCED_FACE('',(#496),#40,.F.);
#7564=ADVANCED_FACE('',(#497),#165,.T.);
#7565=ADVANCED_FACE('',(#498),#41,.F.);
#7566=ADVANCED_FACE('',(#499),#166,.T.);
#7567=ADVANCED_FACE('',(#500),#167,.T.);
#7568=ADVANCED_FACE('',(#501),#42,.F.);
#7569=ADVANCED_FACE('',(#502),#168,.T.);
#7570=ADVANCED_FACE('',(#503),#43,.F.);
#7571=ADVANCED_FACE('',(#504),#169,.T.);
#7572=ADVANCED_FACE('',(#505),#170,.T.);
#7573=ADVANCED_FACE('',(#506),#44,.F.);
#7574=ADVANCED_FACE('',(#507),#171,.T.);
#7575=ADVANCED_FACE('',(#508),#172,.T.);
#7576=ADVANCED_FACE('',(#509),#173,.T.);
#7577=ADVANCED_FACE('',(#510),#174,.T.);
#7578=ADVANCED_FACE('',(#511),#175,.T.);
#7579=ADVANCED_FACE('',(#512),#176,.T.);
#7580=ADVANCED_FACE('',(#513),#177,.T.);
#7581=ADVANCED_FACE('',(#514),#178,.T.);
#7582=ADVANCED_FACE('',(#515),#179,.T.);
#7583=ADVANCED_FACE('',(#516),#180,.T.);
#7584=ADVANCED_FACE('',(#517),#181,.T.);
#7585=ADVANCED_FACE('',(#518),#182,.T.);
#7586=ADVANCED_FACE('',(#519),#183,.T.);
#7587=ADVANCED_FACE('',(#520),#184,.T.);
#7588=ADVANCED_FACE('',(#521),#185,.T.);
#7589=ADVANCED_FACE('',(#522),#186,.T.);
#7590=ADVANCED_FACE('',(#523),#187,.T.);
#7591=ADVANCED_FACE('',(#524),#188,.T.);
#7592=ADVANCED_FACE('',(#525),#189,.T.);
#7593=ADVANCED_FACE('',(#526),#190,.T.);
#7594=ADVANCED_FACE('',(#527),#191,.T.);
#7595=ADVANCED_FACE('',(#528),#192,.T.);
#7596=ADVANCED_FACE('',(#529),#193,.T.);
#7597=ADVANCED_FACE('',(#530),#194,.T.);
#7598=ADVANCED_FACE('',(#531),#195,.T.);
#7599=ADVANCED_FACE('',(#532),#45,.T.);
#7600=ADVANCED_FACE('',(#533),#196,.T.);
#7601=ADVANCED_FACE('',(#534),#197,.T.);
#7602=ADVANCED_FACE('',(#535),#46,.T.);
#7603=ADVANCED_FACE('',(#536),#47,.T.);
#7604=ADVANCED_FACE('',(#537),#198,.T.);
#7605=ADVANCED_FACE('',(#538),#199,.T.);
#7606=ADVANCED_FACE('',(#539),#48,.T.);
#7607=ADVANCED_FACE('',(#540),#200,.T.);
#7608=ADVANCED_FACE('',(#541),#49,.T.);
#7609=ADVANCED_FACE('',(#542),#201,.T.);
#7610=ADVANCED_FACE('',(#543),#50,.T.);
#7611=ADVANCED_FACE('',(#544),#202,.T.);
#7612=ADVANCED_FACE('',(#545),#203,.T.);
#7613=ADVANCED_FACE('',(#546),#204,.T.);
#7614=ADVANCED_FACE('',(#547),#205,.T.);
#7615=ADVANCED_FACE('',(#548),#206,.T.);
#7616=ADVANCED_FACE('',(#549),#207,.T.);
#7617=ADVANCED_FACE('',(#550),#208,.T.);
#7618=ADVANCED_FACE('',(#551),#209,.T.);
#7619=ADVANCED_FACE('',(#552),#210,.T.);
#7620=ADVANCED_FACE('',(#553),#211,.T.);
#7621=ADVANCED_FACE('',(#554),#212,.T.);
#7622=ADVANCED_FACE('',(#555),#213,.T.);
#7623=ADVANCED_FACE('',(#556),#214,.T.);
#7624=ADVANCED_FACE('',(#557),#51,.T.);
#7625=ADVANCED_FACE('',(#558),#215,.T.);
#7626=ADVANCED_FACE('',(#559),#52,.T.);
#7627=ADVANCED_FACE('',(#560),#216,.T.);
#7628=ADVANCED_FACE('',(#561),#53,.T.);
#7629=ADVANCED_FACE('',(#562),#217,.T.);
#7630=ADVANCED_FACE('',(#563),#218,.T.);
#7631=ADVANCED_FACE('',(#564),#219,.T.);
#7632=ADVANCED_FACE('',(#565),#220,.T.);
#7633=ADVANCED_FACE('',(#566),#221,.T.);
#7634=ADVANCED_FACE('',(#567),#222,.T.);
#7635=ADVANCED_FACE('',(#568),#223,.T.);
#7636=ADVANCED_FACE('',(#569),#224,.T.);
#7637=ADVANCED_FACE('',(#570),#225,.T.);
#7638=ADVANCED_FACE('',(#571),#226,.T.);
#7639=ADVANCED_FACE('',(#572),#227,.T.);
#7640=ADVANCED_FACE('',(#573),#228,.T.);
#7641=ADVANCED_FACE('',(#574),#54,.T.);
#7642=ADVANCED_FACE('',(#575),#229,.T.);
#7643=ADVANCED_FACE('',(#576),#55,.T.);
#7644=ADVANCED_FACE('',(#577),#230,.T.);
#7645=ADVANCED_FACE('',(#578),#56,.T.);
#7646=ADVANCED_FACE('',(#579),#231,.T.);
#7647=ADVANCED_FACE('',(#580),#232,.T.);
#7648=ADVANCED_FACE('',(#581),#233,.T.);
#7649=ADVANCED_FACE('',(#582),#234,.T.);
#7650=ADVANCED_FACE('',(#583),#235,.T.);
#7651=ADVANCED_FACE('',(#584),#236,.T.);
#7652=ADVANCED_FACE('',(#585),#237,.T.);
#7653=ADVANCED_FACE('',(#586),#238,.T.);
#7654=ADVANCED_FACE('',(#587),#239,.T.);
#7655=ADVANCED_FACE('',(#588),#240,.T.);
#7656=ADVANCED_FACE('',(#589),#241,.F.);
#7657=ADVANCED_FACE('',(#590),#242,.T.);
#7658=ADVANCED_FACE('',(#591),#243,.F.);
#7659=ADVANCED_FACE('',(#592),#244,.T.);
#7660=ADVANCED_FACE('',(#593),#245,.F.);
#7661=ADVANCED_FACE('',(#594),#246,.T.);
#7662=ADVANCED_FACE('',(#595),#247,.F.);
#7663=ADVANCED_FACE('',(#596),#248,.T.);
#7664=ADVANCED_FACE('',(#597),#249,.T.);
#7665=ADVANCED_FACE('',(#598),#250,.F.);
#7666=ADVANCED_FACE('',(#599),#251,.T.);
#7667=ADVANCED_FACE('',(#600),#252,.F.);
#7668=ADVANCED_FACE('',(#601),#253,.T.);
#7669=ADVANCED_FACE('',(#602),#254,.T.);
#7670=ADVANCED_FACE('',(#603),#255,.T.);
#7671=ADVANCED_FACE('',(#604),#256,.T.);
#7672=ADVANCED_FACE('',(#605),#257,.T.);
#7673=ADVANCED_FACE('',(#606),#258,.F.);
#7674=ADVANCED_FACE('',(#607),#259,.F.);
#7675=ADVANCED_FACE('',(#608),#260,.F.);
#7676=ADVANCED_FACE('',(#609),#261,.F.);
#7677=ADVANCED_FACE('',(#610),#262,.F.);
#7678=ADVANCED_FACE('',(#611,#97,#98,#99,#100,#101,#102,#103),#263,.F.);
#7679=ADVANCED_FACE('',(#612),#264,.T.);
#7680=ADVANCED_FACE('',(#613),#265,.F.);
#7681=ADVANCED_FACE('',(#614),#266,.F.);
#7682=ADVANCED_FACE('',(#615),#267,.F.);
#7683=ADVANCED_FACE('',(#616),#268,.T.);
#7684=ADVANCED_FACE('',(#617),#269,.T.);
#7685=ADVANCED_FACE('',(#618),#270,.T.);
#7686=ADVANCED_FACE('',(#619),#271,.T.);
#7687=ADVANCED_FACE('',(#620),#272,.T.);
#7688=ADVANCED_FACE('',(#621),#273,.T.);
#7689=ADVANCED_FACE('',(#622,#104,#105,#106,#107,#108,#109,#110,#111,#112),
#274,.T.);
#7690=ADVANCED_FACE('',(#623),#275,.F.);
#7691=ADVANCED_FACE('',(#624),#276,.F.);
#7692=ADVANCED_FACE('',(#625),#277,.F.);
#7693=ADVANCED_FACE('',(#626),#278,.T.);
#7694=ADVANCED_FACE('',(#627),#279,.T.);
#7695=ADVANCED_FACE('',(#628),#280,.T.);
#7696=ADVANCED_FACE('',(#629),#281,.T.);
#7697=ADVANCED_FACE('',(#630),#282,.T.);
#7698=ADVANCED_FACE('',(#631),#7496,.F.);
#7699=ADVANCED_FACE('',(#632),#7497,.F.);
#7700=ADVANCED_FACE('',(#633),#7498,.F.);
#7701=ADVANCED_FACE('',(#634),#7499,.F.);
#7702=ADVANCED_FACE('',(#635),#57,.F.);
#7703=ADVANCED_FACE('',(#636),#58,.F.);
#7704=ADVANCED_FACE('',(#637),#59,.F.);
#7705=ADVANCED_FACE('',(#638),#60,.F.);
#7706=ADVANCED_FACE('',(#639),#283,.T.);
#7707=ADVANCED_FACE('',(#640),#61,.T.);
#7708=ADVANCED_FACE('',(#641),#284,.T.);
#7709=ADVANCED_FACE('',(#642),#285,.T.);
#7710=ADVANCED_FACE('',(#643),#62,.F.);
#7711=ADVANCED_FACE('',(#644),#286,.T.);
#7712=ADVANCED_FACE('',(#645),#63,.F.);
#7713=ADVANCED_FACE('',(#646),#287,.T.);
#7714=ADVANCED_FACE('',(#647),#64,.F.);
#7715=ADVANCED_FACE('',(#648),#288,.T.);
#7716=ADVANCED_FACE('',(#649),#289,.T.);
#7717=ADVANCED_FACE('',(#650),#290,.T.);
#7718=ADVANCED_FACE('',(#651),#291,.T.);
#7719=ADVANCED_FACE('',(#652),#292,.T.);
#7720=ADVANCED_FACE('',(#653),#293,.T.);
#7721=ADVANCED_FACE('',(#654),#294,.T.);
#7722=ADVANCED_FACE('',(#655),#295,.T.);
#7723=ADVANCED_FACE('',(#656),#296,.T.);
#7724=ADVANCED_FACE('',(#657),#297,.T.);
#7725=ADVANCED_FACE('',(#658),#298,.T.);
#7726=ADVANCED_FACE('',(#659),#299,.T.);
#7727=ADVANCED_FACE('',(#660),#300,.T.);
#7728=ADVANCED_FACE('',(#661),#301,.T.);
#7729=ADVANCED_FACE('',(#662),#302,.T.);
#7730=ADVANCED_FACE('',(#663),#303,.T.);
#7731=ADVANCED_FACE('',(#664),#304,.T.);
#7732=ADVANCED_FACE('',(#665),#305,.T.);
#7733=ADVANCED_FACE('',(#666),#306,.T.);
#7734=ADVANCED_FACE('',(#667),#307,.T.);
#7735=ADVANCED_FACE('',(#668),#65,.F.);
#7736=ADVANCED_FACE('',(#669),#308,.T.);
#7737=ADVANCED_FACE('',(#670),#309,.T.);
#7738=ADVANCED_FACE('',(#671),#66,.F.);
#7739=ADVANCED_FACE('',(#672),#310,.T.);
#7740=ADVANCED_FACE('',(#673),#67,.F.);
#7741=ADVANCED_FACE('',(#674),#311,.T.);
#7742=ADVANCED_FACE('',(#675,#113),#312,.F.);
#7743=ADVANCED_FACE('',(#676,#114),#313,.F.);
#7744=ADVANCED_FACE('',(#677,#115),#314,.F.);
#7745=ADVANCED_FACE('',(#678,#116),#315,.F.);
#7746=ADVANCED_FACE('',(#679),#316,.F.);
#7747=ADVANCED_FACE('',(#680),#317,.F.);
#7748=ADVANCED_FACE('',(#681),#318,.F.);
#7749=ADVANCED_FACE('',(#682),#319,.T.);
#7750=ADVANCED_FACE('',(#683),#320,.T.);
#7751=ADVANCED_FACE('',(#684),#321,.F.);
#7752=ADVANCED_FACE('',(#685),#322,.T.);
#7753=ADVANCED_FACE('',(#686),#68,.T.);
#7754=ADVANCED_FACE('',(#687),#69,.T.);
#7755=ADVANCED_FACE('',(#688),#70,.T.);
#7756=ADVANCED_FACE('',(#689),#323,.F.);
#7757=ADVANCED_FACE('',(#690),#324,.T.);
#7758=ADVANCED_FACE('',(#691),#325,.F.);
#7759=ADVANCED_FACE('',(#692),#326,.F.);
#7760=ADVANCED_FACE('',(#693),#327,.F.);
#7761=ADVANCED_FACE('',(#694),#328,.T.);
#7762=ADVANCED_FACE('',(#695),#329,.T.);
#7763=ADVANCED_FACE('',(#696),#330,.T.);
#7764=ADVANCED_FACE('',(#697),#331,.F.);
#7765=ADVANCED_FACE('',(#698),#332,.T.);
#7766=ADVANCED_FACE('',(#699),#333,.T.);
#7767=ADVANCED_FACE('',(#700),#334,.F.);
#7768=ADVANCED_FACE('',(#701),#335,.F.);
#7769=ADVANCED_FACE('',(#702),#336,.F.);
#7770=ADVANCED_FACE('',(#703),#337,.T.);
#7771=ADVANCED_FACE('',(#704),#338,.F.);
#7772=ADVANCED_FACE('',(#705),#339,.T.);
#7773=ADVANCED_FACE('',(#706),#340,.F.);
#7774=ADVANCED_FACE('',(#707),#341,.F.);
#7775=ADVANCED_FACE('',(#708),#342,.F.);
#7776=ADVANCED_FACE('',(#709),#343,.T.);
#7777=ADVANCED_FACE('',(#710),#344,.T.);
#7778=ADVANCED_FACE('',(#711),#345,.T.);
#7779=ADVANCED_FACE('',(#712),#346,.T.);
#7780=ADVANCED_FACE('',(#713),#347,.F.);
#7781=ADVANCED_FACE('',(#714),#348,.T.);
#7782=ADVANCED_FACE('',(#715),#349,.T.);
#7783=ADVANCED_FACE('',(#716),#71,.F.);
#7784=ADVANCED_FACE('',(#717),#350,.T.);
#7785=ADVANCED_FACE('',(#718),#72,.F.);
#7786=ADVANCED_FACE('',(#719),#351,.T.);
#7787=ADVANCED_FACE('',(#720),#73,.F.);
#7788=ADVANCED_FACE('',(#721),#352,.T.);
#7789=ADVANCED_FACE('',(#722),#353,.T.);
#7790=ADVANCED_FACE('',(#723),#354,.T.);
#7791=ADVANCED_FACE('',(#724),#355,.T.);
#7792=ADVANCED_FACE('',(#725),#356,.T.);
#7793=ADVANCED_FACE('',(#726),#357,.T.);
#7794=ADVANCED_FACE('',(#727),#358,.T.);
#7795=ADVANCED_FACE('',(#728),#359,.T.);
#7796=ADVANCED_FACE('',(#729),#360,.T.);
#7797=ADVANCED_FACE('',(#730),#361,.T.);
#7798=ADVANCED_FACE('',(#731),#362,.T.);
#7799=ADVANCED_FACE('',(#732),#363,.T.);
#7800=ADVANCED_FACE('',(#733),#74,.F.);
#7801=ADVANCED_FACE('',(#734),#364,.T.);
#7802=ADVANCED_FACE('',(#735),#75,.F.);
#7803=ADVANCED_FACE('',(#736),#365,.T.);
#7804=ADVANCED_FACE('',(#737),#76,.F.);
#7805=ADVANCED_FACE('',(#738),#366,.T.);
#7806=ADVANCED_FACE('',(#739),#367,.T.);
#7807=ADVANCED_FACE('',(#740),#368,.T.);
#7808=ADVANCED_FACE('',(#741),#369,.T.);
#7809=ADVANCED_FACE('',(#742),#370,.T.);
#7810=ADVANCED_FACE('',(#743),#371,.T.);
#7811=ADVANCED_FACE('',(#744),#372,.T.);
#7812=ADVANCED_FACE('',(#745),#373,.T.);
#7813=ADVANCED_FACE('',(#746),#374,.T.);
#7814=ADVANCED_FACE('',(#747),#375,.T.);
#7815=ADVANCED_FACE('',(#748),#376,.T.);
#7816=ADVANCED_FACE('',(#749),#377,.T.);
#7817=ADVANCED_FACE('',(#750),#378,.T.);
#7818=ADVANCED_FACE('',(#751),#379,.T.);
#7819=ADVANCED_FACE('',(#752),#380,.T.);
#7820=ADVANCED_FACE('',(#753),#381,.T.);
#7821=ADVANCED_FACE('',(#754),#382,.T.);
#7822=ADVANCED_FACE('',(#755),#383,.T.);
#7823=ADVANCED_FACE('',(#756),#384,.T.);
#7824=ADVANCED_FACE('',(#757),#77,.T.);
#7825=ADVANCED_FACE('',(#758),#385,.T.);
#7826=ADVANCED_FACE('',(#759),#78,.T.);
#7827=ADVANCED_FACE('',(#760),#386,.T.);
#7828=ADVANCED_FACE('',(#761),#79,.T.);
#7829=ADVANCED_FACE('',(#762),#387,.T.);
#7830=ADVANCED_FACE('',(#763),#388,.T.);
#7831=ADVANCED_FACE('',(#764),#389,.T.);
#7832=ADVANCED_FACE('',(#765),#390,.T.);
#7833=ADVANCED_FACE('',(#766),#391,.T.);
#7834=ADVANCED_FACE('',(#767),#392,.T.);
#7835=ADVANCED_FACE('',(#768),#393,.T.);
#7836=ADVANCED_FACE('',(#769),#394,.T.);
#7837=ADVANCED_FACE('',(#770),#395,.T.);
#7838=ADVANCED_FACE('',(#771),#396,.T.);
#7839=ADVANCED_FACE('',(#772),#397,.T.);
#7840=ADVANCED_FACE('',(#773),#398,.T.);
#7841=ADVANCED_FACE('',(#774),#80,.T.);
#7842=ADVANCED_FACE('',(#775),#399,.T.);
#7843=ADVANCED_FACE('',(#776),#81,.T.);
#7844=ADVANCED_FACE('',(#777),#400,.T.);
#7845=ADVANCED_FACE('',(#778),#82,.T.);
#7846=ADVANCED_FACE('',(#779),#401,.T.);
#7847=ADVANCED_FACE('',(#780),#402,.T.);
#7848=ADVANCED_FACE('',(#781),#403,.T.);
#7849=ADVANCED_FACE('',(#782),#404,.T.);
#7850=ADVANCED_FACE('',(#783),#405,.T.);
#7851=ADVANCED_FACE('',(#784),#406,.T.);
#7852=ADVANCED_FACE('',(#785),#407,.T.);
#7853=ADVANCED_FACE('',(#786),#408,.T.);
#7854=ADVANCED_FACE('',(#787),#409,.T.);
#7855=ADVANCED_FACE('',(#788),#410,.T.);
#7856=ADVANCED_FACE('',(#789),#411,.T.);
#7857=ADVANCED_FACE('',(#790),#412,.T.);
#7858=ADVANCED_FACE('',(#791),#83,.T.);
#7859=ADVANCED_FACE('',(#792),#413,.T.);
#7860=ADVANCED_FACE('',(#793),#84,.T.);
#7861=ADVANCED_FACE('',(#794),#414,.T.);
#7862=ADVANCED_FACE('',(#795),#85,.T.);
#7863=ADVANCED_FACE('',(#796),#415,.T.);
#7864=ADVANCED_FACE('',(#797),#416,.T.);
#7865=ADVANCED_FACE('',(#798),#86,.T.);
#7866=ADVANCED_FACE('',(#799),#417,.T.);
#7867=ADVANCED_FACE('',(#800),#87,.T.);
#7868=ADVANCED_FACE('',(#801),#418,.T.);
#7869=ADVANCED_FACE('',(#802),#419,.T.);
#7870=ADVANCED_FACE('',(#803),#88,.T.);
#7871=ADVANCED_FACE('',(#804),#420,.T.);
#7872=ADVANCED_FACE('',(#805),#421,.T.);
#7873=ADVANCED_FACE('',(#806),#422,.T.);
#7874=ADVANCED_FACE('',(#807),#423,.T.);
#7875=ADVANCED_FACE('',(#808),#424,.T.);
#7876=ADVANCED_FACE('',(#809),#425,.T.);
#7877=ADVANCED_FACE('',(#810),#426,.T.);
#7878=ADVANCED_FACE('',(#811),#427,.T.);
#7879=ADVANCED_FACE('',(#812),#428,.T.);
#7880=ADVANCED_FACE('',(#813),#429,.T.);
#7881=ADVANCED_FACE('',(#814),#430,.T.);
#7882=ADVANCED_FACE('',(#815),#431,.T.);
#7883=ADVANCED_FACE('',(#816),#432,.T.);
#7884=CLOSED_SHELL('',(#7500,#7501,#7502,#7503,#7504,#7505,#7506,#7507,
#7508,#7509,#7510,#7511,#7512,#7513,#7514,#7515,#7516,#7517,#7518,#7519,
#7520,#7521,#7522,#7523,#7524,#7525,#7526,#7527,#7528,#7529,#7530,#7531,
#7532,#7533,#7534,#7535,#7536,#7537,#7538,#7539,#7540,#7541,#7542,#7543,
#7544,#7545,#7546,#7547,#7548,#7549,#7550,#7551,#7552,#7553,#7554,#7555,
#7556,#7557,#7558,#7559,#7560,#7561,#7562,#7563,#7564,#7565,#7566,#7567,
#7568,#7569,#7570,#7571,#7572,#7573,#7574,#7575,#7576,#7577,#7578,#7579,
#7580,#7581,#7582,#7583,#7584,#7585,#7586,#7587,#7588,#7589,#7590,#7591,
#7592,#7593,#7594,#7595,#7596,#7597,#7598,#7599,#7600,#7601,#7602,#7603,
#7604,#7605,#7606,#7607,#7608,#7609,#7610,#7611,#7612,#7613,#7614,#7615,
#7616,#7617,#7618,#7619,#7620,#7621,#7622,#7623,#7624,#7625,#7626,#7627,
#7628,#7629,#7630,#7631,#7632,#7633,#7634,#7635,#7636,#7637,#7638,#7639,
#7640,#7641,#7642,#7643,#7644,#7645,#7646,#7647,#7648,#7649,#7650,#7651,
#7652,#7653,#7654));
#7885=CLOSED_SHELL('',(#7655,#7656,#7657,#7658,#7659,#7660,#7661,#7662,
#7663,#7664,#7665,#7666,#7667,#7668,#7669,#7670,#7671,#7672,#7673,#7674,
#7675,#7676,#7677,#7678,#7679,#7680,#7681,#7682,#7683,#7684,#7685,#7686,
#7687,#7688,#7689,#7690,#7691,#7692,#7693,#7694,#7695,#7696,#7697,#7698,
#7699,#7700,#7701,#7702,#7703,#7704,#7705,#7706,#7707,#7708,#7709,#7710,
#7711,#7712,#7713,#7714,#7715,#7716,#7717,#7718,#7719,#7720,#7721,#7722,
#7723,#7724,#7725,#7726,#7727,#7728,#7729,#7730,#7731,#7732,#7733,#7734,
#7735,#7736,#7737,#7738,#7739,#7740,#7741,#7742,#7743,#7744,#7745,#7746,
#7747,#7748,#7749,#7750,#7751,#7752,#7753,#7754,#7755,#7756,#7757,#7758,
#7759,#7760,#7761,#7762,#7763,#7764,#7765,#7766,#7767,#7768,#7769,#7770,
#7771,#7772,#7773,#7774,#7775,#7776,#7777,#7778,#7779,#7780,#7781,#7782,
#7783,#7784,#7785,#7786,#7787,#7788,#7789,#7790,#7791,#7792,#7793,#7794,
#7795,#7796,#7797,#7798,#7799,#7800,#7801,#7802,#7803,#7804,#7805,#7806,
#7807,#7808,#7809,#7810,#7811,#7812,#7813,#7814,#7815,#7816,#7817,#7818,
#7819,#7820,#7821,#7822,#7823,#7824,#7825,#7826,#7827,#7828,#7829,#7830,
#7831,#7832,#7833,#7834,#7835,#7836,#7837,#7838,#7839,#7840,#7841,#7842,
#7843,#7844,#7845,#7846,#7847,#7848,#7849,#7850,#7851,#7852,#7853,#7854,
#7855,#7856,#7857,#7858,#7859,#7860,#7861,#7862,#7863,#7864,#7865,#7866,
#7867,#7868,#7869,#7870,#7871,#7872,#7873,#7874,#7875,#7876,#7877,#7878,
#7879,#7880,#7881,#7882,#7883));
#7886=DERIVED_UNIT_ELEMENT(#7890,1.);
#7887=DERIVED_UNIT_ELEMENT(#12767,-3.);
#7888=DERIVED_UNIT_ELEMENT(#7890,1.);
#7889=DERIVED_UNIT_ELEMENT(#12767,-3.);
#7890=(
MASS_UNIT()
NAMED_UNIT(*)
SI_UNIT(.KILO.,.GRAM.)
);
#7891=DERIVED_UNIT((#7886,#7887));
#7892=DERIVED_UNIT((#7888,#7889));
#7893=MEASURE_REPRESENTATION_ITEM('density measure',
POSITIVE_RATIO_MEASURE(7850.),#7891);
#7894=MEASURE_REPRESENTATION_ITEM('density measure',
POSITIVE_RATIO_MEASURE(7850.),#7892);
#7895=PROPERTY_DEFINITION_REPRESENTATION(#7905,#7899);
#7896=PROPERTY_DEFINITION_REPRESENTATION(#7906,#7900);
#7897=PROPERTY_DEFINITION_REPRESENTATION(#7907,#7901);
#7898=PROPERTY_DEFINITION_REPRESENTATION(#7908,#7902);
#7899=REPRESENTATION('material name',(#7903),#12763);
#7900=REPRESENTATION('density',(#7893),#12763);
#7901=REPRESENTATION('material name',(#7904),#12764);
#7902=REPRESENTATION('density',(#7894),#12764);
#7903=DESCRIPTIVE_REPRESENTATION_ITEM('Steel','Steel');
#7904=DESCRIPTIVE_REPRESENTATION_ITEM('Steel','Steel');
#7905=PROPERTY_DEFINITION('material property','material name',#12783);
#7906=PROPERTY_DEFINITION('material property','density of part',#12783);
#7907=PROPERTY_DEFINITION('material property','material name',#12784);
#7908=PROPERTY_DEFINITION('material property','density of part',#12784);
#7909=AXIS2_PLACEMENT_3D('',#10457,#8425,#8426);
#7910=AXIS2_PLACEMENT_3D('',#10458,#8427,#8428);
#7911=AXIS2_PLACEMENT_3D('',#10459,#8429,#8430);
#7912=AXIS2_PLACEMENT_3D('',#10461,#8431,#8432);
#7913=AXIS2_PLACEMENT_3D('',#10464,#8434,#8435);
#7914=AXIS2_PLACEMENT_3D('',#10465,#8436,#8437);
#7915=AXIS2_PLACEMENT_3D('',#10478,#8443,#8444);
#7916=AXIS2_PLACEMENT_3D('',#10482,#8446,#8447);
#7917=AXIS2_PLACEMENT_3D('',#10486,#8449,#8450);
#7918=AXIS2_PLACEMENT_3D('',#10512,#8463,#8464);
#7919=AXIS2_PLACEMENT_3D('',#10516,#8466,#8467);
#7920=AXIS2_PLACEMENT_3D('',#10520,#8469,#8470);
#7921=AXIS2_PLACEMENT_3D('',#10562,#8491,#8492);
#7922=AXIS2_PLACEMENT_3D('',#10568,#8495,#8496);
#7923=AXIS2_PLACEMENT_3D('',#10572,#8498,#8499);
#7924=AXIS2_PLACEMENT_3D('',#10580,#8503,#8504);
#7925=AXIS2_PLACEMENT_3D('',#10584,#8506,#8507);
#7926=AXIS2_PLACEMENT_3D('',#10588,#8509,#8510);
#7927=AXIS2_PLACEMENT_3D('',#10603,#8518,#8519);
#7928=AXIS2_PLACEMENT_3D('',#10605,#8520,#8521);
#7929=AXIS2_PLACEMENT_3D('',#10607,#8522,#8523);
#7930=AXIS2_PLACEMENT_3D('',#10608,#8524,#8525);
#7931=AXIS2_PLACEMENT_3D('',#10611,#8527,#8528);
#7932=AXIS2_PLACEMENT_3D('',#10612,#8529,#8530);
#7933=AXIS2_PLACEMENT_3D('',#10615,#8532,#8533);
#7934=AXIS2_PLACEMENT_3D('',#10616,#8534,#8535);
#7935=AXIS2_PLACEMENT_3D('',#10619,#8537,#8538);
#7936=AXIS2_PLACEMENT_3D('',#10620,#8539,#8540);
#7937=AXIS2_PLACEMENT_3D('',#10623,#8542,#8543);
#7938=AXIS2_PLACEMENT_3D('',#10624,#8544,#8545);
#7939=AXIS2_PLACEMENT_3D('',#10627,#8547,#8548);
#7940=AXIS2_PLACEMENT_3D('',#10628,#8549,#8550);
#7941=AXIS2_PLACEMENT_3D('',#10631,#8552,#8553);
#7942=AXIS2_PLACEMENT_3D('',#10632,#8554,#8555);
#7943=AXIS2_PLACEMENT_3D('',#10635,#8557,#8558);
#7944=AXIS2_PLACEMENT_3D('',#10636,#8559,#8560);
#7945=AXIS2_PLACEMENT_3D('',#10659,#8571,#8572);
#7946=AXIS2_PLACEMENT_3D('',#10663,#8574,#8575);
#7947=AXIS2_PLACEMENT_3D('',#10667,#8577,#8578);
#7948=AXIS2_PLACEMENT_3D('',#10693,#8591,#8592);
#7949=AXIS2_PLACEMENT_3D('',#10697,#8594,#8595);
#7950=AXIS2_PLACEMENT_3D('',#10701,#8597,#8598);
#7951=AXIS2_PLACEMENT_3D('',#10727,#8611,#8612);
#7952=AXIS2_PLACEMENT_3D('',#10731,#8614,#8615);
#7953=AXIS2_PLACEMENT_3D('',#10735,#8617,#8618);
#7954=AXIS2_PLACEMENT_3D('',#10743,#8622,#8623);
#7955=AXIS2_PLACEMENT_3D('',#10747,#8625,#8626);
#7956=AXIS2_PLACEMENT_3D('',#10753,#8629,#8630);
#7957=AXIS2_PLACEMENT_3D('',#10773,#8641,#8642);
#7958=AXIS2_PLACEMENT_3D('',#10782,#8647,#8648);
#7959=AXIS2_PLACEMENT_3D('',#10791,#8653,#8654);
#7960=AXIS2_PLACEMENT_3D('',#10794,#8657,#8658);
#7961=AXIS2_PLACEMENT_3D('',#10801,#8663,#8664);
#7962=AXIS2_PLACEMENT_3D('',#10809,#8668,#8669);
#7963=AXIS2_PLACEMENT_3D('',#10813,#8671,#8672);
#7964=AXIS2_PLACEMENT_3D('',#10817,#8674,#8675);
#7965=AXIS2_PLACEMENT_3D('',#10859,#8696,#8697);
#7966=AXIS2_PLACEMENT_3D('',#10865,#8700,#8701);
#7967=AXIS2_PLACEMENT_3D('',#10869,#8703,#8704);
#7968=AXIS2_PLACEMENT_3D('',#10877,#8708,#8709);
#7969=AXIS2_PLACEMENT_3D('',#10881,#8711,#8712);
#7970=AXIS2_PLACEMENT_3D('',#10887,#8715,#8716);
#7971=AXIS2_PLACEMENT_3D('',#10929,#8737,#8738);
#7972=AXIS2_PLACEMENT_3D('',#10933,#8740,#8741);
#7973=AXIS2_PLACEMENT_3D('',#10937,#8743,#8744);
#7974=AXIS2_PLACEMENT_3D('',#10941,#8747,#8748);
#7975=AXIS2_PLACEMENT_3D('',#10947,#8752,#8753);
#7976=AXIS2_PLACEMENT_3D('',#10956,#8759,#8760);
#7977=AXIS2_PLACEMENT_3D('',#10962,#8764,#8765);
#7978=AXIS2_PLACEMENT_3D('',#10964,#8767,#8768);
#7979=AXIS2_PLACEMENT_3D('',#10984,#8778,#8779);
#7980=AXIS2_PLACEMENT_3D('',#10988,#8781,#8782);
#7981=AXIS2_PLACEMENT_3D('',#10992,#8784,#8785);
#7982=AXIS2_PLACEMENT_3D('',#11018,#8798,#8799);
#7983=AXIS2_PLACEMENT_3D('',#11022,#8801,#8802);
#7984=AXIS2_PLACEMENT_3D('',#11026,#8804,#8805);
#7985=AXIS2_PLACEMENT_3D('',#11037,#8811,#8812);
#7986=AXIS2_PLACEMENT_3D('',#11041,#8814,#8815);
#7987=AXIS2_PLACEMENT_3D('',#11045,#8817,#8818);
#7988=AXIS2_PLACEMENT_3D('',#11071,#8831,#8832);
#7989=AXIS2_PLACEMENT_3D('',#11075,#8834,#8835);
#7990=AXIS2_PLACEMENT_3D('',#11079,#8837,#8838);
#7991=AXIS2_PLACEMENT_3D('',#11099,#8849,#8850);
#7992=AXIS2_PLACEMENT_3D('',#11102,#8853,#8854);
#7993=AXIS2_PLACEMENT_3D('',#11104,#8856,#8857);
#7994=AXIS2_PLACEMENT_3D('',#11106,#8859,#8860);
#7995=AXIS2_PLACEMENT_3D('',#11108,#8862,#8863);
#7996=AXIS2_PLACEMENT_3D('',#11110,#8865,#8866);
#7997=AXIS2_PLACEMENT_3D('',#11112,#8868,#8869);
#7998=AXIS2_PLACEMENT_3D('',#11114,#8871,#8872);
#7999=AXIS2_PLACEMENT_3D('',#11116,#8874,#8875);
#8000=AXIS2_PLACEMENT_3D('',#11118,#8877,#8878);
#8001=AXIS2_PLACEMENT_3D('',#11120,#8880,#8881);
#8002=AXIS2_PLACEMENT_3D('',#11122,#8883,#8884);
#8003=AXIS2_PLACEMENT_3D('',#11124,#8886,#8887);
#8004=AXIS2_PLACEMENT_3D('',#11126,#8889,#8890);
#8005=AXIS2_PLACEMENT_3D('',#11128,#8892,#8893);
#8006=AXIS2_PLACEMENT_3D('',#11130,#8895,#8896);
#8007=AXIS2_PLACEMENT_3D('',#11132,#8898,#8899);
#8008=AXIS2_PLACEMENT_3D('',#11134,#8901,#8902);
#8009=AXIS2_PLACEMENT_3D('',#11136,#8904,#8905);
#8010=AXIS2_PLACEMENT_3D('',#11137,#8906,#8907);
#8011=AXIS2_PLACEMENT_3D('',#11139,#8909,#8910);
#8012=AXIS2_PLACEMENT_3D('',#11141,#8912,#8913);
#8013=AXIS2_PLACEMENT_3D('',#11143,#8915,#8916);
#8014=AXIS2_PLACEMENT_3D('',#11145,#8918,#8919);
#8015=AXIS2_PLACEMENT_3D('',#11147,#8921,#8922);
#8016=AXIS2_PLACEMENT_3D('',#11149,#8924,#8925);
#8017=AXIS2_PLACEMENT_3D('',#11151,#8927,#8928);
#8018=AXIS2_PLACEMENT_3D('',#11153,#8930,#8931);
#8019=AXIS2_PLACEMENT_3D('',#11155,#8933,#8934);
#8020=AXIS2_PLACEMENT_3D('',#11157,#8936,#8937);
#8021=AXIS2_PLACEMENT_3D('',#11159,#8939,#8940);
#8022=AXIS2_PLACEMENT_3D('',#11161,#8942,#8943);
#8023=AXIS2_PLACEMENT_3D('',#11163,#8945,#8946);
#8024=AXIS2_PLACEMENT_3D('',#11165,#8948,#8949);
#8025=AXIS2_PLACEMENT_3D('',#11171,#8953,#8954);
#8026=AXIS2_PLACEMENT_3D('',#11173,#8956,#8957);
#8027=AXIS2_PLACEMENT_3D('',#11175,#8959,#8960);
#8028=AXIS2_PLACEMENT_3D('',#11177,#8962,#8963);
#8029=AXIS2_PLACEMENT_3D('',#11179,#8965,#8966);
#8030=AXIS2_PLACEMENT_3D('',#11181,#8968,#8969);
#8031=AXIS2_PLACEMENT_3D('',#11183,#8971,#8972);
#8032=AXIS2_PLACEMENT_3D('',#11185,#8974,#8975);
#8033=AXIS2_PLACEMENT_3D('',#11187,#8977,#8978);
#8034=AXIS2_PLACEMENT_3D('',#11189,#8980,#8981);
#8035=AXIS2_PLACEMENT_3D('',#11191,#8983,#8984);
#8036=AXIS2_PLACEMENT_3D('',#11193,#8986,#8987);
#8037=AXIS2_PLACEMENT_3D('',#11195,#8989,#8990);
#8038=AXIS2_PLACEMENT_3D('',#11197,#8992,#8993);
#8039=AXIS2_PLACEMENT_3D('',#11198,#8994,#8995);
#8040=AXIS2_PLACEMENT_3D('',#11200,#8997,#8998);
#8041=AXIS2_PLACEMENT_3D('',#11202,#9000,#9001);
#8042=AXIS2_PLACEMENT_3D('',#11204,#9003,#9004);
#8043=AXIS2_PLACEMENT_3D('',#11206,#9006,#9007);
#8044=AXIS2_PLACEMENT_3D('',#11208,#9009,#9010);
#8045=AXIS2_PLACEMENT_3D('',#11210,#9012,#9013);
#8046=AXIS2_PLACEMENT_3D('',#11212,#9015,#9016);
#8047=AXIS2_PLACEMENT_3D('',#11214,#9018,#9019);
#8048=AXIS2_PLACEMENT_3D('',#11216,#9021,#9022);
#8049=AXIS2_PLACEMENT_3D('',#11218,#9024,#9025);
#8050=AXIS2_PLACEMENT_3D('',#11220,#9027,#9028);
#8051=AXIS2_PLACEMENT_3D('',#11222,#9030,#9031);
#8052=AXIS2_PLACEMENT_3D('',#11224,#9033,#9034);
#8053=AXIS2_PLACEMENT_3D('',#11226,#9036,#9037);
#8054=AXIS2_PLACEMENT_3D('',#11228,#9039,#9040);
#8055=AXIS2_PLACEMENT_3D('',#11230,#9042,#9043);
#8056=AXIS2_PLACEMENT_3D('',#11232,#9045,#9046);
#8057=AXIS2_PLACEMENT_3D('',#11234,#9048,#9049);
#8058=AXIS2_PLACEMENT_3D('',#11235,#9050,#9051);
#8059=AXIS2_PLACEMENT_3D('',#11238,#9054,#9055);
#8060=AXIS2_PLACEMENT_3D('',#11241,#9058,#9059);
#8061=AXIS2_PLACEMENT_3D('',#11243,#9061,#9062);
#8062=AXIS2_PLACEMENT_3D('',#11245,#9064,#9065);
#8063=AXIS2_PLACEMENT_3D('',#11247,#9067,#9068);
#8064=AXIS2_PLACEMENT_3D('',#11249,#9070,#9071);
#8065=AXIS2_PLACEMENT_3D('',#11251,#9073,#9074);
#8066=AXIS2_PLACEMENT_3D('',#11253,#9076,#9077);
#8067=AXIS2_PLACEMENT_3D('',#11255,#9079,#9080);
#8068=AXIS2_PLACEMENT_3D('',#11257,#9082,#9083);
#8069=AXIS2_PLACEMENT_3D('',#11259,#9085,#9086);
#8070=AXIS2_PLACEMENT_3D('',#11261,#9088,#9089);
#8071=AXIS2_PLACEMENT_3D('',#11263,#9091,#9092);
#8072=AXIS2_PLACEMENT_3D('',#11265,#9094,#9095);
#8073=AXIS2_PLACEMENT_3D('',#11267,#9097,#9098);
#8074=AXIS2_PLACEMENT_3D('',#11268,#9099,#9100);
#8075=AXIS2_PLACEMENT_3D('',#11270,#9102,#9103);
#8076=AXIS2_PLACEMENT_3D('',#11273,#9106,#9107);
#8077=AXIS2_PLACEMENT_3D('',#11275,#9109,#9110);
#8078=AXIS2_PLACEMENT_3D('',#11277,#9112,#9113);
#8079=AXIS2_PLACEMENT_3D('',#11279,#9115,#9116);
#8080=AXIS2_PLACEMENT_3D('',#11281,#9118,#9119);
#8081=AXIS2_PLACEMENT_3D('',#11283,#9121,#9122);
#8082=AXIS2_PLACEMENT_3D('',#11285,#9124,#9125);
#8083=AXIS2_PLACEMENT_3D('',#11287,#9127,#9128);
#8084=AXIS2_PLACEMENT_3D('',#11289,#9130,#9131);
#8085=AXIS2_PLACEMENT_3D('',#11291,#9133,#9134);
#8086=AXIS2_PLACEMENT_3D('',#11293,#9136,#9137);
#8087=AXIS2_PLACEMENT_3D('',#11295,#9139,#9140);
#8088=AXIS2_PLACEMENT_3D('',#11297,#9142,#9143);
#8089=AXIS2_PLACEMENT_3D('',#11299,#9145,#9146);
#8090=AXIS2_PLACEMENT_3D('',#11301,#9148,#9149);
#8091=AXIS2_PLACEMENT_3D('',#11303,#9151,#9152);
#8092=AXIS2_PLACEMENT_3D('',#11304,#9153,#9154);
#8093=AXIS2_PLACEMENT_3D('',#11306,#9156,#9157);
#8094=AXIS2_PLACEMENT_3D('',#11308,#9159,#9160);
#8095=AXIS2_PLACEMENT_3D('',#11310,#9162,#9163);
#8096=AXIS2_PLACEMENT_3D('',#11312,#9165,#9166);
#8097=AXIS2_PLACEMENT_3D('',#11314,#9168,#9169);
#8098=AXIS2_PLACEMENT_3D('',#11316,#9171,#9172);
#8099=AXIS2_PLACEMENT_3D('',#11318,#9174,#9175);
#8100=AXIS2_PLACEMENT_3D('',#11320,#9177,#9178);
#8101=AXIS2_PLACEMENT_3D('',#11322,#9180,#9181);
#8102=AXIS2_PLACEMENT_3D('',#11324,#9183,#9184);
#8103=AXIS2_PLACEMENT_3D('',#11326,#9186,#9187);
#8104=AXIS2_PLACEMENT_3D('',#11328,#9189,#9190);
#8105=AXIS2_PLACEMENT_3D('',#11330,#9192,#9193);
#8106=AXIS2_PLACEMENT_3D('',#11332,#9195,#9196);
#8107=AXIS2_PLACEMENT_3D('',#11334,#9198,#9199);
#8108=AXIS2_PLACEMENT_3D('',#11336,#9201,#9202);
#8109=AXIS2_PLACEMENT_3D('',#11338,#9204,#9205);
#8110=AXIS2_PLACEMENT_3D('',#11340,#9207,#9208);
#8111=AXIS2_PLACEMENT_3D('',#11342,#9210,#9211);
#8112=AXIS2_PLACEMENT_3D('',#11344,#9213,#9214);
#8113=AXIS2_PLACEMENT_3D('',#11346,#9216,#9217);
#8114=AXIS2_PLACEMENT_3D('',#11348,#9219,#9220);
#8115=AXIS2_PLACEMENT_3D('',#11350,#9222,#9223);
#8116=AXIS2_PLACEMENT_3D('',#11352,#9225,#9226);
#8117=AXIS2_PLACEMENT_3D('',#11354,#9228,#9229);
#8118=AXIS2_PLACEMENT_3D('',#11356,#9231,#9232);
#8119=AXIS2_PLACEMENT_3D('',#11358,#9234,#9235);
#8120=AXIS2_PLACEMENT_3D('',#11360,#9237,#9238);
#8121=AXIS2_PLACEMENT_3D('',#11362,#9240,#9241);
#8122=AXIS2_PLACEMENT_3D('',#11364,#9243,#9244);
#8123=AXIS2_PLACEMENT_3D('',#11366,#9246,#9247);
#8124=AXIS2_PLACEMENT_3D('',#11368,#9249,#9250);
#8125=AXIS2_PLACEMENT_3D('',#11370,#9252,#9253);
#8126=AXIS2_PLACEMENT_3D('',#11371,#9254,#9255);
#8127=AXIS2_PLACEMENT_3D('',#11372,#9256,#9257);
#8128=AXIS2_PLACEMENT_3D('',#11381,#9262,#9263);
#8129=AXIS2_PLACEMENT_3D('',#11387,#9267,#9268);
#8130=AXIS2_PLACEMENT_3D('',#11396,#9273,#9274);
#8131=AXIS2_PLACEMENT_3D('',#11402,#9278,#9279);
#8132=AXIS2_PLACEMENT_3D('',#11411,#9284,#9285);
#8133=AXIS2_PLACEMENT_3D('',#11417,#9289,#9290);
#8134=AXIS2_PLACEMENT_3D('',#11426,#9295,#9296);
#8135=AXIS2_PLACEMENT_3D('',#11429,#9299,#9300);
#8136=AXIS2_PLACEMENT_3D('',#11438,#9305,#9306);
#8137=AXIS2_PLACEMENT_3D('',#11455,#9315,#9316);
#8138=AXIS2_PLACEMENT_3D('',#11461,#9320,#9321);
#8139=AXIS2_PLACEMENT_3D('',#11470,#9326,#9327);
#8140=AXIS2_PLACEMENT_3D('',#11476,#9331,#9332);
#8141=AXIS2_PLACEMENT_3D('',#11482,#9336,#9337);
#8142=AXIS2_PLACEMENT_3D('',#11491,#9342,#9343);
#8143=AXIS2_PLACEMENT_3D('',#11497,#9347,#9348);
#8144=AXIS2_PLACEMENT_3D('',#11506,#9353,#9354);
#8145=AXIS2_PLACEMENT_3D('',#11512,#9358,#9359);
#8146=AXIS2_PLACEMENT_3D('',#11522,#9365,#9366);
#8147=AXIS2_PLACEMENT_3D('',#11532,#9372,#9373);
#8148=AXIS2_PLACEMENT_3D('',#11535,#9376,#9377);
#8149=AXIS2_PLACEMENT_3D('',#11545,#9383,#9384);
#8150=AXIS2_PLACEMENT_3D('',#11554,#9389,#9390);
#8151=AXIS2_PLACEMENT_3D('',#11562,#9394,#9395);
#8152=AXIS2_PLACEMENT_3D('',#11566,#9397,#9398);
#8153=AXIS2_PLACEMENT_3D('',#11572,#9401,#9402);
#8154=AXIS2_PLACEMENT_3D('',#11614,#9423,#9424);
#8155=AXIS2_PLACEMENT_3D('',#11618,#9426,#9427);
#8156=AXIS2_PLACEMENT_3D('',#11622,#9429,#9430);
#8157=AXIS2_PLACEMENT_3D('',#11648,#9443,#9444);
#8158=AXIS2_PLACEMENT_3D('',#11652,#9446,#9447);
#8159=AXIS2_PLACEMENT_3D('',#11656,#9449,#9450);
#8160=AXIS2_PLACEMENT_3D('',#11682,#9463,#9464);
#8161=AXIS2_PLACEMENT_3D('',#11686,#9466,#9467);
#8162=AXIS2_PLACEMENT_3D('',#11690,#9469,#9470);
#8163=AXIS2_PLACEMENT_3D('',#11701,#9476,#9477);
#8164=AXIS2_PLACEMENT_3D('',#11708,#9481,#9482);
#8165=AXIS2_PLACEMENT_3D('',#11748,#9505,#9506);
#8166=AXIS2_PLACEMENT_3D('',#11750,#9507,#9508);
#8167=AXIS2_PLACEMENT_3D('',#11766,#9517,#9518);
#8168=AXIS2_PLACEMENT_3D('',#11770,#9521,#9522);
#8169=AXIS2_PLACEMENT_3D('',#11774,#9525,#9526);
#8170=AXIS2_PLACEMENT_3D('',#11778,#9529,#9530);
#8171=AXIS2_PLACEMENT_3D('',#11782,#9533,#9534);
#8172=AXIS2_PLACEMENT_3D('',#11791,#9539,#9540);
#8173=AXIS2_PLACEMENT_3D('',#11797,#9544,#9545);
#8174=AXIS2_PLACEMENT_3D('',#11803,#9549,#9550);
#8175=AXIS2_PLACEMENT_3D('',#11806,#9553,#9554);
#8176=AXIS2_PLACEMENT_3D('',#11809,#9557,#9558);
#8177=AXIS2_PLACEMENT_3D('',#11811,#9560,#9561);
#8178=AXIS2_PLACEMENT_3D('',#11821,#9566,#9567);
#8179=AXIS2_PLACEMENT_3D('',#11825,#9569,#9570);
#8180=AXIS2_PLACEMENT_3D('',#11829,#9572,#9573);
#8181=AXIS2_PLACEMENT_3D('',#11855,#9586,#9587);
#8182=AXIS2_PLACEMENT_3D('',#11859,#9589,#9590);
#8183=AXIS2_PLACEMENT_3D('',#11863,#9592,#9593);
#8184=AXIS2_PLACEMENT_3D('',#11889,#9606,#9607);
#8185=AXIS2_PLACEMENT_3D('',#11893,#9609,#9610);
#8186=AXIS2_PLACEMENT_3D('',#11897,#9612,#9613);
#8187=AXIS2_PLACEMENT_3D('',#11939,#9634,#9635);
#8188=AXIS2_PLACEMENT_3D('',#11945,#9638,#9639);
#8189=AXIS2_PLACEMENT_3D('',#11949,#9641,#9642);
#8190=AXIS2_PLACEMENT_3D('',#11987,#9665,#9666);
#8191=AXIS2_PLACEMENT_3D('',#11989,#9667,#9668);
#8192=AXIS2_PLACEMENT_3D('',#11991,#9669,#9670);
#8193=AXIS2_PLACEMENT_3D('',#11993,#9671,#9672);
#8194=AXIS2_PLACEMENT_3D('',#11994,#9673,#9674);
#8195=AXIS2_PLACEMENT_3D('',#11997,#9677,#9678);
#8196=AXIS2_PLACEMENT_3D('',#11998,#9679,#9680);
#8197=AXIS2_PLACEMENT_3D('',#11999,#9681,#9682);
#8198=AXIS2_PLACEMENT_3D('',#12001,#9684,#9685);
#8199=AXIS2_PLACEMENT_3D('',#12003,#9687,#9688);
#8200=AXIS2_PLACEMENT_3D('',#12007,#9691,#9692);
#8201=AXIS2_PLACEMENT_3D('',#12011,#9695,#9696);
#8202=AXIS2_PLACEMENT_3D('',#12013,#9698,#9699);
#8203=AXIS2_PLACEMENT_3D('',#12016,#9701,#9702);
#8204=AXIS2_PLACEMENT_3D('',#12017,#9703,#9704);
#8205=AXIS2_PLACEMENT_3D('',#12020,#9706,#9707);
#8206=AXIS2_PLACEMENT_3D('',#12021,#9708,#9709);
#8207=AXIS2_PLACEMENT_3D('',#12024,#9711,#9712);
#8208=AXIS2_PLACEMENT_3D('',#12025,#9713,#9714);
#8209=AXIS2_PLACEMENT_3D('',#12065,#9716,#9717);
#8210=AXIS2_PLACEMENT_3D('',#12068,#9719,#9720);
#8211=AXIS2_PLACEMENT_3D('',#12069,#9721,#9722);
#8212=AXIS2_PLACEMENT_3D('',#12072,#9724,#9725);
#8213=AXIS2_PLACEMENT_3D('',#12073,#9726,#9727);
#8214=AXIS2_PLACEMENT_3D('',#12076,#9729,#9730);
#8215=AXIS2_PLACEMENT_3D('',#12077,#9731,#9732);
#8216=AXIS2_PLACEMENT_3D('',#12080,#9734,#9735);
#8217=AXIS2_PLACEMENT_3D('',#12081,#9736,#9737);
#8218=AXIS2_PLACEMENT_3D('',#12087,#9741,#9742);
#8219=AXIS2_PLACEMENT_3D('',#12090,#9744,#9745);
#8220=AXIS2_PLACEMENT_3D('',#12091,#9746,#9747);
#8221=AXIS2_PLACEMENT_3D('',#12095,#9750,#9751);
#8222=AXIS2_PLACEMENT_3D('',#12099,#9754,#9755);
#8223=AXIS2_PLACEMENT_3D('',#12103,#9757,#9758);
#8224=AXIS2_PLACEMENT_3D('',#12105,#9760,#9761);
#8225=AXIS2_PLACEMENT_3D('',#12109,#9764,#9765);
#8226=AXIS2_PLACEMENT_3D('',#12112,#9767,#9768);
#8227=AXIS2_PLACEMENT_3D('',#12113,#9769,#9770);
#8228=AXIS2_PLACEMENT_3D('',#12117,#9773,#9774);
#8229=AXIS2_PLACEMENT_3D('',#12120,#9776,#9777);
#8230=AXIS2_PLACEMENT_3D('',#12121,#9778,#9779);
#8231=AXIS2_PLACEMENT_3D('',#12125,#9782,#9783);
#8232=AXIS2_PLACEMENT_3D('',#12129,#9786,#9787);
#8233=AXIS2_PLACEMENT_3D('',#12133,#9790,#9791);
#8234=AXIS2_PLACEMENT_3D('',#12137,#9794,#9795);
#8235=AXIS2_PLACEMENT_3D('',#12141,#9798,#9799);
#8236=AXIS2_PLACEMENT_3D('',#12145,#9802,#9803);
#8237=AXIS2_PLACEMENT_3D('',#12149,#9806,#9807);
#8238=AXIS2_PLACEMENT_3D('',#12153,#9810,#9811);
#8239=AXIS2_PLACEMENT_3D('',#12157,#9814,#9815);
#8240=AXIS2_PLACEMENT_3D('',#12161,#9818,#9819);
#8241=AXIS2_PLACEMENT_3D('',#12165,#9822,#9823);
#8242=AXIS2_PLACEMENT_3D('',#12169,#9826,#9827);
#8243=AXIS2_PLACEMENT_3D('',#12173,#9830,#9831);
#8244=AXIS2_PLACEMENT_3D('',#12177,#9834,#9835);
#8245=AXIS2_PLACEMENT_3D('',#12181,#9838,#9839);
#8246=AXIS2_PLACEMENT_3D('',#12185,#9842,#9843);
#8247=AXIS2_PLACEMENT_3D('',#12189,#9846,#9847);
#8248=AXIS2_PLACEMENT_3D('',#12193,#9850,#9851);
#8249=AXIS2_PLACEMENT_3D('',#12197,#9854,#9855);
#8250=AXIS2_PLACEMENT_3D('',#12201,#9858,#9859);
#8251=AXIS2_PLACEMENT_3D('',#12204,#9861,#9862);
#8252=AXIS2_PLACEMENT_3D('',#12205,#9863,#9864);
#8253=AXIS2_PLACEMENT_3D('',#12209,#9867,#9868);
#8254=AXIS2_PLACEMENT_3D('',#12213,#9871,#9872);
#8255=AXIS2_PLACEMENT_3D('',#12216,#9874,#9875);
#8256=AXIS2_PLACEMENT_3D('',#12217,#9876,#9877);
#8257=AXIS2_PLACEMENT_3D('',#12221,#9880,#9881);
#8258=AXIS2_PLACEMENT_3D('',#12224,#9883,#9884);
#8259=AXIS2_PLACEMENT_3D('',#12225,#9885,#9886);
#8260=AXIS2_PLACEMENT_3D('',#12242,#9896,#9897);
#8261=AXIS2_PLACEMENT_3D('',#12244,#9898,#9899);
#8262=AXIS2_PLACEMENT_3D('',#12246,#9901,#9902);
#8263=AXIS2_PLACEMENT_3D('',#12248,#9903,#9904);
#8264=AXIS2_PLACEMENT_3D('',#12249,#9905,#9906);
#8265=AXIS2_PLACEMENT_3D('',#12251,#9908,#9909);
#8266=AXIS2_PLACEMENT_3D('',#12253,#9910,#9911);
#8267=AXIS2_PLACEMENT_3D('',#12254,#9912,#9913);
#8268=AXIS2_PLACEMENT_3D('',#12255,#9914,#9915);
#8269=AXIS2_PLACEMENT_3D('',#12256,#9916,#9917);
#8270=AXIS2_PLACEMENT_3D('',#12262,#9921,#9922);
#8271=AXIS2_PLACEMENT_3D('',#12264,#9924,#9925);
#8272=AXIS2_PLACEMENT_3D('',#12266,#9927,#9928);
#8273=AXIS2_PLACEMENT_3D('',#12268,#9930,#9931);
#8274=AXIS2_PLACEMENT_3D('',#12269,#9932,#9933);
#8275=AXIS2_PLACEMENT_3D('',#12271,#9935,#9936);
#8276=AXIS2_PLACEMENT_3D('',#12273,#9938,#9939);
#8277=AXIS2_PLACEMENT_3D('',#12274,#9940,#9941);
#8278=AXIS2_PLACEMENT_3D('',#12283,#9946,#9947);
#8279=AXIS2_PLACEMENT_3D('',#12289,#9951,#9952);
#8280=AXIS2_PLACEMENT_3D('',#12295,#9956,#9957);
#8281=AXIS2_PLACEMENT_3D('',#12306,#9963,#9964);
#8282=AXIS2_PLACEMENT_3D('',#12310,#9966,#9967);
#8283=AXIS2_PLACEMENT_3D('',#12316,#9970,#9971);
#8284=AXIS2_PLACEMENT_3D('',#12358,#9992,#9993);
#8285=AXIS2_PLACEMENT_3D('',#12362,#9995,#9996);
#8286=AXIS2_PLACEMENT_3D('',#12366,#9998,#9999);
#8287=AXIS2_PLACEMENT_3D('',#12372,#10003,#10004);
#8288=AXIS2_PLACEMENT_3D('',#12394,#10015,#10016);
#8289=AXIS2_PLACEMENT_3D('',#12398,#10018,#10019);
#8290=AXIS2_PLACEMENT_3D('',#12402,#10021,#10022);
#8291=AXIS2_PLACEMENT_3D('',#12428,#10035,#10036);
#8292=AXIS2_PLACEMENT_3D('',#12432,#10038,#10039);
#8293=AXIS2_PLACEMENT_3D('',#12436,#10041,#10042);
#8294=AXIS2_PLACEMENT_3D('',#12449,#10049,#10050);
#8295=AXIS2_PLACEMENT_3D('',#12453,#10052,#10053);
#8296=AXIS2_PLACEMENT_3D('',#12457,#10055,#10056);
#8297=AXIS2_PLACEMENT_3D('',#12483,#10069,#10070);
#8298=AXIS2_PLACEMENT_3D('',#12487,#10072,#10073);
#8299=AXIS2_PLACEMENT_3D('',#12491,#10075,#10076);
#8300=AXIS2_PLACEMENT_3D('',#12511,#10087,#10088);
#8301=AXIS2_PLACEMENT_3D('',#12513,#10090,#10091);
#8302=AXIS2_PLACEMENT_3D('',#12515,#10093,#10094);
#8303=AXIS2_PLACEMENT_3D('',#12517,#10096,#10097);
#8304=AXIS2_PLACEMENT_3D('',#12519,#10099,#10100);
#8305=AXIS2_PLACEMENT_3D('',#12521,#10102,#10103);
#8306=AXIS2_PLACEMENT_3D('',#12523,#10105,#10106);
#8307=AXIS2_PLACEMENT_3D('',#12525,#10108,#10109);
#8308=AXIS2_PLACEMENT_3D('',#12526,#10110,#10111);
#8309=AXIS2_PLACEMENT_3D('',#12527,#10112,#10113);
#8310=AXIS2_PLACEMENT_3D('',#12529,#10115,#10116);
#8311=AXIS2_PLACEMENT_3D('',#12532,#10119,#10120);
#8312=AXIS2_PLACEMENT_3D('',#12533,#10121,#10122);
#8313=AXIS2_PLACEMENT_3D('',#12534,#10123,#10124);
#8314=AXIS2_PLACEMENT_3D('',#12535,#10125,#10126);
#8315=AXIS2_PLACEMENT_3D('',#12537,#10128,#10129);
#8316=AXIS2_PLACEMENT_3D('',#12546,#10136,#10137);
#8317=AXIS2_PLACEMENT_3D('',#12548,#10139,#10140);
#8318=AXIS2_PLACEMENT_3D('',#12550,#10142,#10143);
#8319=AXIS2_PLACEMENT_3D('',#12551,#10144,#10145);
#8320=AXIS2_PLACEMENT_3D('',#12552,#10146,#10147);
#8321=AXIS2_PLACEMENT_3D('',#12554,#10149,#10150);
#8322=AXIS2_PLACEMENT_3D('',#12556,#10152,#10153);
#8323=AXIS2_PLACEMENT_3D('',#12558,#10155,#10156);
#8324=AXIS2_PLACEMENT_3D('',#12560,#10158,#10159);
#8325=AXIS2_PLACEMENT_3D('',#12562,#10161,#10162);
#8326=AXIS2_PLACEMENT_3D('',#12564,#10164,#10165);
#8327=AXIS2_PLACEMENT_3D('',#12566,#10167,#10168);
#8328=AXIS2_PLACEMENT_3D('',#12568,#10170,#10171);
#8329=AXIS2_PLACEMENT_3D('',#12570,#10173,#10174);
#8330=AXIS2_PLACEMENT_3D('',#12572,#10176,#10177);
#8331=AXIS2_PLACEMENT_3D('',#12574,#10179,#10180);
#8332=AXIS2_PLACEMENT_3D('',#12576,#10182,#10183);
#8333=AXIS2_PLACEMENT_3D('',#12578,#10185,#10186);
#8334=AXIS2_PLACEMENT_3D('',#12580,#10188,#10189);
#8335=AXIS2_PLACEMENT_3D('',#12582,#10191,#10192);
#8336=AXIS2_PLACEMENT_3D('',#12584,#10194,#10195);
#8337=AXIS2_PLACEMENT_3D('',#12586,#10197,#10198);
#8338=AXIS2_PLACEMENT_3D('',#12588,#10200,#10201);
#8339=AXIS2_PLACEMENT_3D('',#12590,#10203,#10204);
#8340=AXIS2_PLACEMENT_3D('',#12592,#10206,#10207);
#8341=AXIS2_PLACEMENT_3D('',#12594,#10209,#10210);
#8342=AXIS2_PLACEMENT_3D('',#12596,#10212,#10213);
#8343=AXIS2_PLACEMENT_3D('',#12598,#10215,#10216);
#8344=AXIS2_PLACEMENT_3D('',#12600,#10218,#10219);
#8345=AXIS2_PLACEMENT_3D('',#12602,#10221,#10222);
#8346=AXIS2_PLACEMENT_3D('',#12604,#10224,#10225);
#8347=AXIS2_PLACEMENT_3D('',#12606,#10227,#10228);
#8348=AXIS2_PLACEMENT_3D('',#12608,#10230,#10231);
#8349=AXIS2_PLACEMENT_3D('',#12610,#10233,#10234);
#8350=AXIS2_PLACEMENT_3D('',#12612,#10236,#10237);
#8351=AXIS2_PLACEMENT_3D('',#12614,#10239,#10240);
#8352=AXIS2_PLACEMENT_3D('',#12616,#10242,#10243);
#8353=AXIS2_PLACEMENT_3D('',#12618,#10245,#10246);
#8354=AXIS2_PLACEMENT_3D('',#12620,#10248,#10249);
#8355=AXIS2_PLACEMENT_3D('',#12622,#10251,#10252);
#8356=AXIS2_PLACEMENT_3D('',#12623,#10253,#10254);
#8357=AXIS2_PLACEMENT_3D('',#12626,#10257,#10258);
#8358=AXIS2_PLACEMENT_3D('',#12628,#10260,#10261);
#8359=AXIS2_PLACEMENT_3D('',#12630,#10263,#10264);
#8360=AXIS2_PLACEMENT_3D('',#12632,#10266,#10267);
#8361=AXIS2_PLACEMENT_3D('',#12634,#10269,#10270);
#8362=AXIS2_PLACEMENT_3D('',#12636,#10272,#10273);
#8363=AXIS2_PLACEMENT_3D('',#12638,#10275,#10276);
#8364=AXIS2_PLACEMENT_3D('',#12640,#10278,#10279);
#8365=AXIS2_PLACEMENT_3D('',#12642,#10281,#10282);
#8366=AXIS2_PLACEMENT_3D('',#12644,#10284,#10285);
#8367=AXIS2_PLACEMENT_3D('',#12646,#10287,#10288);
#8368=AXIS2_PLACEMENT_3D('',#12648,#10290,#10291);
#8369=AXIS2_PLACEMENT_3D('',#12650,#10293,#10294);
#8370=AXIS2_PLACEMENT_3D('',#12652,#10296,#10297);
#8371=AXIS2_PLACEMENT_3D('',#12654,#10299,#10300);
#8372=AXIS2_PLACEMENT_3D('',#12656,#10302,#10303);
#8373=AXIS2_PLACEMENT_3D('',#12658,#10305,#10306);
#8374=AXIS2_PLACEMENT_3D('',#12660,#10308,#10309);
#8375=AXIS2_PLACEMENT_3D('',#12662,#10311,#10312);
#8376=AXIS2_PLACEMENT_3D('',#12664,#10314,#10315);
#8377=AXIS2_PLACEMENT_3D('',#12666,#10317,#10318);
#8378=AXIS2_PLACEMENT_3D('',#12668,#10320,#10321);
#8379=AXIS2_PLACEMENT_3D('',#12670,#10323,#10324);
#8380=AXIS2_PLACEMENT_3D('',#12672,#10326,#10327);
#8381=AXIS2_PLACEMENT_3D('',#12674,#10329,#10330);
#8382=AXIS2_PLACEMENT_3D('',#12676,#10332,#10333);
#8383=AXIS2_PLACEMENT_3D('',#12678,#10335,#10336);
#8384=AXIS2_PLACEMENT_3D('',#12680,#10338,#10339);
#8385=AXIS2_PLACEMENT_3D('',#12682,#10341,#10342);
#8386=AXIS2_PLACEMENT_3D('',#12684,#10344,#10345);
#8387=AXIS2_PLACEMENT_3D('',#12686,#10347,#10348);
#8388=AXIS2_PLACEMENT_3D('',#12688,#10350,#10351);
#8389=AXIS2_PLACEMENT_3D('',#12690,#10353,#10354);
#8390=AXIS2_PLACEMENT_3D('',#12692,#10356,#10357);
#8391=AXIS2_PLACEMENT_3D('',#12694,#10359,#10360);
#8392=AXIS2_PLACEMENT_3D('',#12696,#10362,#10363);
#8393=AXIS2_PLACEMENT_3D('',#12698,#10365,#10366);
#8394=AXIS2_PLACEMENT_3D('',#12700,#10368,#10369);
#8395=AXIS2_PLACEMENT_3D('',#12702,#10371,#10372);
#8396=AXIS2_PLACEMENT_3D('',#12704,#10374,#10375);
#8397=AXIS2_PLACEMENT_3D('',#12706,#10377,#10378);
#8398=AXIS2_PLACEMENT_3D('',#12708,#10380,#10381);
#8399=AXIS2_PLACEMENT_3D('',#12710,#10383,#10384);
#8400=AXIS2_PLACEMENT_3D('',#12712,#10386,#10387);
#8401=AXIS2_PLACEMENT_3D('',#12714,#10389,#10390);
#8402=AXIS2_PLACEMENT_3D('',#12716,#10392,#10393);
#8403=AXIS2_PLACEMENT_3D('',#12718,#10395,#10396);
#8404=AXIS2_PLACEMENT_3D('',#12719,#10397,#10398);
#8405=AXIS2_PLACEMENT_3D('',#12721,#10400,#10401);
#8406=AXIS2_PLACEMENT_3D('',#12723,#10403,#10404);
#8407=AXIS2_PLACEMENT_3D('',#12725,#10406,#10407);
#8408=AXIS2_PLACEMENT_3D('',#12727,#10409,#10410);
#8409=AXIS2_PLACEMENT_3D('',#12729,#10412,#10413);
#8410=AXIS2_PLACEMENT_3D('',#12731,#10415,#10416);
#8411=AXIS2_PLACEMENT_3D('',#12733,#10418,#10419);
#8412=AXIS2_PLACEMENT_3D('',#12735,#10421,#10422);
#8413=AXIS2_PLACEMENT_3D('',#12737,#10424,#10425);
#8414=AXIS2_PLACEMENT_3D('',#12739,#10427,#10428);
#8415=AXIS2_PLACEMENT_3D('',#12741,#10430,#10431);
#8416=AXIS2_PLACEMENT_3D('',#12743,#10433,#10434);
#8417=AXIS2_PLACEMENT_3D('',#12745,#10436,#10437);
#8418=AXIS2_PLACEMENT_3D('',#12747,#10439,#10440);
#8419=AXIS2_PLACEMENT_3D('',#12749,#10442,#10443);
#8420=AXIS2_PLACEMENT_3D('',#12751,#10445,#10446);
#8421=AXIS2_PLACEMENT_3D('',#12753,#10448,#10449);
#8422=AXIS2_PLACEMENT_3D('',#12755,#10451,#10452);
#8423=AXIS2_PLACEMENT_3D('',#12756,#10453,#10454);
#8424=AXIS2_PLACEMENT_3D('',#12757,#10455,#10456);
#8425=DIRECTION('axis',(0.,0.,1.));
#8426=DIRECTION('refdir',(1.,0.,0.));
#8427=DIRECTION('axis',(0.,0.,1.));
#8428=DIRECTION('refdir',(1.,0.,0.));
#8429=DIRECTION('center_axis',(0.,0.,1.));
#8430=DIRECTION('ref_axis',(1.,0.,0.));
#8431=DIRECTION('center_axis',(0.,0.,1.));
#8432=DIRECTION('ref_axis',(1.,0.,0.));
#8433=DIRECTION('',(0.70710678118654,8.65956056235484E-17,-0.707106781186555));
#8434=DIRECTION('center_axis',(0.,0.,-1.));
#8435=DIRECTION('ref_axis',(1.,0.,0.));
#8436=DIRECTION('center_axis',(0.,0.,-1.));
#8437=DIRECTION('ref_axis',(1.,0.,0.));
#8438=DIRECTION('',(0.9962728356744,-0.0862579671525474,0.));
#8439=DIRECTION('',(0.999550088284118,-0.0299936828550832,0.));
#8440=DIRECTION('',(0.999999780710209,-0.000662253375901568,0.));
#8441=DIRECTION('',(0.999812473374988,0.0193653836468416,0.));
#8442=DIRECTION('',(0.998241415320114,0.0592796486131285,0.));
#8443=DIRECTION('center_axis',(0.,0.,1.));
#8444=DIRECTION('ref_axis',(0.208443625957798,-0.978034383238936,0.));
#8445=DIRECTION('',(0.972976601423706,0.230903731199768,0.));
#8446=DIRECTION('center_axis',(0.,0.,1.));
#8447=DIRECTION('ref_axis',(0.435677213999087,-0.900102974776772,0.));
#8448=DIRECTION('',(0.877325169358779,0.479896392161465,0.));
#8449=DIRECTION('center_axis',(0.,0.,1.));
#8450=DIRECTION('ref_axis',(0.757579006890323,-0.652743478189612,0.));
#8451=DIRECTION('',(0.618144006855011,0.786064874415104,0.));
#8452=DIRECTION('',(0.540513742664093,0.841335185280667,0.));
#8453=DIRECTION('',(0.461616862705097,0.887079405727753,0.));
#8454=DIRECTION('',(0.383036736261969,0.923733110088503,0.));
#8455=DIRECTION('',(0.305895744591634,0.952065015343348,0.));
#8456=DIRECTION('',(0.230789654184203,0.97300366675647,0.));
#8457=DIRECTION('',(0.157701751685282,0.987486788527013,0.));
#8458=DIRECTION('',(0.0862579671524742,0.996272835674406,0.));
#8459=DIRECTION('',(0.0299936828554472,0.999550088284107,0.));
#8460=DIRECTION('',(0.,1.,0.));
#8461=DIRECTION('',(-0.0193653836469163,0.999812473374986,0.));
#8462=DIRECTION('',(-0.0592796485248824,0.998241415325354,0.));
#8463=DIRECTION('center_axis',(0.,0.,1.));
#8464=DIRECTION('ref_axis',(0.978034383240552,0.208443625950214,0.));
#8465=DIRECTION('',(-0.23090373114955,0.972976601435623,0.));
#8466=DIRECTION('center_axis',(0.,0.,1.));
#8467=DIRECTION('ref_axis',(0.90010297477844,0.43567721399564,0.));
#8468=DIRECTION('',(-0.479896392091044,0.877325169397299,0.));
#8469=DIRECTION('center_axis',(0.,0.,1.));
#8470=DIRECTION('ref_axis',(0.652743478184913,0.757579006894372,0.));
#8471=DIRECTION('',(-0.786064874415665,0.618144006854297,0.));
#8472=DIRECTION('',(-0.841335185280727,0.540513742664001,0.));
#8473=DIRECTION('',(-0.887079405727737,0.461616862705127,0.));
#8474=DIRECTION('',(-0.923733110088467,0.383036736262057,0.));
#8475=DIRECTION('',(-0.952065015343363,0.305895744591587,0.));
#8476=DIRECTION('',(-0.973003666756472,0.230789654184195,0.));
#8477=DIRECTION('',(-0.98748678852702,0.157701751685242,0.));
#8478=DIRECTION('',(-0.996272835674402,0.0862579671525227,0.));
#8479=DIRECTION('',(-0.999550088284105,0.0299936828555379,0.));
#8480=DIRECTION('',(-1.,0.,0.));
#8481=DIRECTION('',(-0.999550088284105,-0.0299936828555379,0.));
#8482=DIRECTION('',(-0.996272835674404,-0.0862579671524963,0.));
#8483=DIRECTION('',(-0.987486788527016,-0.15770175168526,0.));
#8484=DIRECTION('',(-0.973003666756468,-0.230789654184211,0.));
#8485=DIRECTION('',(-0.952065015343368,-0.305895744591572,0.));
#8486=DIRECTION('',(-0.923733110088458,-0.383036736262077,0.));
#8487=DIRECTION('',(-0.887079405727747,-0.461616862705109,0.));
#8488=DIRECTION('',(-0.84133518528073,-0.540513742663994,0.));
#8489=DIRECTION('',(-0.786064874415337,-0.618144006854713,0.));
#8490=DIRECTION('',(-0.721316545958133,-0.692605544684006,0.));
#8491=DIRECTION('center_axis',(0.,0.,1.));
#8492=DIRECTION('ref_axis',(-0.902198882321881,0.431320271651065,0.));
#8493=DIRECTION('',(-0.38970752027289,-0.920938678003457,0.));
#8494=DIRECTION('',(-0.321463181587394,-0.946922078570201,0.));
#8495=DIRECTION('center_axis',(0.,0.,1.));
#8496=DIRECTION('ref_axis',(-0.986725104052521,0.162399412044937,0.));
#8497=DIRECTION('',(-0.142988414976949,-0.989724362225352,0.));
#8498=DIRECTION('center_axis',(0.,0.,1.));
#8499=DIRECTION('ref_axis',(-0.999998996978381,-0.00141634820326735,0.));
#8500=DIRECTION('',(0.,-1.,0.));
#8501=DIRECTION('',(0.0193653836469053,-0.999812473374986,0.));
#8502=DIRECTION('',(0.0592796485008606,-0.998241415326781,0.));
#8503=DIRECTION('center_axis',(0.,0.,1.));
#8504=DIRECTION('ref_axis',(-0.978034383238477,-0.208443625959951,0.));
#8505=DIRECTION('',(0.230903731185793,-0.972976601427023,0.));
#8506=DIRECTION('center_axis',(0.,0.,1.));
#8507=DIRECTION('ref_axis',(-0.900102974769623,-0.435677214013856,0.));
#8508=DIRECTION('',(0.479896392140282,-0.877325169370366,0.));
#8509=DIRECTION('center_axis',(0.,0.,1.));
#8510=DIRECTION('ref_axis',(-0.65274347817718,-0.757579006901035,0.));
#8511=DIRECTION('',(0.786064874415229,-0.618144006854851,0.));
#8512=DIRECTION('',(0.841335185280731,-0.540513742663994,0.));
#8513=DIRECTION('',(0.887079405727761,-0.461616862705081,0.));
#8514=DIRECTION('',(0.923733110088452,-0.383036736262094,0.));
#8515=DIRECTION('',(0.952065015343368,-0.305895744591571,0.));
#8516=DIRECTION('',(0.973003666756468,-0.230789654184214,0.));
#8517=DIRECTION('',(0.987486788527018,-0.157701751685251,0.));
#8518=DIRECTION('center_axis',(0.,0.,1.));
#8519=DIRECTION('ref_axis',(1.,0.,0.));
#8520=DIRECTION('center_axis',(0.,0.,1.));
#8521=DIRECTION('ref_axis',(1.,0.,0.));
#8522=DIRECTION('center_axis',(0.,0.,1.));
#8523=DIRECTION('ref_axis',(1.,0.,0.));
#8524=DIRECTION('center_axis',(0.,0.,-1.));
#8525=DIRECTION('ref_axis',(1.,0.,0.));
#8526=DIRECTION('',(0.,0.,-1.));
#8527=DIRECTION('center_axis',(0.,0.,1.));
#8528=DIRECTION('ref_axis',(1.,0.,0.));
#8529=DIRECTION('center_axis',(0.,0.,1.));
#8530=DIRECTION('ref_axis',(1.,0.,0.));
#8531=DIRECTION('',(0.70710678118654,8.65956056235484E-17,-0.707106781186555));
#8532=DIRECTION('center_axis',(0.,0.,-1.));
#8533=DIRECTION('ref_axis',(1.,0.,0.));
#8534=DIRECTION('center_axis',(0.,0.,-1.));
#8535=DIRECTION('ref_axis',(1.,0.,0.));
#8536=DIRECTION('',(0.,0.,-1.));
#8537=DIRECTION('center_axis',(0.,0.,1.));
#8538=DIRECTION('ref_axis',(1.,0.,0.));
#8539=DIRECTION('center_axis',(0.,0.,1.));
#8540=DIRECTION('ref_axis',(1.,0.,0.));
#8541=DIRECTION('',(0.70710678118654,8.65956056235484E-17,-0.707106781186555));
#8542=DIRECTION('center_axis',(0.,0.,-1.));
#8543=DIRECTION('ref_axis',(1.,0.,0.));
#8544=DIRECTION('center_axis',(0.,0.,-1.));
#8545=DIRECTION('ref_axis',(1.,0.,0.));
#8546=DIRECTION('',(0.,0.,-1.));
#8547=DIRECTION('center_axis',(0.,0.,1.));
#8548=DIRECTION('ref_axis',(1.,0.,0.));
#8549=DIRECTION('center_axis',(0.,0.,1.));
#8550=DIRECTION('ref_axis',(1.,0.,0.));
#8551=DIRECTION('',(0.70710678118654,8.65956056235484E-17,-0.707106781186555));
#8552=DIRECTION('center_axis',(0.,0.,-1.));
#8553=DIRECTION('ref_axis',(1.,0.,0.));
#8554=DIRECTION('center_axis',(0.,0.,-1.));
#8555=DIRECTION('ref_axis',(1.,0.,0.));
#8556=DIRECTION('',(0.,0.,-1.));
#8557=DIRECTION('center_axis',(0.,0.,1.));
#8558=DIRECTION('ref_axis',(1.,0.,0.));
#8559=DIRECTION('center_axis',(0.,0.,-1.));
#8560=DIRECTION('ref_axis',(1.,0.,0.));
#8561=DIRECTION('',(1.,0.,0.));
#8562=DIRECTION('',(0.999550088284103,-0.0299936828555904,0.));
#8563=DIRECTION('',(0.996272835674405,-0.0862579671524861,0.));
#8564=DIRECTION('',(0.987486788527017,-0.157701751685257,0.));
#8565=DIRECTION('',(0.973003666756469,-0.230789654184207,0.));
#8566=DIRECTION('',(0.952065015343367,-0.305895744591577,0.));
#8567=DIRECTION('',(0.923733110088468,-0.383036736262053,0.));
#8568=DIRECTION('',(0.887079405727739,-0.461616862705124,0.));
#8569=DIRECTION('',(0.841335185280717,-0.540513742664015,0.));
#8570=DIRECTION('',(0.786064874415743,-0.618144006854197,0.));
#8571=DIRECTION('center_axis',(0.,0.,-1.));
#8572=DIRECTION('ref_axis',(0.647947876982729,0.761684678008934,0.));
#8573=DIRECTION('',(0.479896392090553,-0.877325169397567,0.));
#8574=DIRECTION('center_axis',(0.,0.,-1.));
#8575=DIRECTION('ref_axis',(0.897265800557357,0.44149075092256,0.));
#8576=DIRECTION('',(0.230903731149358,-0.972976601435669,0.));
#8577=DIRECTION('center_axis',(0.,0.,-1.));
#8578=DIRECTION('ref_axis',(0.97750356974594,0.210918873346942,0.));
#8579=DIRECTION('',(0.0592796485257679,-0.998241415325302,0.));
#8580=DIRECTION('',(0.0193653836468863,-0.999812473374987,0.));
#8581=DIRECTION('',(0.,-1.,0.));
#8582=DIRECTION('',(-0.0299936828554322,-0.999550088284108,0.));
#8583=DIRECTION('',(-0.0862579671524053,-0.996272835674412,0.));
#8584=DIRECTION('',(-0.157701751685348,-0.987486788527002,0.));
#8585=DIRECTION('',(-0.230789654184175,-0.973003666756477,0.));
#8586=DIRECTION('',(-0.305895744591626,-0.952065015343351,0.));
#8587=DIRECTION('',(-0.383036736262055,-0.923733110088468,0.));
#8588=DIRECTION('',(-0.461616862705036,-0.887079405727785,0.));
#8589=DIRECTION('',(-0.540513742664107,-0.841335185280658,0.));
#8590=DIRECTION('',(-0.618144006855263,-0.786064874414905,0.));
#8591=DIRECTION('center_axis',(0.,0.,-1.));
#8592=DIRECTION('ref_axis',(0.761684678004479,-0.647947876987966,0.));
#8593=DIRECTION('',(-0.877325169359301,-0.47989639216051,0.));
#8594=DIRECTION('center_axis',(0.,0.,-1.));
#8595=DIRECTION('ref_axis',(0.441490750935002,-0.897265800551235,0.));
#8596=DIRECTION('',(-0.972976601426024,-0.230903731189999,0.));
#8597=DIRECTION('center_axis',(0.,0.,-1.));
#8598=DIRECTION('ref_axis',(0.210918873349166,-0.97750356974546,0.));
#8599=DIRECTION('',(-0.998241415320371,-0.0592796486088046,0.));
#8600=DIRECTION('',(-0.999812473374987,-0.0193653836468586,0.));
#8601=DIRECTION('',(-0.999999780710209,0.000662253375901557,0.));
#8602=DIRECTION('',(-0.999550088284119,0.0299936828550704,0.));
#8603=DIRECTION('',(-0.996272835674402,0.0862579671525218,0.));
#8604=DIRECTION('',(-0.987486788527017,0.157701751685258,0.));
#8605=DIRECTION('',(-0.973003666756467,0.230789654184218,0.));
#8606=DIRECTION('',(-0.952065015343366,0.30589574459158,0.));
#8607=DIRECTION('',(-0.923733110088446,0.383036736262106,0.));
#8608=DIRECTION('',(-0.887079405727772,0.46161686270506,0.));
#8609=DIRECTION('',(-0.84133518528072,0.54051374266401,0.));
#8610=DIRECTION('',(-0.78606487441532,0.618144006854735,0.));
#8611=DIRECTION('center_axis',(0.,0.,-1.));
#8612=DIRECTION('ref_axis',(-0.647947876976324,-0.761684678014383,0.));
#8613=DIRECTION('',(-0.479896392141147,0.877325169369893,0.));
#8614=DIRECTION('center_axis',(0.,0.,-1.));
#8615=DIRECTION('ref_axis',(-0.897265800546014,-0.441490750945611,0.));
#8616=DIRECTION('',(-0.230903731185602,0.972976601427068,0.));
#8617=DIRECTION('center_axis',(0.,0.,-1.));
#8618=DIRECTION('ref_axis',(-0.977503569743211,-0.210918873359591,0.));
#8619=DIRECTION('',(-0.0592796484981885,0.998241415326939,0.));
#8620=DIRECTION('',(-0.019365383646938,0.999812473374986,0.));
#8621=DIRECTION('',(0.,1.,0.));
#8622=DIRECTION('center_axis',(0.,0.,-1.));
#8623=DIRECTION('ref_axis',(-0.999999167167062,-0.00129060651690254,0.));
#8624=DIRECTION('',(0.142988903806133,0.989724291602626,0.));
#8625=DIRECTION('center_axis',(0.,0.,-1.));
#8626=DIRECTION('ref_axis',(-0.987100395780102,0.160102494205327,0.));
#8627=DIRECTION('',(0.321463181587783,0.946922078570069,0.));
#8628=DIRECTION('',(0.389707520273051,0.920938678003389,0.));
#8629=DIRECTION('center_axis',(0.,0.,-1.));
#8630=DIRECTION('ref_axis',(-0.904952963812598,0.425511613574524,0.));
#8631=DIRECTION('',(0.721316545957899,0.69260554468425,0.));
#8632=DIRECTION('',(0.786064874415345,0.618144006854704,0.));
#8633=DIRECTION('',(0.84133518528072,0.54051374266401,0.));
#8634=DIRECTION('',(0.887079405727751,0.461616862705101,0.));
#8635=DIRECTION('',(0.923733110088454,0.383036736262088,0.));
#8636=DIRECTION('',(0.952065015343371,0.305895744591564,0.));
#8637=DIRECTION('',(0.973003666756469,0.23078965418421,0.));
#8638=DIRECTION('',(0.987486788527018,0.157701751685252,0.));
#8639=DIRECTION('',(0.996272835674405,0.0862579671524947,0.));
#8640=DIRECTION('',(0.999550088284103,0.0299936828555904,0.));
#8641=DIRECTION('center_axis',(0.,-1.,0.));
#8642=DIRECTION('ref_axis',(0.,0.,1.));
#8643=DIRECTION('',(0.,0.,1.));
#8644=DIRECTION('',(-1.,0.,0.));
#8645=DIRECTION('',(0.,0.,-1.));
#8646=DIRECTION('',(-1.,0.,0.));
#8647=DIRECTION('center_axis',(0.,1.,0.));
#8648=DIRECTION('ref_axis',(0.,0.,-1.));
#8649=DIRECTION('',(0.,0.,-1.));
#8650=DIRECTION('',(1.,0.,0.));
#8651=DIRECTION('',(0.,0.,1.));
#8652=DIRECTION('',(-1.,0.,0.));
#8653=DIRECTION('center_axis',(0.,0.,-1.));
#8654=DIRECTION('ref_axis',(0.,-1.,0.));
#8655=DIRECTION('',(0.,-1.,0.));
#8656=DIRECTION('',(0.,1.,0.));
#8657=DIRECTION('center_axis',(-1.,0.,0.));
#8658=DIRECTION('ref_axis',(0.,1.,0.));
#8659=DIRECTION('',(0.,1.,0.));
#8660=DIRECTION('',(0.,0.,-1.));
#8661=DIRECTION('',(0.,0.,-1.));
#8662=DIRECTION('',(0.,1.,0.));
#8663=DIRECTION('center_axis',(0.,0.,-1.));
#8664=DIRECTION('ref_axis',(1.,0.,0.));
#8665=DIRECTION('',(0.,-1.,0.));
#8666=DIRECTION('',(0.0193653836468863,-0.999812473374987,0.));
#8667=DIRECTION('',(0.0592796485256489,-0.998241415325309,0.));
#8668=DIRECTION('center_axis',(0.,0.,-1.));
#8669=DIRECTION('ref_axis',(0.97750356974594,0.210918873346942,0.));
#8670=DIRECTION('',(0.230903731149235,-0.972976601435698,0.));
#8671=DIRECTION('center_axis',(0.,0.,-1.));
#8672=DIRECTION('ref_axis',(0.897265800557357,0.44149075092256,0.));
#8673=DIRECTION('',(0.479896392090553,-0.877325169397567,0.));
#8674=DIRECTION('center_axis',(0.,0.,-1.));
#8675=DIRECTION('ref_axis',(0.647947876982729,0.761684678008934,0.));
#8676=DIRECTION('',(0.786064874415743,-0.618144006854197,0.));
#8677=DIRECTION('',(0.841335185280717,-0.540513742664015,0.));
#8678=DIRECTION('',(0.887079405727739,-0.461616862705124,0.));
#8679=DIRECTION('',(0.923733110088468,-0.383036736262053,0.));
#8680=DIRECTION('',(0.952065015343367,-0.305895744591577,0.));
#8681=DIRECTION('',(0.973003666756469,-0.230789654184207,0.));
#8682=DIRECTION('',(0.987486788527017,-0.157701751685257,0.));
#8683=DIRECTION('',(0.996272835674405,-0.0862579671524861,0.));
#8684=DIRECTION('',(0.999550088284103,-0.0299936828555904,0.));
#8685=DIRECTION('',(1.,0.,0.));
#8686=DIRECTION('',(0.999550088284103,0.0299936828555904,0.));
#8687=DIRECTION('',(0.996272835674405,0.0862579671524947,0.));
#8688=DIRECTION('',(0.987486788527018,0.157701751685252,0.));
#8689=DIRECTION('',(0.973003666756469,0.23078965418421,0.));
#8690=DIRECTION('',(0.952065015343371,0.305895744591564,0.));
#8691=DIRECTION('',(0.923733110088454,0.383036736262088,0.));
#8692=DIRECTION('',(0.887079405727751,0.461616862705101,0.));
#8693=DIRECTION('',(0.84133518528072,0.54051374266401,0.));
#8694=DIRECTION('',(0.786064874415345,0.618144006854704,0.));
#8695=DIRECTION('',(0.721316545957924,0.692605544684224,0.));
#8696=DIRECTION('center_axis',(0.,0.,-1.));
#8697=DIRECTION('ref_axis',(-0.904952963812598,0.425511613574524,0.));
#8698=DIRECTION('',(0.389707520273051,0.920938678003389,0.));
#8699=DIRECTION('',(0.32146318158773,0.946922078570087,0.));
#8700=DIRECTION('center_axis',(0.,0.,-1.));
#8701=DIRECTION('ref_axis',(-0.987100395780102,0.160102494205327,0.));
#8702=DIRECTION('',(0.142988414976596,0.989724362225403,0.));
#8703=DIRECTION('center_axis',(0.,0.,-1.));
#8704=DIRECTION('ref_axis',(-0.999999167167062,-0.00129060651690254,0.));
#8705=DIRECTION('',(0.,1.,0.));
#8706=DIRECTION('',(1.,0.,0.));
#8707=DIRECTION('',(0.,-1.,0.));
#8708=DIRECTION('center_axis',(0.,0.,1.));
#8709=DIRECTION('ref_axis',(-0.999998996978381,-0.00141634820326735,0.));
#8710=DIRECTION('',(-0.142988414976949,-0.989724362225352,0.));
#8711=DIRECTION('center_axis',(0.,0.,1.));
#8712=DIRECTION('ref_axis',(-0.986725104052521,0.162399412044937,0.));
#8713=DIRECTION('',(-0.321463181587394,-0.946922078570201,0.));
#8714=DIRECTION('',(-0.38970752027289,-0.920938678003457,0.));
#8715=DIRECTION('center_axis',(0.,0.,1.));
#8716=DIRECTION('ref_axis',(-0.902198882321881,0.431320271651065,0.));
#8717=DIRECTION('',(-0.721316545958133,-0.692605544684006,0.));
#8718=DIRECTION('',(-0.786064874415337,-0.618144006854713,0.));
#8719=DIRECTION('',(-0.84133518528073,-0.540513742663994,0.));
#8720=DIRECTION('',(-0.887079405727747,-0.461616862705109,0.));
#8721=DIRECTION('',(-0.923733110088458,-0.383036736262077,0.));
#8722=DIRECTION('',(-0.952065015343368,-0.305895744591572,0.));
#8723=DIRECTION('',(-0.973003666756468,-0.230789654184211,0.));
#8724=DIRECTION('',(-0.987486788527016,-0.15770175168526,0.));
#8725=DIRECTION('',(-0.996272835674404,-0.0862579671524963,0.));
#8726=DIRECTION('',(-0.999550088284105,-0.0299936828555379,0.));
#8727=DIRECTION('',(-1.,0.,0.));
#8728=DIRECTION('',(-0.999550088284105,0.0299936828555379,0.));
#8729=DIRECTION('',(-0.996272835674402,0.0862579671525227,0.));
#8730=DIRECTION('',(-0.98748678852702,0.157701751685242,0.));
#8731=DIRECTION('',(-0.973003666756472,0.230789654184195,0.));
#8732=DIRECTION('',(-0.952065015343363,0.305895744591587,0.));
#8733=DIRECTION('',(-0.923733110088467,0.383036736262057,0.));
#8734=DIRECTION('',(-0.887079405727737,0.461616862705127,0.));
#8735=DIRECTION('',(-0.841335185280727,0.540513742664001,0.));
#8736=DIRECTION('',(-0.786064874415665,0.618144006854297,0.));
#8737=DIRECTION('center_axis',(0.,0.,1.));
#8738=DIRECTION('ref_axis',(0.652743478184913,0.757579006894372,0.));
#8739=DIRECTION('',(-0.479896392091044,0.877325169397299,0.));
#8740=DIRECTION('center_axis',(0.,0.,1.));
#8741=DIRECTION('ref_axis',(0.90010297477844,0.43567721399564,0.));
#8742=DIRECTION('',(-0.23090373114955,0.972976601435623,0.));
#8743=DIRECTION('center_axis',(0.,0.,1.));
#8744=DIRECTION('ref_axis',(0.978034383240552,0.208443625950214,0.));
#8745=DIRECTION('',(-0.0592796485248824,0.998241415325354,0.));
#8746=DIRECTION('',(-0.0193653836469163,0.999812473374986,0.));
#8747=DIRECTION('center_axis',(0.,1.,0.));
#8748=DIRECTION('ref_axis',(0.,0.,1.));
#8749=DIRECTION('',(0.,0.,1.));
#8750=DIRECTION('',(-1.,0.,0.));
#8751=DIRECTION('',(0.,0.,-1.));
#8752=DIRECTION('center_axis',(1.,0.,0.));
#8753=DIRECTION('ref_axis',(0.,-1.,0.));
#8754=DIRECTION('',(0.,-1.,0.));
#8755=DIRECTION('',(0.,0.,1.));
#8756=DIRECTION('',(0.,-1.,0.));
#8757=DIRECTION('',(0.,0.,-1.));
#8758=DIRECTION('',(0.,0.,-1.));
#8759=DIRECTION('center_axis',(0.,-1.,0.));
#8760=DIRECTION('ref_axis',(0.,0.,-1.));
#8761=DIRECTION('',(-1.,0.,0.));
#8762=DIRECTION('',(1.,0.,0.));
#8763=DIRECTION('',(0.,0.,-1.));
#8764=DIRECTION('center_axis',(0.,0.,-1.));
#8765=DIRECTION('ref_axis',(-1.,0.,0.));
#8766=DIRECTION('',(0.,1.,0.));
#8767=DIRECTION('center_axis',(0.,0.,-1.));
#8768=DIRECTION('ref_axis',(1.,0.,0.));
#8769=DIRECTION('',(0.0299936828554472,0.999550088284107,0.));
#8770=DIRECTION('',(0.0862579671524742,0.996272835674406,0.));
#8771=DIRECTION('',(0.157701751685282,0.987486788527013,0.));
#8772=DIRECTION('',(0.230789654184203,0.97300366675647,0.));
#8773=DIRECTION('',(0.305895744591634,0.952065015343348,0.));
#8774=DIRECTION('',(0.383036736261969,0.923733110088503,0.));
#8775=DIRECTION('',(0.461616862705097,0.887079405727753,0.));
#8776=DIRECTION('',(0.540513742664093,0.841335185280667,0.));
#8777=DIRECTION('',(0.618144006855011,0.786064874415104,0.));
#8778=DIRECTION('center_axis',(0.,0.,1.));
#8779=DIRECTION('ref_axis',(0.757579006890323,-0.652743478189612,0.));
#8780=DIRECTION('',(0.877325169358779,0.479896392161465,0.));
#8781=DIRECTION('center_axis',(0.,0.,1.));
#8782=DIRECTION('ref_axis',(0.435677213999087,-0.900102974776772,0.));
#8783=DIRECTION('',(0.972976601423706,0.230903731199768,0.));
#8784=DIRECTION('center_axis',(0.,0.,1.));
#8785=DIRECTION('ref_axis',(0.208443625957798,-0.978034383238936,0.));
#8786=DIRECTION('',(0.998241415320114,0.0592796486131285,0.));
#8787=DIRECTION('',(0.999812473374988,0.0193653836468416,0.));
#8788=DIRECTION('',(0.999999780710209,-0.000662253375901568,0.));
#8789=DIRECTION('',(0.999550088284118,-0.0299936828550832,0.));
#8790=DIRECTION('',(0.9962728356744,-0.0862579671525474,0.));
#8791=DIRECTION('',(0.987486788527018,-0.157701751685251,0.));
#8792=DIRECTION('',(0.973003666756468,-0.230789654184214,0.));
#8793=DIRECTION('',(0.952065015343368,-0.305895744591571,0.));
#8794=DIRECTION('',(0.923733110088452,-0.383036736262094,0.));
#8795=DIRECTION('',(0.887079405727761,-0.461616862705081,0.));
#8796=DIRECTION('',(0.841335185280731,-0.540513742663994,0.));
#8797=DIRECTION('',(0.786064874415229,-0.618144006854851,0.));
#8798=DIRECTION('center_axis',(0.,0.,1.));
#8799=DIRECTION('ref_axis',(-0.65274347817718,-0.757579006901035,0.));
#8800=DIRECTION('',(0.479896392140282,-0.877325169370366,0.));
#8801=DIRECTION('center_axis',(0.,0.,1.));
#8802=DIRECTION('ref_axis',(-0.900102974769623,-0.435677214013856,0.));
#8803=DIRECTION('',(0.230903731185793,-0.972976601427023,0.));
#8804=DIRECTION('center_axis',(0.,0.,1.));
#8805=DIRECTION('ref_axis',(-0.978034383238477,-0.208443625959951,0.));
#8806=DIRECTION('',(0.0592796485008606,-0.998241415326781,0.));
#8807=DIRECTION('',(0.0193653836469053,-0.999812473374986,0.));
#8808=DIRECTION('',(0.,1.,0.));
#8809=DIRECTION('',(-0.019365383646938,0.999812473374986,0.));
#8810=DIRECTION('',(-0.0592796484982472,0.998241415326936,0.));
#8811=DIRECTION('center_axis',(0.,0.,-1.));
#8812=DIRECTION('ref_axis',(-0.977503569743211,-0.210918873359591,0.));
#8813=DIRECTION('',(-0.230903731185668,0.972976601427052,0.));
#8814=DIRECTION('center_axis',(0.,0.,-1.));
#8815=DIRECTION('ref_axis',(-0.897265800546014,-0.441490750945611,0.));
#8816=DIRECTION('',(-0.479896392141118,0.877325169369908,0.));
#8817=DIRECTION('center_axis',(0.,0.,-1.));
#8818=DIRECTION('ref_axis',(-0.647947876976324,-0.761684678014383,0.));
#8819=DIRECTION('',(-0.78606487441532,0.618144006854735,0.));
#8820=DIRECTION('',(-0.84133518528072,0.54051374266401,0.));
#8821=DIRECTION('',(-0.887079405727772,0.46161686270506,0.));
#8822=DIRECTION('',(-0.923733110088446,0.383036736262107,0.));
#8823=DIRECTION('',(-0.952065015343366,0.30589574459158,0.));
#8824=DIRECTION('',(-0.973003666756467,0.230789654184218,0.));
#8825=DIRECTION('',(-0.987486788527017,0.157701751685258,0.));
#8826=DIRECTION('',(-0.996272835674402,0.0862579671525218,0.));
#8827=DIRECTION('',(-0.999550088284119,0.0299936828550705,0.));
#8828=DIRECTION('',(-0.999999780710209,0.000662253375901557,0.));
#8829=DIRECTION('',(-0.999812473374987,-0.0193653836468586,0.));
#8830=DIRECTION('',(-0.998241415320374,-0.0592796486087459,0.));
#8831=DIRECTION('center_axis',(0.,0.,-1.));
#8832=DIRECTION('ref_axis',(0.210918873349166,-0.97750356974546,0.));
#8833=DIRECTION('',(-0.972976601426024,-0.230903731189999,0.));
#8834=DIRECTION('center_axis',(0.,0.,-1.));
#8835=DIRECTION('ref_axis',(0.441490750935002,-0.897265800551235,0.));
#8836=DIRECTION('',(-0.877325169359316,-0.479896392160482,0.));
#8837=DIRECTION('center_axis',(0.,0.,-1.));
#8838=DIRECTION('ref_axis',(0.761684678004479,-0.647947876987966,0.));
#8839=DIRECTION('',(-0.618144006855263,-0.786064874414905,0.));
#8840=DIRECTION('',(-0.540513742664107,-0.841335185280658,0.));
#8841=DIRECTION('',(-0.461616862705036,-0.887079405727785,0.));
#8842=DIRECTION('',(-0.383036736262055,-0.923733110088467,0.));
#8843=DIRECTION('',(-0.305895744591626,-0.952065015343351,0.));
#8844=DIRECTION('',(-0.230789654184175,-0.973003666756477,0.));
#8845=DIRECTION('',(-0.157701751685348,-0.987486788527002,0.));
#8846=DIRECTION('',(-0.0862579671524053,-0.996272835674412,0.));
#8847=DIRECTION('',(-0.0299936828554322,-0.999550088284108,0.));
#8848=DIRECTION('',(0.,-1.,0.));
#8849=DIRECTION('center_axis',(0.0862579671525474,0.9962728356744,0.));
#8850=DIRECTION('ref_axis',(0.9962728356744,-0.0862579671525474,0.));
#8851=DIRECTION('',(0.,0.,-1.));
#8852=DIRECTION('',(0.,0.,-1.));
#8853=DIRECTION('center_axis',(0.0299936828550832,0.999550088284118,0.));
#8854=DIRECTION('ref_axis',(0.999550088284118,-0.0299936828550832,0.));
#8855=DIRECTION('',(0.,0.,-1.));
#8856=DIRECTION('center_axis',(0.000662253375901568,0.999999780710209,0.));
#8857=DIRECTION('ref_axis',(0.999999780710209,-0.000662253375901568,0.));
#8858=DIRECTION('',(0.,0.,-1.));
#8859=DIRECTION('center_axis',(-0.0193653836468416,0.999812473374988,0.));
#8860=DIRECTION('ref_axis',(0.999812473374988,0.0193653836468416,0.));
#8861=DIRECTION('',(0.,0.,-1.));
#8862=DIRECTION('center_axis',(-0.0592796486131285,0.998241415320114,0.));
#8863=DIRECTION('ref_axis',(0.998241415320114,0.0592796486131285,0.));
#8864=DIRECTION('',(0.,0.,-1.));
#8865=DIRECTION('center_axis',(0.,0.,-1.));
#8866=DIRECTION('ref_axis',(0.208443625957798,-0.978034383238936,0.));
#8867=DIRECTION('',(0.,0.,-1.));
#8868=DIRECTION('center_axis',(-0.230903731199768,0.972976601423706,0.));
#8869=DIRECTION('ref_axis',(0.972976601423706,0.230903731199768,0.));
#8870=DIRECTION('',(0.,0.,-1.));
#8871=DIRECTION('center_axis',(0.,0.,-1.));
#8872=DIRECTION('ref_axis',(0.435677213999087,-0.900102974776772,0.));
#8873=DIRECTION('',(0.,0.,-1.));
#8874=DIRECTION('center_axis',(-0.479896392161465,0.877325169358779,0.));
#8875=DIRECTION('ref_axis',(0.877325169358779,0.479896392161465,0.));
#8876=DIRECTION('',(0.,0.,-1.));
#8877=DIRECTION('center_axis',(0.,0.,-1.));
#8878=DIRECTION('ref_axis',(0.757579006890323,-0.652743478189612,0.));
#8879=DIRECTION('',(0.,0.,-1.));
#8880=DIRECTION('center_axis',(-0.786064874415104,0.618144006855011,0.));
#8881=DIRECTION('ref_axis',(0.618144006855011,0.786064874415104,0.));
#8882=DIRECTION('',(0.,0.,-1.));
#8883=DIRECTION('center_axis',(-0.841335185280667,0.540513742664093,0.));
#8884=DIRECTION('ref_axis',(0.540513742664093,0.841335185280667,0.));
#8885=DIRECTION('',(0.,0.,-1.));
#8886=DIRECTION('center_axis',(-0.887079405727753,0.461616862705097,0.));
#8887=DIRECTION('ref_axis',(0.461616862705097,0.887079405727753,0.));
#8888=DIRECTION('',(0.,0.,-1.));
#8889=DIRECTION('center_axis',(-0.923733110088503,0.383036736261969,0.));
#8890=DIRECTION('ref_axis',(0.383036736261969,0.923733110088503,0.));
#8891=DIRECTION('',(0.,0.,-1.));
#8892=DIRECTION('center_axis',(-0.952065015343348,0.305895744591634,0.));
#8893=DIRECTION('ref_axis',(0.305895744591634,0.952065015343348,0.));
#8894=DIRECTION('',(0.,0.,-1.));
#8895=DIRECTION('center_axis',(-0.97300366675647,0.230789654184203,0.));
#8896=DIRECTION('ref_axis',(0.230789654184203,0.97300366675647,0.));
#8897=DIRECTION('',(0.,0.,-1.));
#8898=DIRECTION('center_axis',(-0.987486788527013,0.157701751685282,0.));
#8899=DIRECTION('ref_axis',(0.157701751685282,0.987486788527013,0.));
#8900=DIRECTION('',(0.,0.,-1.));
#8901=DIRECTION('center_axis',(-0.996272835674406,0.0862579671524742,0.));
#8902=DIRECTION('ref_axis',(0.0862579671524742,0.996272835674406,0.));
#8903=DIRECTION('',(0.,0.,-1.));
#8904=DIRECTION('center_axis',(-0.999550088284107,0.0299936828554472,0.));
#8905=DIRECTION('ref_axis',(0.0299936828554472,0.999550088284107,0.));
#8906=DIRECTION('center_axis',(-0.999812473374986,-0.0193653836469163,0.));
#8907=DIRECTION('ref_axis',(-0.0193653836469163,0.999812473374986,0.));
#8908=DIRECTION('',(0.,0.,-1.));
#8909=DIRECTION('center_axis',(-0.998241415325354,-0.0592796485248824,0.));
#8910=DIRECTION('ref_axis',(-0.0592796485248824,0.998241415325354,0.));
#8911=DIRECTION('',(0.,0.,-1.));
#8912=DIRECTION('center_axis',(0.,0.,-1.));
#8913=DIRECTION('ref_axis',(0.978034383240552,0.208443625950214,0.));
#8914=DIRECTION('',(0.,0.,-1.));
#8915=DIRECTION('center_axis',(-0.972976601435624,-0.23090373114955,0.));
#8916=DIRECTION('ref_axis',(-0.23090373114955,0.972976601435623,0.));
#8917=DIRECTION('',(0.,0.,-1.));
#8918=DIRECTION('center_axis',(0.,0.,-1.));
#8919=DIRECTION('ref_axis',(0.90010297477844,0.43567721399564,0.));
#8920=DIRECTION('',(0.,0.,-1.));
#8921=DIRECTION('center_axis',(-0.877325169397299,-0.479896392091044,0.));
#8922=DIRECTION('ref_axis',(-0.479896392091044,0.877325169397299,0.));
#8923=DIRECTION('',(0.,0.,-1.));
#8924=DIRECTION('center_axis',(0.,0.,-1.));
#8925=DIRECTION('ref_axis',(0.652743478184913,0.757579006894372,0.));
#8926=DIRECTION('',(0.,0.,-1.));
#8927=DIRECTION('center_axis',(-0.618144006854297,-0.786064874415665,0.));
#8928=DIRECTION('ref_axis',(-0.786064874415665,0.618144006854297,0.));
#8929=DIRECTION('',(0.,0.,-1.));
#8930=DIRECTION('center_axis',(-0.540513742664001,-0.841335185280727,0.));
#8931=DIRECTION('ref_axis',(-0.841335185280727,0.540513742664001,0.));
#8932=DIRECTION('',(0.,0.,-1.));
#8933=DIRECTION('center_axis',(-0.461616862705127,-0.887079405727737,0.));
#8934=DIRECTION('ref_axis',(-0.887079405727737,0.461616862705127,0.));
#8935=DIRECTION('',(0.,0.,-1.));
#8936=DIRECTION('center_axis',(-0.383036736262057,-0.923733110088467,0.));
#8937=DIRECTION('ref_axis',(-0.923733110088467,0.383036736262057,0.));
#8938=DIRECTION('',(0.,0.,-1.));
#8939=DIRECTION('center_axis',(-0.305895744591587,-0.952065015343363,0.));
#8940=DIRECTION('ref_axis',(-0.952065015343363,0.305895744591587,0.));
#8941=DIRECTION('',(0.,0.,-1.));
#8942=DIRECTION('center_axis',(-0.230789654184195,-0.973003666756472,0.));
#8943=DIRECTION('ref_axis',(-0.973003666756472,0.230789654184195,0.));
#8944=DIRECTION('',(0.,0.,-1.));
#8945=DIRECTION('center_axis',(-0.157701751685242,-0.987486788527019,0.));
#8946=DIRECTION('ref_axis',(-0.98748678852702,0.157701751685242,0.));
#8947=DIRECTION('',(0.,0.,-1.));
#8948=DIRECTION('center_axis',(-0.989724362225403,0.142988414976596,0.));
#8949=DIRECTION('ref_axis',(0.142988414976596,0.989724362225403,0.));
#8950=DIRECTION('',(0.,0.,-1.));
#8951=DIRECTION('',(-0.142988414976596,-0.989724362225403,0.));
#8952=DIRECTION('',(0.,0.,-1.));
#8953=DIRECTION('center_axis',(0.157701751685251,0.987486788527018,0.));
#8954=DIRECTION('ref_axis',(0.987486788527018,-0.157701751685251,0.));
#8955=DIRECTION('',(0.,0.,-1.));
#8956=DIRECTION('center_axis',(0.230789654184214,0.973003666756468,0.));
#8957=DIRECTION('ref_axis',(0.973003666756468,-0.230789654184214,0.));
#8958=DIRECTION('',(0.,0.,-1.));
#8959=DIRECTION('center_axis',(0.305895744591571,0.952065015343368,0.));
#8960=DIRECTION('ref_axis',(0.952065015343368,-0.305895744591571,0.));
#8961=DIRECTION('',(0.,0.,-1.));
#8962=DIRECTION('center_axis',(0.383036736262094,0.923733110088452,0.));
#8963=DIRECTION('ref_axis',(0.923733110088452,-0.383036736262094,0.));
#8964=DIRECTION('',(0.,0.,-1.));
#8965=DIRECTION('center_axis',(0.461616862705081,0.887079405727761,0.));
#8966=DIRECTION('ref_axis',(0.887079405727761,-0.461616862705081,0.));
#8967=DIRECTION('',(0.,0.,-1.));
#8968=DIRECTION('center_axis',(0.540513742663994,0.841335185280731,0.));
#8969=DIRECTION('ref_axis',(0.841335185280731,-0.540513742663994,0.));
#8970=DIRECTION('',(0.,0.,-1.));
#8971=DIRECTION('center_axis',(0.618144006854851,0.786064874415229,0.));
#8972=DIRECTION('ref_axis',(0.786064874415229,-0.618144006854851,0.));
#8973=DIRECTION('',(0.,0.,-1.));
#8974=DIRECTION('center_axis',(0.,0.,-1.));
#8975=DIRECTION('ref_axis',(-0.65274347817718,-0.757579006901035,0.));
#8976=DIRECTION('',(0.,0.,-1.));
#8977=DIRECTION('center_axis',(0.877325169370366,0.479896392140282,0.));
#8978=DIRECTION('ref_axis',(0.479896392140282,-0.877325169370366,0.));
#8979=DIRECTION('',(0.,0.,-1.));
#8980=DIRECTION('center_axis',(0.,0.,-1.));
#8981=DIRECTION('ref_axis',(-0.900102974769623,-0.435677214013856,0.));
#8982=DIRECTION('',(0.,0.,-1.));
#8983=DIRECTION('center_axis',(0.972976601427023,0.230903731185793,0.));
#8984=DIRECTION('ref_axis',(0.230903731185793,-0.972976601427023,0.));
#8985=DIRECTION('',(0.,0.,-1.));
#8986=DIRECTION('center_axis',(0.,0.,-1.));
#8987=DIRECTION('ref_axis',(-0.978034383238477,-0.208443625959951,0.));
#8988=DIRECTION('',(0.,0.,-1.));
#8989=DIRECTION('center_axis',(0.998241415326781,0.0592796485008606,0.));
#8990=DIRECTION('ref_axis',(0.0592796485008606,-0.998241415326781,0.));
#8991=DIRECTION('',(0.,0.,-1.));
#8992=DIRECTION('center_axis',(0.999812473374987,0.0193653836469053,0.));
#8993=DIRECTION('ref_axis',(0.0193653836469053,-0.999812473374986,0.));
#8994=DIRECTION('center_axis',(0.,0.,-1.));
#8995=DIRECTION('ref_axis',(-0.999998996978381,-0.00141634820326735,0.));
#8996=DIRECTION('',(0.,0.,-1.));
#8997=DIRECTION('center_axis',(0.989724362225352,-0.142988414976949,0.));
#8998=DIRECTION('ref_axis',(-0.142988414976949,-0.989724362225352,0.));
#8999=DIRECTION('',(0.,0.,-1.));
#9000=DIRECTION('center_axis',(0.,0.,-1.));
#9001=DIRECTION('ref_axis',(-0.986725104052521,0.162399412044937,0.));
#9002=DIRECTION('',(0.,0.,-1.));
#9003=DIRECTION('center_axis',(0.946922078570201,-0.321463181587394,0.));
#9004=DIRECTION('ref_axis',(-0.321463181587394,-0.946922078570201,0.));
#9005=DIRECTION('',(0.,0.,-1.));
#9006=DIRECTION('center_axis',(0.920938678003457,-0.38970752027289,0.));
#9007=DIRECTION('ref_axis',(-0.38970752027289,-0.920938678003457,0.));
#9008=DIRECTION('',(0.,0.,-1.));
#9009=DIRECTION('center_axis',(0.,0.,-1.));
#9010=DIRECTION('ref_axis',(-0.902198882321881,0.431320271651065,0.));
#9011=DIRECTION('',(0.,0.,-1.));
#9012=DIRECTION('center_axis',(0.692605544684006,-0.721316545958133,0.));
#9013=DIRECTION('ref_axis',(-0.721316545958133,-0.692605544684006,0.));
#9014=DIRECTION('',(0.,0.,-1.));
#9015=DIRECTION('center_axis',(0.618144006854713,-0.786064874415337,0.));
#9016=DIRECTION('ref_axis',(-0.786064874415337,-0.618144006854713,0.));
#9017=DIRECTION('',(0.,0.,-1.));
#9018=DIRECTION('center_axis',(0.540513742663995,-0.841335185280731,0.));
#9019=DIRECTION('ref_axis',(-0.84133518528073,-0.540513742663994,0.));
#9020=DIRECTION('',(0.,0.,-1.));
#9021=DIRECTION('center_axis',(0.461616862705109,-0.887079405727747,0.));
#9022=DIRECTION('ref_axis',(-0.887079405727747,-0.461616862705109,0.));
#9023=DIRECTION('',(0.,0.,-1.));
#9024=DIRECTION('center_axis',(0.383036736262077,-0.923733110088458,0.));
#9025=DIRECTION('ref_axis',(-0.923733110088458,-0.383036736262077,0.));
#9026=DIRECTION('',(0.,0.,-1.));
#9027=DIRECTION('center_axis',(0.305895744591572,-0.952065015343368,0.));
#9028=DIRECTION('ref_axis',(-0.952065015343368,-0.305895744591572,0.));
#9029=DIRECTION('',(0.,0.,-1.));
#9030=DIRECTION('center_axis',(0.230789654184211,-0.973003666756468,0.));
#9031=DIRECTION('ref_axis',(-0.973003666756468,-0.230789654184211,0.));
#9032=DIRECTION('',(0.,0.,-1.));
#9033=DIRECTION('center_axis',(0.15770175168526,-0.987486788527017,0.));
#9034=DIRECTION('ref_axis',(-0.987486788527016,-0.15770175168526,0.));
#9035=DIRECTION('',(0.,0.,-1.));
#9036=DIRECTION('center_axis',(0.0862579671524963,-0.996272835674404,0.));
#9037=DIRECTION('ref_axis',(-0.996272835674404,-0.0862579671524963,0.));
#9038=DIRECTION('',(0.,0.,-1.));
#9039=DIRECTION('center_axis',(0.0299936828555379,-0.999550088284105,0.));
#9040=DIRECTION('ref_axis',(-0.999550088284105,-0.0299936828555379,0.));
#9041=DIRECTION('',(0.,0.,-1.));
#9042=DIRECTION('center_axis',(0.,-1.,0.));
#9043=DIRECTION('ref_axis',(-1.,0.,0.));
#9044=DIRECTION('',(0.,0.,-1.));
#9045=DIRECTION('center_axis',(-0.0299936828555379,-0.999550088284105,0.));
#9046=DIRECTION('ref_axis',(-0.999550088284105,0.0299936828555379,0.));
#9047=DIRECTION('',(0.,0.,1.));
#9048=DIRECTION('center_axis',(-0.0862579671525227,-0.996272835674402,0.));
#9049=DIRECTION('ref_axis',(-0.996272835674402,0.0862579671525227,0.));
#9050=DIRECTION('center_axis',(0.,1.,0.));
#9051=DIRECTION('ref_axis',(1.,0.,0.));
#9052=DIRECTION('',(0.,0.,1.));
#9053=DIRECTION('',(0.,0.,-1.));
#9054=DIRECTION('center_axis',(-0.989724291602626,0.142988903806133,0.));
#9055=DIRECTION('ref_axis',(0.142988903806133,0.989724291602626,0.));
#9056=DIRECTION('',(0.,0.,-1.));
#9057=DIRECTION('',(0.,0.,-1.));
#9058=DIRECTION('center_axis',(-0.0299936828555904,0.999550088284103,0.));
#9059=DIRECTION('ref_axis',(0.999550088284103,0.0299936828555904,0.));
#9060=DIRECTION('',(0.,0.,-1.));
#9061=DIRECTION('center_axis',(-0.0862579671524947,0.996272835674405,0.));
#9062=DIRECTION('ref_axis',(0.996272835674405,0.0862579671524947,0.));
#9063=DIRECTION('',(0.,0.,-1.));
#9064=DIRECTION('center_axis',(-0.157701751685252,0.987486788527018,0.));
#9065=DIRECTION('ref_axis',(0.987486788527018,0.157701751685252,0.));
#9066=DIRECTION('',(0.,0.,-1.));
#9067=DIRECTION('center_axis',(-0.23078965418421,0.973003666756469,0.));
#9068=DIRECTION('ref_axis',(0.973003666756469,0.23078965418421,0.));
#9069=DIRECTION('',(0.,0.,-1.));
#9070=DIRECTION('center_axis',(-0.305895744591564,0.952065015343371,0.));
#9071=DIRECTION('ref_axis',(0.952065015343371,0.305895744591564,0.));
#9072=DIRECTION('',(0.,0.,-1.));
#9073=DIRECTION('center_axis',(-0.383036736262088,0.923733110088454,0.));
#9074=DIRECTION('ref_axis',(0.923733110088454,0.383036736262088,0.));
#9075=DIRECTION('',(0.,0.,-1.));
#9076=DIRECTION('center_axis',(-0.461616862705101,0.887079405727751,0.));
#9077=DIRECTION('ref_axis',(0.887079405727751,0.461616862705101,0.));
#9078=DIRECTION('',(0.,0.,-1.));
#9079=DIRECTION('center_axis',(-0.54051374266401,0.84133518528072,0.));
#9080=DIRECTION('ref_axis',(0.84133518528072,0.54051374266401,0.));
#9081=DIRECTION('',(0.,0.,-1.));
#9082=DIRECTION('center_axis',(-0.618144006854704,0.786064874415345,0.));
#9083=DIRECTION('ref_axis',(0.786064874415345,0.618144006854704,0.));
#9084=DIRECTION('',(0.,0.,-1.));
#9085=DIRECTION('center_axis',(-0.692605544684224,0.721316545957924,0.));
#9086=DIRECTION('ref_axis',(0.721316545957924,0.692605544684224,0.));
#9087=DIRECTION('',(0.,0.,-1.));
#9088=DIRECTION('center_axis',(0.,0.,-1.));
#9089=DIRECTION('ref_axis',(-0.904952963812598,0.425511613574524,0.));
#9090=DIRECTION('',(0.,0.,-1.));
#9091=DIRECTION('center_axis',(-0.920938678003389,0.389707520273051,0.));
#9092=DIRECTION('ref_axis',(0.389707520273051,0.920938678003389,0.));
#9093=DIRECTION('',(0.,0.,-1.));
#9094=DIRECTION('center_axis',(-0.946922078570087,0.32146318158773,0.));
#9095=DIRECTION('ref_axis',(0.32146318158773,0.946922078570087,0.));
#9096=DIRECTION('',(0.,0.,-1.));
#9097=DIRECTION('center_axis',(0.,0.,-1.));
#9098=DIRECTION('ref_axis',(-0.987100395780102,0.160102494205327,0.));
#9099=DIRECTION('center_axis',(0.,0.,-1.));
#9100=DIRECTION('ref_axis',(-0.999999167167062,-0.00129060651690254,0.));
#9101=DIRECTION('',(0.,0.,-1.));
#9102=DIRECTION('center_axis',(-0.999812473374986,-0.019365383646938,0.));
#9103=DIRECTION('ref_axis',(-0.019365383646938,0.999812473374986,0.));
#9104=DIRECTION('',(0.,0.,-1.));
#9105=DIRECTION('',(0.,0.,-1.));
#9106=DIRECTION('center_axis',(-0.998241415326936,-0.0592796484982472,0.));
#9107=DIRECTION('ref_axis',(-0.0592796484982472,0.998241415326936,0.));
#9108=DIRECTION('',(0.,0.,-1.));
#9109=DIRECTION('center_axis',(0.,0.,-1.));
#9110=DIRECTION('ref_axis',(-0.977503569743211,-0.210918873359591,0.));
#9111=DIRECTION('',(0.,0.,-1.));
#9112=DIRECTION('center_axis',(-0.972976601427052,-0.230903731185668,0.));
#9113=DIRECTION('ref_axis',(-0.230903731185668,0.972976601427052,0.));
#9114=DIRECTION('',(0.,0.,-1.));
#9115=DIRECTION('center_axis',(0.,0.,-1.));
#9116=DIRECTION('ref_axis',(-0.897265800546014,-0.441490750945611,0.));
#9117=DIRECTION('',(0.,0.,-1.));
#9118=DIRECTION('center_axis',(-0.877325169369908,-0.479896392141118,0.));
#9119=DIRECTION('ref_axis',(-0.479896392141118,0.877325169369908,0.));
#9120=DIRECTION('',(0.,0.,-1.));
#9121=DIRECTION('center_axis',(0.,0.,-1.));
#9122=DIRECTION('ref_axis',(-0.647947876976324,-0.761684678014383,0.));
#9123=DIRECTION('',(0.,0.,-1.));
#9124=DIRECTION('center_axis',(-0.618144006854735,-0.78606487441532,0.));
#9125=DIRECTION('ref_axis',(-0.78606487441532,0.618144006854735,0.));
#9126=DIRECTION('',(0.,0.,-1.));
#9127=DIRECTION('center_axis',(-0.54051374266401,-0.84133518528072,0.));
#9128=DIRECTION('ref_axis',(-0.84133518528072,0.54051374266401,0.));
#9129=DIRECTION('',(0.,0.,-1.));
#9130=DIRECTION('center_axis',(-0.46161686270506,-0.887079405727772,0.));
#9131=DIRECTION('ref_axis',(-0.887079405727772,0.46161686270506,0.));
#9132=DIRECTION('',(0.,0.,-1.));
#9133=DIRECTION('center_axis',(-0.383036736262107,-0.923733110088446,0.));
#9134=DIRECTION('ref_axis',(-0.923733110088446,0.383036736262107,0.));
#9135=DIRECTION('',(0.,0.,-1.));
#9136=DIRECTION('center_axis',(-0.30589574459158,-0.952065015343366,0.));
#9137=DIRECTION('ref_axis',(-0.952065015343366,0.30589574459158,0.));
#9138=DIRECTION('',(0.,0.,-1.));
#9139=DIRECTION('center_axis',(-0.230789654184218,-0.973003666756467,0.));
#9140=DIRECTION('ref_axis',(-0.973003666756467,0.230789654184218,0.));
#9141=DIRECTION('',(0.,0.,-1.));
#9142=DIRECTION('center_axis',(-0.157701751685258,-0.987486788527017,0.));
#9143=DIRECTION('ref_axis',(-0.987486788527017,0.157701751685258,0.));
#9144=DIRECTION('',(0.,0.,-1.));
#9145=DIRECTION('center_axis',(-0.0862579671525218,-0.996272835674402,0.));
#9146=DIRECTION('ref_axis',(-0.996272835674402,0.0862579671525218,0.));
#9147=DIRECTION('',(0.,0.,-1.));
#9148=DIRECTION('center_axis',(-0.0299936828550705,-0.999550088284119,0.));
#9149=DIRECTION('ref_axis',(-0.999550088284119,0.0299936828550705,0.));
#9150=DIRECTION('',(0.,0.,-1.));
#9151=DIRECTION('center_axis',(-1.,0.,0.));
#9152=DIRECTION('ref_axis',(0.,1.,0.));
#9153=DIRECTION('center_axis',(-0.000662253375901557,-0.999999780710209,
0.));
#9154=DIRECTION('ref_axis',(-0.999999780710209,0.000662253375901557,0.));
#9155=DIRECTION('',(0.,0.,-1.));
#9156=DIRECTION('center_axis',(0.0193653836468586,-0.999812473374987,0.));
#9157=DIRECTION('ref_axis',(-0.999812473374987,-0.0193653836468586,0.));
#9158=DIRECTION('',(0.,0.,-1.));
#9159=DIRECTION('center_axis',(0.0592796486087459,-0.998241415320374,0.));
#9160=DIRECTION('ref_axis',(-0.998241415320374,-0.0592796486087459,0.));
#9161=DIRECTION('',(0.,0.,-1.));
#9162=DIRECTION('center_axis',(0.,0.,-1.));
#9163=DIRECTION('ref_axis',(0.210918873349166,-0.97750356974546,0.));
#9164=DIRECTION('',(0.,0.,-1.));
#9165=DIRECTION('center_axis',(0.230903731189999,-0.972976601426024,0.));
#9166=DIRECTION('ref_axis',(-0.972976601426024,-0.230903731189999,0.));
#9167=DIRECTION('',(0.,0.,-1.));
#9168=DIRECTION('center_axis',(0.,0.,-1.));
#9169=DIRECTION('ref_axis',(0.441490750935002,-0.897265800551235,0.));
#9170=DIRECTION('',(0.,0.,-1.));
#9171=DIRECTION('center_axis',(0.479896392160482,-0.877325169359317,0.));
#9172=DIRECTION('ref_axis',(-0.877325169359316,-0.479896392160482,0.));
#9173=DIRECTION('',(0.,0.,-1.));
#9174=DIRECTION('center_axis',(0.,0.,-1.));
#9175=DIRECTION('ref_axis',(0.761684678004479,-0.647947876987966,0.));
#9176=DIRECTION('',(0.,0.,-1.));
#9177=DIRECTION('center_axis',(0.786064874414905,-0.618144006855263,0.));
#9178=DIRECTION('ref_axis',(-0.618144006855263,-0.786064874414905,0.));
#9179=DIRECTION('',(0.,0.,-1.));
#9180=DIRECTION('center_axis',(0.841335185280658,-0.540513742664107,0.));
#9181=DIRECTION('ref_axis',(-0.540513742664107,-0.841335185280658,0.));
#9182=DIRECTION('',(0.,0.,-1.));
#9183=DIRECTION('center_axis',(0.887079405727785,-0.461616862705036,0.));
#9184=DIRECTION('ref_axis',(-0.461616862705036,-0.887079405727785,0.));
#9185=DIRECTION('',(0.,0.,-1.));
#9186=DIRECTION('center_axis',(0.923733110088467,-0.383036736262055,0.));
#9187=DIRECTION('ref_axis',(-0.383036736262055,-0.923733110088467,0.));
#9188=DIRECTION('',(0.,0.,-1.));
#9189=DIRECTION('center_axis',(0.952065015343351,-0.305895744591626,0.));
#9190=DIRECTION('ref_axis',(-0.305895744591626,-0.952065015343351,0.));
#9191=DIRECTION('',(0.,0.,-1.));
#9192=DIRECTION('center_axis',(0.973003666756477,-0.230789654184175,0.));
#9193=DIRECTION('ref_axis',(-0.230789654184175,-0.973003666756477,0.));
#9194=DIRECTION('',(0.,0.,-1.));
#9195=DIRECTION('center_axis',(0.987486788527002,-0.157701751685348,0.));
#9196=DIRECTION('ref_axis',(-0.157701751685348,-0.987486788527002,0.));
#9197=DIRECTION('',(0.,0.,-1.));
#9198=DIRECTION('center_axis',(0.996272835674412,-0.0862579671524053,0.));
#9199=DIRECTION('ref_axis',(-0.0862579671524053,-0.996272835674412,0.));
#9200=DIRECTION('',(0.,0.,-1.));
#9201=DIRECTION('center_axis',(0.999550088284108,-0.0299936828554322,0.));
#9202=DIRECTION('ref_axis',(-0.0299936828554322,-0.999550088284108,0.));
#9203=DIRECTION('',(0.,0.,-1.));
#9204=DIRECTION('center_axis',(1.,0.,0.));
#9205=DIRECTION('ref_axis',(0.,-1.,0.));
#9206=DIRECTION('',(0.,0.,-1.));
#9207=DIRECTION('center_axis',(0.999812473374987,0.0193653836468863,0.));
#9208=DIRECTION('ref_axis',(0.0193653836468863,-0.999812473374987,0.));
#9209=DIRECTION('',(0.,0.,-1.));
#9210=DIRECTION('center_axis',(0.998241415325309,0.0592796485256489,0.));
#9211=DIRECTION('ref_axis',(0.0592796485256489,-0.998241415325309,0.));
#9212=DIRECTION('',(0.,0.,-1.));
#9213=DIRECTION('center_axis',(0.,0.,-1.));
#9214=DIRECTION('ref_axis',(0.97750356974594,0.210918873346942,0.));
#9215=DIRECTION('',(0.,0.,-1.));
#9216=DIRECTION('center_axis',(0.972976601435698,0.230903731149235,0.));
#9217=DIRECTION('ref_axis',(0.230903731149235,-0.972976601435698,0.));
#9218=DIRECTION('',(0.,0.,-1.));
#9219=DIRECTION('center_axis',(0.,0.,-1.));
#9220=DIRECTION('ref_axis',(0.897265800557357,0.44149075092256,0.));
#9221=DIRECTION('',(0.,0.,-1.));
#9222=DIRECTION('center_axis',(0.877325169397567,0.479896392090553,0.));
#9223=DIRECTION('ref_axis',(0.479896392090553,-0.877325169397567,0.));
#9224=DIRECTION('',(0.,0.,-1.));
#9225=DIRECTION('center_axis',(0.,0.,-1.));
#9226=DIRECTION('ref_axis',(0.647947876982729,0.761684678008934,0.));
#9227=DIRECTION('',(0.,0.,-1.));
#9228=DIRECTION('center_axis',(0.618144006854197,0.786064874415743,0.));
#9229=DIRECTION('ref_axis',(0.786064874415743,-0.618144006854197,0.));
#9230=DIRECTION('',(0.,0.,-1.));
#9231=DIRECTION('center_axis',(0.540513742664015,0.841335185280717,0.));
#9232=DIRECTION('ref_axis',(0.841335185280717,-0.540513742664015,0.));
#9233=DIRECTION('',(0.,0.,-1.));
#9234=DIRECTION('center_axis',(0.461616862705124,0.887079405727739,0.));
#9235=DIRECTION('ref_axis',(0.887079405727739,-0.461616862705124,0.));
#9236=DIRECTION('',(0.,0.,-1.));
#9237=DIRECTION('center_axis',(0.383036736262053,0.923733110088468,0.));
#9238=DIRECTION('ref_axis',(0.923733110088468,-0.383036736262053,0.));
#9239=DIRECTION('',(0.,0.,-1.));
#9240=DIRECTION('center_axis',(0.305895744591577,0.952065015343367,0.));
#9241=DIRECTION('ref_axis',(0.952065015343367,-0.305895744591577,0.));
#9242=DIRECTION('',(0.,0.,-1.));
#9243=DIRECTION('center_axis',(0.230789654184207,0.973003666756469,0.));
#9244=DIRECTION('ref_axis',(0.973003666756469,-0.230789654184207,0.));
#9245=DIRECTION('',(0.,0.,-1.));
#9246=DIRECTION('center_axis',(0.157701751685257,0.987486788527017,0.));
#9247=DIRECTION('ref_axis',(0.987486788527017,-0.157701751685257,0.));
#9248=DIRECTION('',(0.,0.,-1.));
#9249=DIRECTION('center_axis',(0.0862579671524861,0.996272835674405,0.));
#9250=DIRECTION('ref_axis',(0.996272835674405,-0.0862579671524861,0.));
#9251=DIRECTION('',(0.,0.,-1.));
#9252=DIRECTION('center_axis',(0.0299936828555904,0.999550088284103,0.));
#9253=DIRECTION('ref_axis',(0.999550088284103,-0.0299936828555904,0.));
#9254=DIRECTION('axis',(0.,0.,1.));
#9255=DIRECTION('refdir',(1.,0.,0.));
#9256=DIRECTION('center_axis',(0.707106781186547,5.70942712248645E-16,-0.707106781186548));
#9257=DIRECTION('ref_axis',(-0.707106781186548,0.,-0.707106781186547));
#9258=DIRECTION('',(-0.707106781186548,0.,-0.707106781186547));
#9259=DIRECTION('',(8.07434927000114E-16,-1.,9.88822598870467E-32));
#9260=DIRECTION('',(0.707106781186548,0.,0.707106781186547));
#9261=DIRECTION('',(-8.07434927000114E-16,1.,-9.88822598870467E-32));
#9262=DIRECTION('center_axis',(-1.,-8.07434927000114E-16,-1.22464679914735E-16));
#9263=DIRECTION('ref_axis',(-1.22464679914735E-16,0.,1.));
#9264=DIRECTION('',(1.22464679914735E-16,0.,-1.));
#9265=DIRECTION('',(-8.07434927000114E-16,1.,-9.88822598870467E-32));
#9266=DIRECTION('',(-1.22464679914735E-16,0.,1.));
#9267=DIRECTION('center_axis',(-0.707106781186547,0.,-0.707106781186548));
#9268=DIRECTION('ref_axis',(-0.707106781186548,0.,0.707106781186547));
#9269=DIRECTION('',(0.707106781186548,0.,-0.707106781186547));
#9270=DIRECTION('',(0.,1.,0.));
#9271=DIRECTION('',(-0.707106781186548,0.,0.707106781186547));
#9272=DIRECTION('',(0.,-1.,0.));
#9273=DIRECTION('center_axis',(1.,0.,1.22464679914735E-16));
#9274=DIRECTION('ref_axis',(0.,1.,0.));
#9275=DIRECTION('',(-1.22464679914735E-16,0.,1.));
#9276=DIRECTION('',(0.,-1.,0.));
#9277=DIRECTION('',(-1.22464679914735E-16,0.,1.));
#9278=DIRECTION('center_axis',(8.65956056235494E-17,-0.707106781186547,
-0.707106781186548));
#9279=DIRECTION('ref_axis',(-1.,0.,-1.22464679914735E-16));
#9280=DIRECTION('',(8.65956056235492E-17,0.707106781186548,-0.707106781186547));
#9281=DIRECTION('',(-1.,0.,-1.22464679914735E-16));
#9282=DIRECTION('',(-8.65956056235492E-17,-0.707106781186548,0.707106781186547));
#9283=DIRECTION('',(1.,0.,1.22464679914735E-16));
#9284=DIRECTION('center_axis',(0.,1.,0.));
#9285=DIRECTION('ref_axis',(-1.,0.,-1.22464679914735E-16));
#9286=DIRECTION('',(-1.22464679914735E-16,0.,1.));
#9287=DIRECTION('',(1.,0.,1.22464679914735E-16));
#9288=DIRECTION('',(1.22464679914735E-16,0.,-1.));
#9289=DIRECTION('center_axis',(1.,0.,1.22464679914735E-16));
#9290=DIRECTION('ref_axis',(1.22464679914735E-16,0.,-1.));
#9291=DIRECTION('',(0.,1.,0.));
#9292=DIRECTION('',(1.22464679914735E-16,0.,-1.));
#9293=DIRECTION('',(0.,-1.,0.));
#9294=DIRECTION('',(-1.22464679914735E-16,0.,1.));
#9295=DIRECTION('center_axis',(0.,1.,0.));
#9296=DIRECTION('ref_axis',(-1.,0.,-1.22464679914735E-16));
#9297=DIRECTION('',(1.,0.,1.22464679914735E-16));
#9298=DIRECTION('',(1.,0.,1.22464679914735E-16));
#9299=DIRECTION('center_axis',(0.,1.,0.));
#9300=DIRECTION('ref_axis',(1.22464679914735E-16,0.,-1.));
#9301=DIRECTION('',(-1.22464679914735E-16,0.,1.));
#9302=DIRECTION('',(1.,0.,1.22464679914735E-16));
#9303=DIRECTION('',(-1.22464679914735E-16,0.,1.));
#9304=DIRECTION('',(-1.,0.,-1.22464679914735E-16));
#9305=DIRECTION('center_axis',(0.,1.,0.));
#9306=DIRECTION('ref_axis',(1.22464679914735E-16,0.,-1.));
#9307=DIRECTION('',(1.22464679914735E-16,0.,-1.));
#9308=DIRECTION('',(-1.,0.,-1.22464679914735E-16));
#9309=DIRECTION('',(1.22464679914735E-16,0.,-1.));
#9310=DIRECTION('',(1.,0.,1.22464679914735E-16));
#9311=DIRECTION('',(-1.22464679914735E-16,0.,1.));
#9312=DIRECTION('',(1.,0.,1.22464679914735E-16));
#9313=DIRECTION('',(1.22464679914735E-16,0.,-1.));
#9314=DIRECTION('',(1.,0.,1.22464679914735E-16));
#9315=DIRECTION('center_axis',(-1.,0.,-1.22464679914735E-16));
#9316=DIRECTION('ref_axis',(-1.22464679914735E-16,0.,1.));
#9317=DIRECTION('',(0.,-1.,0.));
#9318=DIRECTION('',(-1.22464679914735E-16,0.,1.));
#9319=DIRECTION('',(0.,1.,0.));
#9320=DIRECTION('center_axis',(0.,-1.,0.));
#9321=DIRECTION('ref_axis',(-1.22464679914735E-16,0.,1.));
#9322=DIRECTION('',(1.,0.,1.22464679914735E-16));
#9323=DIRECTION('',(1.22464679914735E-16,0.,-1.));
#9324=DIRECTION('',(-1.,0.,-1.22464679914735E-16));
#9325=DIRECTION('',(1.22464679914735E-16,0.,-1.));
#9326=DIRECTION('center_axis',(1.,0.,1.22464679914735E-16));
#9327=DIRECTION('ref_axis',(1.22464679914735E-16,0.,-1.));
#9328=DIRECTION('',(0.,-1.,0.));
#9329=DIRECTION('',(1.22464679914735E-16,0.,-1.));
#9330=DIRECTION('',(0.,-1.,0.));
#9331=DIRECTION('center_axis',(0.,-1.,0.));
#9332=DIRECTION('ref_axis',(-1.22464679914735E-16,0.,1.));
#9333=DIRECTION('',(1.,0.,1.22464679914735E-16));
#9334=DIRECTION('',(-1.22464679914735E-16,0.,1.));
#9335=DIRECTION('',(-1.,0.,-1.22464679914735E-16));
#9336=DIRECTION('center_axis',(-0.707106781186551,0.,-0.707106781186544));
#9337=DIRECTION('ref_axis',(-0.707106781186544,0.,0.707106781186551));
#9338=DIRECTION('',(0.707106781186544,0.,-0.707106781186551));
#9339=DIRECTION('',(0.,1.,0.));
#9340=DIRECTION('',(-0.707106781186544,0.,0.707106781186551));
#9341=DIRECTION('',(0.,-1.,0.));
#9342=DIRECTION('center_axis',(-1.,0.,-1.22464679914735E-16));
#9343=DIRECTION('ref_axis',(-1.22464679914735E-16,0.,1.));
#9344=DIRECTION('',(-1.22464679914735E-16,0.,1.));
#9345=DIRECTION('',(0.,-1.,0.));
#9346=DIRECTION('',(1.22464679914735E-16,0.,-1.));
#9347=DIRECTION('center_axis',(-0.707106781186551,0.,-0.707106781186544));
#9348=DIRECTION('ref_axis',(-0.707106781186544,0.,0.707106781186551));
#9349=DIRECTION('',(0.707106781186544,0.,-0.707106781186551));
#9350=DIRECTION('',(0.,1.,0.));
#9351=DIRECTION('',(-0.707106781186544,0.,0.707106781186551));
#9352=DIRECTION('',(0.,-1.,0.));
#9353=DIRECTION('center_axis',(-1.,0.,-1.22464679914735E-16));
#9354=DIRECTION('ref_axis',(-1.22464679914735E-16,0.,1.));
#9355=DIRECTION('',(-1.22464679914735E-16,0.,1.));
#9356=DIRECTION('',(0.,-1.,0.));
#9357=DIRECTION('',(1.22464679914735E-16,0.,-1.));
#9358=DIRECTION('center_axis',(0.,-1.,0.));
#9359=DIRECTION('ref_axis',(1.,0.,1.22464679914735E-16));
#9360=DIRECTION('',(1.,0.,1.22464679914735E-16));
#9361=DIRECTION('',(-1.22464679914735E-16,0.,1.));
#9362=DIRECTION('',(-1.,0.,-1.22464679914735E-16));
#9363=DIRECTION('',(-1.22464679914735E-16,0.,1.));
#9364=DIRECTION('',(1.,0.,1.22464679914735E-16));
#9365=DIRECTION('center_axis',(0.,-1.,0.));
#9366=DIRECTION('ref_axis',(1.,0.,1.22464679914735E-16));
#9367=DIRECTION('',(1.,0.,1.22464679914735E-16));
#9368=DIRECTION('',(-1.22464679914735E-16,0.,1.));
#9369=DIRECTION('',(-1.,0.,-1.22464679914735E-16));
#9370=DIRECTION('',(-1.22464679914735E-16,0.,1.));
#9371=DIRECTION('',(1.,0.,1.22464679914735E-16));
#9372=DIRECTION('center_axis',(0.,1.,0.));
#9373=DIRECTION('ref_axis',(-1.,0.,-1.22464679914735E-16));
#9374=DIRECTION('',(1.,0.,1.22464679914735E-16));
#9375=DIRECTION('',(-1.,0.,-1.22464679914735E-16));
#9376=DIRECTION('center_axis',(0.,1.,0.));
#9377=DIRECTION('ref_axis',(-1.,0.,-1.22464679914735E-16));
#9378=DIRECTION('',(1.,0.,1.22464679914735E-16));
#9379=DIRECTION('',(-1.22464679914735E-16,0.,1.));
#9380=DIRECTION('',(1.,0.,1.22464679914735E-16));
#9381=DIRECTION('',(1.22464679914735E-16,0.,-1.));
#9382=DIRECTION('',(-1.,0.,-1.22464679914735E-16));
#9383=DIRECTION('center_axis',(-1.,0.,-1.22464679914735E-16));
#9384=DIRECTION('ref_axis',(-1.22464679914735E-16,0.,1.));
#9385=DIRECTION('',(1.22464679914735E-16,0.,-1.));
#9386=DIRECTION('',(0.,1.,0.));
#9387=DIRECTION('',(-1.22464679914735E-16,0.,1.));
#9388=DIRECTION('',(0.,-1.,0.));
#9389=DIRECTION('center_axis',(1.22464679914735E-16,0.,-1.));
#9390=DIRECTION('ref_axis',(1.,0.,1.22464679914735E-16));
#9391=DIRECTION('',(-1.,0.,-1.22464679914735E-16));
#9392=DIRECTION('',(1.,0.,1.22464679914735E-16));
#9393=DIRECTION('',(0.,1.,0.));
#9394=DIRECTION('center_axis',(-1.22464679914735E-16,0.,1.));
#9395=DIRECTION('ref_axis',(0.992805156940005,0.119741055420984,1.21583565762356E-16));
#9396=DIRECTION('',(-0.142988457220607,0.989724356122284,-1.75110356450235E-17));
#9397=DIRECTION('center_axis',(-1.22464679914735E-16,0.,1.));
#9398=DIRECTION('ref_axis',(0.954658786736389,0.29770220171676,1.16911982745461E-16));
#9399=DIRECTION('',(-0.321463181587394,0.946922078570201,-3.93678856374726E-17));
#9400=DIRECTION('',(-0.38970752027289,0.920938678003457,-4.77254067305847E-17));
#9401=DIRECTION('center_axis',(-1.22464679914735E-16,0.,1.));
#9402=DIRECTION('ref_axis',(0.726334266953944,0.687341641869949,8.89502935136187E-17));
#9403=DIRECTION('',(-0.721316545958133,0.692605544684006,-8.83357999179652E-17));
#9404=DIRECTION('',(-0.786064874415337,0.618144006854713,-9.62651832374909E-17));
#9405=DIRECTION('',(-0.84133518528073,0.540513742663994,-1.03033844166409E-16));
#9406=DIRECTION('',(-0.887079405727747,0.461616862705109,-1.08635895481402E-16));
#9407=DIRECTION('',(-0.923733110088458,0.383036736262077,-1.13124679653626E-16));
#9408=DIRECTION('',(-0.952065015343368,0.305895744591572,-1.16594337362043E-16));
#9409=DIRECTION('',(-0.973003666756468,0.230789654184211,-1.19158582605195E-16));
#9410=DIRECTION('',(-0.987486788527016,0.15770175168526,-1.20932253476991E-16));
#9411=DIRECTION('',(-0.996272835674404,0.0862579671524963,-1.22008233928612E-16));
#9412=DIRECTION('',(-0.999550088284105,0.0299936828555379,-1.22409581620458E-16));
#9413=DIRECTION('',(-1.,0.,-1.22464679914735E-16));
#9414=DIRECTION('',(-0.999550088284105,-0.0299936828555379,-1.22409581620458E-16));
#9415=DIRECTION('',(-0.996272835674402,-0.0862579671525227,-1.22008233928611E-16));
#9416=DIRECTION('',(-0.98748678852702,-0.157701751685242,-1.20932253476991E-16));
#9417=DIRECTION('',(-0.973003666756472,-0.230789654184195,-1.19158582605195E-16));
#9418=DIRECTION('',(-0.952065015343363,-0.305895744591587,-1.16594337362043E-16));
#9419=DIRECTION('',(-0.923733110088467,-0.383036736262057,-1.13124679653627E-16));
#9420=DIRECTION('',(-0.887079405727737,-0.461616862705127,-1.08635895481401E-16));
#9421=DIRECTION('',(-0.841335185280727,-0.540513742664001,-1.03033844166409E-16));
#9422=DIRECTION('',(-0.786064874415665,-0.618144006854297,-9.6265183237531E-17));
#9423=DIRECTION('center_axis',(-1.22464679914735E-16,0.,1.));
#9424=DIRECTION('ref_axis',(-0.853046094155596,0.521835569165118,-1.0446801687328E-16));
#9425=DIRECTION('',(-0.479896392091044,-0.877325169397299,-5.87703580496661E-17));
#9426=DIRECTION('center_axis',(-1.22464679914735E-16,0.,1.));
#9427=DIRECTION('ref_axis',(-0.968339368857275,0.24963747058704,-1.18587370855943E-16));
#9428=DIRECTION('',(-0.23090373114955,-0.972976601435623,-2.82775515263478E-17));
#9429=DIRECTION('center_axis',(-1.22464679914735E-16,0.,1.));
#9430=DIRECTION('ref_axis',(-0.997091230984951,0.0762173017950312,-1.22108458448361E-16));
#9431=DIRECTION('',(-0.0592796485248824,-0.998241415325354,-7.25966318205773E-18));
#9432=DIRECTION('',(-0.0193653836469163,-0.999812473374986,-2.37157550974565E-18));
#9433=DIRECTION('',(0.,-1.,0.));
#9434=DIRECTION('',(0.0299936828554472,-0.999550088284107,3.67316677035642E-18));
#9435=DIRECTION('',(0.0862579671524742,-0.996272835674406,1.05635543374235E-17));
#9436=DIRECTION('',(0.157701751685282,-0.987486788527013,1.93128945421312E-17));
#9437=DIRECTION('',(0.230789654184203,-0.97300366675647,2.82635811273009E-17));
#9438=DIRECTION('',(0.305895744591634,-0.952065015343348,3.74614244486941E-17));
#9439=DIRECTION('',(0.383036736261969,-0.923733110088503,4.6908471301907E-17));
#9440=DIRECTION('',(0.461616862705097,-0.887079405727753,5.6531761334424E-17));
#9441=DIRECTION('',(0.540513742664093,-0.841335185280667,6.61938424848738E-17));
#9442=DIRECTION('',(0.618144006855011,-0.786064874415104,7.57008079407109E-17));
#9443=DIRECTION('center_axis',(-1.22464679914735E-16,0.,1.));
#9444=DIRECTION('ref_axis',(-0.521835569280966,-0.853046094084728,-6.39064259601171E-17));
#9445=DIRECTION('',(0.877325169358797,-0.479896392161431,1.07441346046666E-16));
#9446=DIRECTION('center_axis',(-1.22464679914735E-16,0.,1.));
#9447=DIRECTION('ref_axis',(-0.249637470695068,-0.968339368829425,-3.05717729433956E-17));
#9448=DIRECTION('',(0.972976601423706,-0.230903731199768,1.19155268057881E-16));
#9449=DIRECTION('center_axis',(-1.22464679914735E-16,0.,1.));
#9450=DIRECTION('ref_axis',(-0.0762173020332842,-0.997091230966739,-9.33392749747085E-18));
#9451=DIRECTION('',(0.998241415320118,-0.0592796486130603,1.22249315404811E-16));
#9452=DIRECTION('',(0.999812473374988,-0.0193653836468416,1.22441714526628E-16));
#9453=DIRECTION('',(0.999999780710209,0.000662253375901568,1.22464653059481E-16));
#9454=DIRECTION('',(0.999550088284118,0.0299936828550832,1.2240958162046E-16));
#9455=DIRECTION('',(0.9962728356744,0.0862579671525474,1.22008233928611E-16));
#9456=DIRECTION('',(0.987486788527018,0.157701751685251,1.20932253476991E-16));
#9457=DIRECTION('',(0.973003666756468,0.230789654184214,1.19158582605195E-16));
#9458=DIRECTION('',(0.952065015343368,0.305895744591571,1.16594337362043E-16));
#9459=DIRECTION('',(0.923733110088452,0.383036736262094,1.13124679653625E-16));
#9460=DIRECTION('',(0.887079405727761,0.461616862705081,1.08635895481404E-16));
#9461=DIRECTION('',(0.841335185280731,0.540513742663994,1.03033844166409E-16));
#9462=DIRECTION('',(0.786064874415229,0.618144006854851,9.62651832374777E-17));
#9463=DIRECTION('center_axis',(-1.22464679914735E-16,0.,1.));
#9464=DIRECTION('ref_axis',(0.85304609405099,-0.521835569336117,1.0446801686047E-16));
#9465=DIRECTION('',(0.479896392140282,0.877325169370366,5.87703580556959E-17));
#9466=DIRECTION('center_axis',(-1.22464679914735E-16,0.,1.));
#9467=DIRECTION('ref_axis',(0.96833936878752,-0.249637470857615,1.18587370847401E-16));
#9468=DIRECTION('',(0.230903731185793,0.972976601427023,2.82775515307862E-17));
#9469=DIRECTION('center_axis',(-1.22464679914735E-16,0.,1.));
#9470=DIRECTION('ref_axis',(0.997091230983669,-0.0762173018118052,1.22108458448204E-16));
#9471=DIRECTION('',(0.0592796485008606,0.998241415326781,7.25966317911592E-18));
#9472=DIRECTION('',(0.0193653836469053,0.999812473374986,2.3715755097443E-18));
#9473=DIRECTION('',(0.,1.,0.));
#9474=DIRECTION('',(0.,1.,0.));
#9475=DIRECTION('',(0.,1.,0.));
#9476=DIRECTION('center_axis',(1.22464679914735E-16,0.,-1.));
#9477=DIRECTION('ref_axis',(1.,0.,1.22464679914735E-16));
#9478=DIRECTION('',(0.,1.,0.));
#9479=DIRECTION('',(0.,-1.,0.));
#9480=DIRECTION('',(-1.,0.,-1.22464679914735E-16));
#9481=DIRECTION('center_axis',(1.22464679914735E-16,0.,-1.));
#9482=DIRECTION('ref_axis',(1.,0.,1.22464679914735E-16));
#9483=DIRECTION('',(1.,0.,1.22464679914735E-16));
#9484=DIRECTION('',(0.,-1.,0.));
#9485=DIRECTION('',(1.,0.,1.22464679914735E-16));
#9486=DIRECTION('',(0.,1.,0.));
#9487=DIRECTION('',(0.,-1.,0.));
#9488=DIRECTION('',(0.,-1.,0.));
#9489=DIRECTION('',(-1.,0.,-1.22464679914735E-16));
#9490=DIRECTION('',(0.,-1.,0.));
#9491=DIRECTION('',(0.,1.,0.));
#9492=DIRECTION('',(-1.,0.,-1.22464679914735E-16));
#9493=DIRECTION('',(-1.,0.,-1.22464679914735E-16));
#9494=DIRECTION('',(0.,1.,0.));
#9495=DIRECTION('',(1.,0.,1.22464679914735E-16));
#9496=DIRECTION('',(0.,1.,0.));
#9497=DIRECTION('',(-1.,0.,-1.22464679914735E-16));
#9498=DIRECTION('',(0.,1.,0.));
#9499=DIRECTION('',(-1.,0.,-1.22464679914735E-16));
#9500=DIRECTION('',(0.,-1.,0.));
#9501=DIRECTION('',(-1.,0.,-1.22464679914735E-16));
#9502=DIRECTION('',(0.,1.,0.));
#9503=DIRECTION('',(-1.,0.,-1.22464679914735E-16));
#9504=DIRECTION('',(0.,-1.,0.));
#9505=DIRECTION('center_axis',(1.22464679914735E-16,0.,-1.));
#9506=DIRECTION('ref_axis',(1.,0.,1.22464679914735E-16));
#9507=DIRECTION('center_axis',(1.22464679914735E-16,0.,-1.));
#9508=DIRECTION('ref_axis',(1.,0.,1.22464679914735E-16));
#9509=DIRECTION('',(0.,-1.,0.));
#9510=DIRECTION('',(-1.,0.,-1.22464679914735E-16));
#9511=DIRECTION('',(-1.,0.,-1.22464679914735E-16));
#9512=DIRECTION('',(0.,1.,0.));
#9513=DIRECTION('',(1.,0.,1.22464679914735E-16));
#9514=DIRECTION('',(0.,-1.,0.));
#9515=DIRECTION('',(-1.,0.,-1.22464679914735E-16));
#9516=DIRECTION('',(0.,-1.,0.));
#9517=DIRECTION('center_axis',(0.,-1.,0.));
#9518=DIRECTION('ref_axis',(-1.22464679914735E-16,0.,1.));
#9519=DIRECTION('',(-1.,0.,-1.22464679914735E-16));
#9520=DIRECTION('',(-1.22464679914735E-16,0.,1.));
#9521=DIRECTION('center_axis',(0.,-1.,0.));
#9522=DIRECTION('ref_axis',(-1.22464679914735E-16,0.,1.));
#9523=DIRECTION('',(-1.22464679914735E-16,0.,1.));
#9524=DIRECTION('',(1.,0.,1.22464679914735E-16));
#9525=DIRECTION('center_axis',(-1.,0.,-1.22464679914735E-16));
#9526=DIRECTION('ref_axis',(-1.22464679914735E-16,0.,1.));
#9527=DIRECTION('',(0.,-1.,0.));
#9528=DIRECTION('',(1.22464679914735E-16,0.,-1.));
#9529=DIRECTION('center_axis',(0.,1.,0.));
#9530=DIRECTION('ref_axis',(1.22464679914735E-16,0.,-1.));
#9531=DIRECTION('',(-1.,0.,-1.22464679914735E-16));
#9532=DIRECTION('',(1.22464679914735E-16,0.,-1.));
#9533=DIRECTION('center_axis',(8.65956056235492E-17,0.707106781186549,-0.707106781186546));
#9534=DIRECTION('ref_axis',(-1.,0.,-1.22464679914735E-16));
#9535=DIRECTION('',(-1.,0.,-1.22464679914735E-16));
#9536=DIRECTION('',(0.577350269189625,0.577350269189625,0.577350269189627));
#9537=DIRECTION('',(1.,0.,1.22464679914735E-16));
#9538=DIRECTION('',(0.577350269189618,-0.577350269189629,-0.57735026918963));
#9539=DIRECTION('center_axis',(-0.707106781186555,0.,-0.70710678118654));
#9540=DIRECTION('ref_axis',(-0.70710678118654,0.,0.707106781186555));
#9541=DIRECTION('',(0.,1.,0.));
#9542=DIRECTION('',(0.577350269189618,0.577350269189629,-0.57735026918963));
#9543=DIRECTION('',(0.,-1.,0.));
#9544=DIRECTION('center_axis',(0.707106781186549,0.,-0.707106781186546));
#9545=DIRECTION('ref_axis',(-0.707106781186546,0.,-0.707106781186549));
#9546=DIRECTION('',(0.,1.,0.));
#9547=DIRECTION('',(0.577350269189625,-0.577350269189625,0.577350269189627));
#9548=DIRECTION('',(0.,-1.,0.));
#9549=DIRECTION('center_axis',(8.65956056235492E-17,-0.707106781186549,
-0.707106781186546));
#9550=DIRECTION('ref_axis',(-1.,0.,-1.22464679914735E-16));
#9551=DIRECTION('',(-1.,0.,-1.22464679914735E-16));
#9552=DIRECTION('',(1.,0.,1.22464679914735E-16));
#9553=DIRECTION('center_axis',(-1.,0.,-1.22464679914735E-16));
#9554=DIRECTION('ref_axis',(0.,-1.,0.));
#9555=DIRECTION('',(-1.22464679914735E-16,0.,1.));
#9556=DIRECTION('',(-1.22464679914735E-16,0.,1.));
#9557=DIRECTION('center_axis',(0.,1.,0.));
#9558=DIRECTION('ref_axis',(-1.,0.,-1.22464679914735E-16));
#9559=DIRECTION('',(-1.22464679914735E-16,0.,1.));
#9560=DIRECTION('center_axis',(1.22464679914735E-16,0.,-1.));
#9561=DIRECTION('ref_axis',(1.,0.,1.22464679914735E-16));
#9562=DIRECTION('',(-1.,0.,-1.22464679914735E-16));
#9563=DIRECTION('',(0.,-1.,0.));
#9564=DIRECTION('',(-0.019365383646938,-0.999812473374986,-2.37157550974831E-18));
#9565=DIRECTION('',(-0.0592796484982472,-0.998241415326936,-7.25966317879586E-18));
#9566=DIRECTION('center_axis',(1.22464679914735E-16,0.,-1.));
#9567=DIRECTION('ref_axis',(0.997231766876818,-0.0743559219681927,1.22125669131375E-16));
#9568=DIRECTION('',(-0.230903731185734,-0.972976601427037,-2.8277551530779E-17));
#9569=DIRECTION('center_axis',(1.22464679914735E-16,0.,-1.));
#9570=DIRECTION('ref_axis',(0.968962739074981,-0.247206816824114,1.18663711690123E-16));
#9571=DIRECTION('',(-0.479896392141118,-0.877325169369908,-5.87703580557984E-17));
#9572=DIRECTION('center_axis',(1.22464679914735E-16,0.,-1.));
#9573=DIRECTION('ref_axis',(0.856588469289128,-0.516000188256659,1.04901832710146E-16));
#9574=DIRECTION('',(-0.78606487441532,-0.618144006854735,-9.62651832374888E-17));
#9575=DIRECTION('',(-0.84133518528072,-0.54051374266401,-1.03033844166408E-16));
#9576=DIRECTION('',(-0.887079405727772,-0.46161686270506,-1.08635895481405E-16));
#9577=DIRECTION('',(-0.923733110088446,-0.383036736262107,-1.13124679653625E-16));
#9578=DIRECTION('',(-0.952065015343366,-0.30589574459158,-1.16594337362043E-16));
#9579=DIRECTION('',(-0.973003666756467,-0.230789654184218,-1.19158582605194E-16));
#9580=DIRECTION('',(-0.987486788527017,-0.157701751685258,-1.20932253476991E-16));
#9581=DIRECTION('',(-0.996272835674402,-0.0862579671525218,-1.22008233928611E-16));
#9582=DIRECTION('',(-0.999550088284119,-0.0299936828550705,-1.2240958162046E-16));
#9583=DIRECTION('',(-0.999999780710209,-0.000662253375901557,-1.22464653059481E-16));
#9584=DIRECTION('',(-0.999812473374987,0.0193653836468586,-1.22441714526628E-16));
#9585=DIRECTION('',(-0.998241415320374,0.0592796486087459,-1.22249315404842E-16));
#9586=DIRECTION('center_axis',(1.22464679914735E-16,0.,-1.));
#9587=DIRECTION('ref_axis',(-0.0743559221740097,-0.997231766861472,-9.10597420880507E-18));
#9588=DIRECTION('',(-0.972976601426024,0.230903731189999,-1.19155268058165E-16));
#9589=DIRECTION('center_axis',(1.22464679914735E-16,0.,-1.));
#9590=DIRECTION('ref_axis',(-0.247206816674992,-0.968962739113025,-3.02741036768435E-17));
#9591=DIRECTION('',(-0.877325169359316,0.479896392160482,-1.0744134604673E-16));
#9592=DIRECTION('center_axis',(1.22464679914735E-16,0.,-1.));
#9593=DIRECTION('ref_axis',(-0.516000188209229,-0.8565884693177,-6.31917978849864E-17));
#9594=DIRECTION('',(-0.618144006855263,0.786064874414905,-7.57008079407418E-17));
#9595=DIRECTION('',(-0.540513742664107,0.841335185280658,-6.61938424848755E-17));
#9596=DIRECTION('',(-0.461616862705036,0.887079405727785,-5.65317613344166E-17));
#9597=DIRECTION('',(-0.383036736262055,0.923733110088467,-4.69084713019175E-17));
#9598=DIRECTION('',(-0.305895744591626,0.952065015343351,-3.74614244486931E-17));
#9599=DIRECTION('',(-0.230789654184175,0.973003666756477,-2.82635811272975E-17));
#9600=DIRECTION('',(-0.157701751685348,0.987486788527002,-1.93128945421393E-17));
#9601=DIRECTION('',(-0.0862579671524053,0.996272835674412,-1.05635543374151E-17));
#9602=DIRECTION('',(-0.0299936828554322,0.999550088284108,-3.67316677035459E-18));
#9603=DIRECTION('',(0.,1.,0.));
#9604=DIRECTION('',(0.0193653836468863,0.999812473374987,2.37157550974197E-18));
#9605=DIRECTION('',(0.0592796485256489,0.998241415325309,7.2596631821516E-18));
#9606=DIRECTION('center_axis',(1.22464679914735E-16,0.,-1.));
#9607=DIRECTION('ref_axis',(-0.997231766877032,0.0743559219653241,-1.22125669131402E-16));
#9608=DIRECTION('',(0.230903731149358,0.972976601435669,2.82775515263243E-17));
#9609=DIRECTION('center_axis',(1.22464679914735E-16,0.,-1.));
#9610=DIRECTION('ref_axis',(-0.96896273913634,0.247206816583608,-1.18663711697637E-16));
#9611=DIRECTION('',(0.479896392090553,0.877325169397567,5.87703580496059E-17));
#9612=DIRECTION('center_axis',(1.22464679914735E-16,0.,-1.));
#9613=DIRECTION('ref_axis',(-0.856588469383159,0.516000188100564,-1.04901832721662E-16));
#9614=DIRECTION('',(0.786064874415743,0.618144006854197,9.62651832375406E-17));
#9615=DIRECTION('',(0.841335185280717,0.540513742664015,1.03033844166408E-16));
#9616=DIRECTION('',(0.887079405727739,0.461616862705124,1.08635895481401E-16));
#9617=DIRECTION('',(0.923733110088468,0.383036736262053,1.13124679653627E-16));
#9618=DIRECTION('',(0.952065015343367,0.305895744591577,1.16594337362043E-16));
#9619=DIRECTION('',(0.973003666756469,0.230789654184207,1.19158582605195E-16));
#9620=DIRECTION('',(0.987486788527017,0.157701751685257,1.20932253476991E-16));
#9621=DIRECTION('',(0.996272835674405,0.0862579671524861,1.22008233928612E-16));
#9622=DIRECTION('',(0.999550088284103,0.0299936828555904,1.22409581620458E-16));
#9623=DIRECTION('',(1.,0.,1.22464679914735E-16));
#9624=DIRECTION('',(0.999550088284103,-0.0299936828555904,1.22409581620458E-16));
#9625=DIRECTION('',(0.996272835674405,-0.0862579671524947,1.22008233928612E-16));
#9626=DIRECTION('',(0.987486788527018,-0.157701751685252,1.20932253476991E-16));
#9627=DIRECTION('',(0.973003666756469,-0.23078965418421,1.19158582605195E-16));
#9628=DIRECTION('',(0.952065015343371,-0.305895744591564,1.16594337362043E-16));
#9629=DIRECTION('',(0.923733110088454,-0.383036736262088,1.13124679653625E-16));
#9630=DIRECTION('',(0.887079405727751,-0.461616862705101,1.08635895481403E-16));
#9631=DIRECTION('',(0.84133518528072,-0.54051374266401,1.03033844166408E-16));
#9632=DIRECTION('',(0.786064874415345,-0.618144006854704,9.62651832374918E-17));
#9633=DIRECTION('',(0.721316545957924,-0.692605544684224,8.83357999179396E-17));
#9634=DIRECTION('center_axis',(1.22464679914735E-16,0.,-1.));
#9635=DIRECTION('ref_axis',(0.721682590787786,0.692224124221215,8.83806274808632E-17));
#9636=DIRECTION('',(0.389707520273051,-0.920938678003389,4.77254067306044E-17));
#9637=DIRECTION('',(0.32146318158773,-0.946922078570087,3.93678856375138E-17));
#9638=DIRECTION('center_axis',(1.22464679914735E-16,0.,-1.));
#9639=DIRECTION('ref_axis',(0.953773078041334,0.300527728510298,1.16803514713624E-16));
#9640=DIRECTION('',(0.142988414976592,-0.989724362225404,1.75110304716237E-17));
#9641=DIRECTION('center_axis',(1.22464679914735E-16,0.,-1.));
#9642=DIRECTION('ref_axis',(0.992529840053156,0.122002117211369,1.21549849167933E-16));
#9643=DIRECTION('',(0.,-1.,0.));
#9644=DIRECTION('',(1.,0.,1.22464679914735E-16));
#9645=DIRECTION('',(1.,0.,1.22464679914735E-16));
#9646=DIRECTION('',(0.,-1.,0.));
#9647=DIRECTION('',(-1.,0.,-1.22464679914735E-16));
#9648=DIRECTION('',(0.,1.,0.));
#9649=DIRECTION('',(-1.,0.,-1.22464679914735E-16));
#9650=DIRECTION('',(0.,-1.,0.));
#9651=DIRECTION('',(-1.,0.,-1.22464679914735E-16));
#9652=DIRECTION('',(0.,-1.,0.));
#9653=DIRECTION('',(0.,-1.,0.));
#9654=DIRECTION('',(0.,1.,0.));
#9655=DIRECTION('',(1.,0.,1.22464679914735E-16));
#9656=DIRECTION('',(0.,-1.,0.));
#9657=DIRECTION('',(0.,-1.,0.));
#9658=DIRECTION('',(1.,0.,1.22464679914735E-16));
#9659=DIRECTION('',(0.,1.,0.));
#9660=DIRECTION('',(0.,-1.,0.));
#9661=DIRECTION('',(0.,-1.,0.));
#9662=DIRECTION('',(-1.,0.,-1.22464679914735E-16));
#9663=DIRECTION('',(0.,-1.,0.));
#9664=DIRECTION('',(0.,-1.,0.));
#9665=DIRECTION('center_axis',(-1.22464679914735E-16,0.,1.));
#9666=DIRECTION('ref_axis',(-1.,0.,-1.22464679914735E-16));
#9667=DIRECTION('center_axis',(-1.22464679914735E-16,0.,1.));
#9668=DIRECTION('ref_axis',(-1.,0.,-1.22464679914735E-16));
#9669=DIRECTION('center_axis',(-1.22464679914735E-16,0.,1.));
#9670=DIRECTION('ref_axis',(-1.,0.,-1.22464679914735E-16));
#9671=DIRECTION('center_axis',(-1.22464679914735E-16,0.,1.));
#9672=DIRECTION('ref_axis',(-1.,0.,-1.22464679914735E-16));
#9673=DIRECTION('center_axis',(0.,-1.,0.));
#9674=DIRECTION('ref_axis',(-1.22464679914735E-16,0.,1.));
#9675=DIRECTION('',(1.22464679914735E-16,0.,-1.));
#9676=DIRECTION('',(-1.22464679914735E-16,0.,1.));
#9677=DIRECTION('center_axis',(-1.,0.,-1.22464679914735E-16));
#9678=DIRECTION('ref_axis',(-1.22464679914735E-16,0.,1.));
#9679=DIRECTION('center_axis',(1.,0.,1.22464679914735E-16));
#9680=DIRECTION('ref_axis',(1.22464679914735E-16,0.,-1.));
#9681=DIRECTION('center_axis',(1.,0.,1.22464679914735E-16));
#9682=DIRECTION('ref_axis',(0.,1.,0.));
#9683=DIRECTION('',(0.,1.,0.));
#9684=DIRECTION('center_axis',(-1.22464679914735E-16,0.,1.));
#9685=DIRECTION('ref_axis',(1.,0.,1.22464679914735E-16));
#9686=DIRECTION('',(0.,-1.,0.));
#9687=DIRECTION('center_axis',(1.,0.,1.22464679914735E-16));
#9688=DIRECTION('ref_axis',(0.,1.,0.));
#9689=DIRECTION('',(0.,1.,0.));
#9690=DIRECTION('',(-1.22464679914735E-16,0.,1.));
#9691=DIRECTION('center_axis',(0.,-1.,0.));
#9692=DIRECTION('ref_axis',(1.,0.,1.22464679914735E-16));
#9693=DIRECTION('',(1.,0.,1.22464679914735E-16));
#9694=DIRECTION('',(-1.22464679914735E-16,0.,1.));
#9695=DIRECTION('center_axis',(-1.22464679914735E-16,0.,1.));
#9696=DIRECTION('ref_axis',(1.,0.,1.22464679914735E-16));
#9697=DIRECTION('',(0.,-1.,0.));
#9698=DIRECTION('center_axis',(1.22464679914735E-16,0.,-1.));
#9699=DIRECTION('ref_axis',(-1.,0.,-1.22464679914735E-16));
#9700=DIRECTION('',(-0.707106781186547,-8.65956056235493E-17,0.707106781186547));
#9701=DIRECTION('center_axis',(1.22464679914735E-16,0.,-1.));
#9702=DIRECTION('ref_axis',(-1.,0.,-1.22464679914735E-16));
#9703=DIRECTION('center_axis',(1.22464679914735E-16,0.,-1.));
#9704=DIRECTION('ref_axis',(-1.,0.,-1.22464679914735E-16));
#9705=DIRECTION('',(-0.707106781186547,-8.65956056235493E-17,0.707106781186547));
#9706=DIRECTION('center_axis',(1.22464679914735E-16,0.,-1.));
#9707=DIRECTION('ref_axis',(-1.,0.,-1.22464679914735E-16));
#9708=DIRECTION('center_axis',(1.22464679914735E-16,0.,-1.));
#9709=DIRECTION('ref_axis',(-1.,0.,-1.22464679914735E-16));
#9710=DIRECTION('',(-0.707106781186547,-8.65956056235493E-17,0.707106781186547));
#9711=DIRECTION('center_axis',(1.22464679914735E-16,0.,-1.));
#9712=DIRECTION('ref_axis',(-1.,0.,-1.22464679914735E-16));
#9713=DIRECTION('center_axis',(1.22464679914735E-16,0.,-1.));
#9714=DIRECTION('ref_axis',(-1.,0.,-1.22464679914735E-16));
#9715=DIRECTION('',(-0.707106781186547,-8.65956056235493E-17,0.707106781186547));
#9716=DIRECTION('center_axis',(-1.22464679914735E-16,0.,1.));
#9717=DIRECTION('ref_axis',(-1.,0.,-1.22464679914735E-16));
#9718=DIRECTION('',(-1.22464679914735E-16,0.,1.));
#9719=DIRECTION('center_axis',(1.22464679914735E-16,0.,-1.));
#9720=DIRECTION('ref_axis',(-1.,0.,-1.22464679914735E-16));
#9721=DIRECTION('center_axis',(-1.22464679914735E-16,0.,1.));
#9722=DIRECTION('ref_axis',(-1.,0.,-1.22464679914735E-16));
#9723=DIRECTION('',(-1.22464679914735E-16,0.,1.));
#9724=DIRECTION('center_axis',(1.22464679914735E-16,0.,-1.));
#9725=DIRECTION('ref_axis',(-1.,0.,-1.22464679914735E-16));
#9726=DIRECTION('center_axis',(-1.22464679914735E-16,0.,1.));
#9727=DIRECTION('ref_axis',(-1.,0.,-1.22464679914735E-16));
#9728=DIRECTION('',(-1.22464679914735E-16,0.,1.));
#9729=DIRECTION('center_axis',(1.22464679914735E-16,0.,-1.));
#9730=DIRECTION('ref_axis',(-1.,0.,-1.22464679914735E-16));
#9731=DIRECTION('center_axis',(-1.22464679914735E-16,0.,1.));
#9732=DIRECTION('ref_axis',(-1.,0.,-1.22464679914735E-16));
#9733=DIRECTION('',(-1.22464679914735E-16,0.,1.));
#9734=DIRECTION('center_axis',(1.22464679914735E-16,0.,-1.));
#9735=DIRECTION('ref_axis',(-1.,0.,-1.22464679914735E-16));
#9736=DIRECTION('center_axis',(0.,1.,0.));
#9737=DIRECTION('ref_axis',(-1.22464679914735E-16,0.,1.));
#9738=DIRECTION('',(-1.22464679914735E-16,0.,1.));
#9739=DIRECTION('',(1.,0.,1.22464679914735E-16));
#9740=DIRECTION('',(-1.22464679914735E-16,0.,1.));
#9741=DIRECTION('center_axis',(-1.22464679914735E-16,0.,1.));
#9742=DIRECTION('ref_axis',(-1.,1.22464679914735E-16,-1.22464679914735E-16));
#9743=DIRECTION('',(-1.22464679914735E-16,0.,1.));
#9744=DIRECTION('center_axis',(1.22464679914735E-16,0.,-1.));
#9745=DIRECTION('ref_axis',(1.,0.,1.22464679914735E-16));
#9746=DIRECTION('center_axis',(0.,-1.,0.));
#9747=DIRECTION('ref_axis',(1.22464679914735E-16,0.,-1.));
#9748=DIRECTION('',(-1.22464679914735E-16,0.,1.));
#9749=DIRECTION('',(-1.,0.,-1.22464679914735E-16));
#9750=DIRECTION('center_axis',(-1.,0.,-1.22464679914735E-16));
#9751=DIRECTION('ref_axis',(-1.22464679914735E-16,0.,1.));
#9752=DIRECTION('',(-1.22464679914735E-16,0.,1.));
#9753=DIRECTION('',(0.,1.,0.));
#9754=DIRECTION('center_axis',(1.22464679914735E-16,0.,-1.));
#9755=DIRECTION('ref_axis',(-0.997091230984951,0.0762173017950312,-1.22108458448361E-16));
#9756=DIRECTION('',(1.22464679914735E-16,0.,-1.));
#9757=DIRECTION('center_axis',(-1.22464679914735E-16,0.,1.));
#9758=DIRECTION('ref_axis',(-0.997091230984951,0.0762173017950312,-1.22108458448361E-16));
#9759=DIRECTION('',(1.22464679914735E-16,0.,-1.));
#9760=DIRECTION('center_axis',(0.972976601435624,-0.23090373114955,1.19155268059341E-16));
#9761=DIRECTION('ref_axis',(-0.23090373114955,-0.972976601435623,-2.82775515263478E-17));
#9762=DIRECTION('',(1.22464679914735E-16,0.,-1.));
#9763=DIRECTION('',(-0.23090373114955,-0.972976601435623,-2.82775515263478E-17));
#9764=DIRECTION('center_axis',(1.22464679914735E-16,0.,-1.));
#9765=DIRECTION('ref_axis',(-0.968339368857275,0.24963747058704,-1.18587370855943E-16));
#9766=DIRECTION('',(1.22464679914735E-16,0.,-1.));
#9767=DIRECTION('center_axis',(-1.22464679914735E-16,0.,1.));
#9768=DIRECTION('ref_axis',(-0.968339368857275,0.24963747058704,-1.18587370855943E-16));
#9769=DIRECTION('center_axis',(0.877325169397299,-0.479896392091044,1.07441346051381E-16));
#9770=DIRECTION('ref_axis',(-0.479896392091044,-0.877325169397299,-5.87703580496661E-17));
#9771=DIRECTION('',(1.22464679914735E-16,0.,-1.));
#9772=DIRECTION('',(-0.479896392091044,-0.877325169397299,-5.87703580496661E-17));
#9773=DIRECTION('center_axis',(1.22464679914735E-16,0.,-1.));
#9774=DIRECTION('ref_axis',(-0.853046094155596,0.521835569165118,-1.0446801687328E-16));
#9775=DIRECTION('',(1.22464679914735E-16,0.,-1.));
#9776=DIRECTION('center_axis',(-1.22464679914735E-16,0.,1.));
#9777=DIRECTION('ref_axis',(-0.853046094155596,0.521835569165118,-1.0446801687328E-16));
#9778=DIRECTION('center_axis',(0.618144006854297,-0.786064874415665,7.57008079406235E-17));
#9779=DIRECTION('ref_axis',(-0.786064874415665,-0.618144006854297,-9.6265183237531E-17));
#9780=DIRECTION('',(1.22464679914735E-16,0.,-1.));
#9781=DIRECTION('',(-0.786064874415665,-0.618144006854297,-9.6265183237531E-17));
#9782=DIRECTION('center_axis',(0.540513742664001,-0.841335185280727,6.61938424848624E-17));
#9783=DIRECTION('ref_axis',(-0.841335185280727,-0.540513742664001,-1.03033844166409E-16));
#9784=DIRECTION('',(1.22464679914735E-16,0.,-1.));
#9785=DIRECTION('',(-0.841335185280727,-0.540513742664001,-1.03033844166409E-16));
#9786=DIRECTION('center_axis',(0.461616862705127,-0.887079405727737,5.65317613344277E-17));
#9787=DIRECTION('ref_axis',(-0.887079405727737,-0.461616862705127,-1.08635895481401E-16));
#9788=DIRECTION('',(1.22464679914735E-16,0.,-1.));
#9789=DIRECTION('',(-0.887079405727737,-0.461616862705127,-1.08635895481401E-16));
#9790=DIRECTION('center_axis',(0.383036736262057,-0.923733110088467,4.69084713019177E-17));
#9791=DIRECTION('ref_axis',(-0.923733110088467,-0.383036736262057,-1.13124679653627E-16));
#9792=DIRECTION('',(1.22464679914735E-16,0.,-1.));
#9793=DIRECTION('',(-0.923733110088467,-0.383036736262057,-1.13124679653627E-16));
#9794=DIRECTION('center_axis',(0.305895744591587,-0.952065015343363,3.74614244486883E-17));
#9795=DIRECTION('ref_axis',(-0.952065015343363,-0.305895744591587,-1.16594337362043E-16));
#9796=DIRECTION('',(1.22464679914735E-16,0.,-1.));
#9797=DIRECTION('',(-0.952065015343363,-0.305895744591587,-1.16594337362043E-16));
#9798=DIRECTION('center_axis',(0.230789654184195,-0.973003666756472,2.82635811272999E-17));
#9799=DIRECTION('ref_axis',(-0.973003666756472,-0.230789654184195,-1.19158582605195E-16));
#9800=DIRECTION('',(1.22464679914735E-16,0.,-1.));
#9801=DIRECTION('',(-0.973003666756472,-0.230789654184195,-1.19158582605195E-16));
#9802=DIRECTION('center_axis',(0.157701751685242,-0.987486788527019,1.93128945421262E-17));
#9803=DIRECTION('ref_axis',(-0.98748678852702,-0.157701751685242,-1.20932253476991E-16));
#9804=DIRECTION('',(1.22464679914735E-16,0.,-1.));
#9805=DIRECTION('',(-0.98748678852702,-0.157701751685242,-1.20932253476991E-16));
#9806=DIRECTION('center_axis',(0.0862579671525227,-0.996272835674402,1.05635543374295E-17));
#9807=DIRECTION('ref_axis',(-0.996272835674402,-0.0862579671525227,-1.22008233928611E-16));
#9808=DIRECTION('',(1.22464679914735E-16,0.,-1.));
#9809=DIRECTION('',(-0.996272835674402,-0.0862579671525227,-1.22008233928611E-16));
#9810=DIRECTION('center_axis',(0.0299936828555379,-0.999550088284105,3.67316677036754E-18));
#9811=DIRECTION('ref_axis',(-0.999550088284105,-0.0299936828555379,-1.22409581620458E-16));
#9812=DIRECTION('',(1.22464679914735E-16,0.,-1.));
#9813=DIRECTION('',(-0.999550088284105,-0.0299936828555379,-1.22409581620458E-16));
#9814=DIRECTION('center_axis',(0.,-1.,0.));
#9815=DIRECTION('ref_axis',(-1.,0.,-1.22464679914735E-16));
#9816=DIRECTION('',(1.22464679914735E-16,0.,-1.));
#9817=DIRECTION('',(-1.,0.,-1.22464679914735E-16));
#9818=DIRECTION('center_axis',(-0.0299936828555379,-0.999550088284105,-3.67316677036754E-18));
#9819=DIRECTION('ref_axis',(-0.999550088284105,0.0299936828555379,-1.22409581620458E-16));
#9820=DIRECTION('',(1.22464679914735E-16,0.,-1.));
#9821=DIRECTION('',(-0.999550088284105,0.0299936828555379,-1.22409581620458E-16));
#9822=DIRECTION('center_axis',(-0.0862579671524963,-0.996272835674404,-1.05635543374262E-17));
#9823=DIRECTION('ref_axis',(-0.996272835674404,0.0862579671524963,-1.22008233928612E-16));
#9824=DIRECTION('',(1.22464679914735E-16,0.,-1.));
#9825=DIRECTION('',(-0.996272835674404,0.0862579671524963,-1.22008233928612E-16));
#9826=DIRECTION('center_axis',(-0.15770175168526,-0.987486788527017,-1.93128945421284E-17));
#9827=DIRECTION('ref_axis',(-0.987486788527016,0.15770175168526,-1.20932253476991E-16));
#9828=DIRECTION('',(1.22464679914735E-16,0.,-1.));
#9829=DIRECTION('',(-0.987486788527016,0.15770175168526,-1.20932253476991E-16));
#9830=DIRECTION('center_axis',(-0.230789654184211,-0.973003666756468,-2.82635811273019E-17));
#9831=DIRECTION('ref_axis',(-0.973003666756468,0.230789654184211,-1.19158582605195E-16));
#9832=DIRECTION('',(1.22464679914735E-16,0.,-1.));
#9833=DIRECTION('',(-0.973003666756468,0.230789654184211,-1.19158582605195E-16));
#9834=DIRECTION('center_axis',(-0.305895744591572,-0.952065015343368,-3.74614244486865E-17));
#9835=DIRECTION('ref_axis',(-0.952065015343368,0.305895744591572,-1.16594337362043E-16));
#9836=DIRECTION('',(1.22464679914735E-16,0.,-1.));
#9837=DIRECTION('',(-0.952065015343368,0.305895744591572,-1.16594337362043E-16));
#9838=DIRECTION('center_axis',(-0.383036736262077,-0.923733110088458,-4.69084713019202E-17));
#9839=DIRECTION('ref_axis',(-0.923733110088458,0.383036736262077,-1.13124679653626E-16));
#9840=DIRECTION('',(1.22464679914735E-16,0.,-1.));
#9841=DIRECTION('',(-0.923733110088458,0.383036736262077,-1.13124679653626E-16));
#9842=DIRECTION('center_axis',(-0.461616862705109,-0.887079405727747,-5.65317613344255E-17));
#9843=DIRECTION('ref_axis',(-0.887079405727747,0.461616862705109,-1.08635895481402E-16));
#9844=DIRECTION('',(1.22464679914735E-16,0.,-1.));
#9845=DIRECTION('',(-0.887079405727747,0.461616862705109,-1.08635895481402E-16));
#9846=DIRECTION('center_axis',(-0.540513742663995,-0.841335185280731,-6.61938424848617E-17));
#9847=DIRECTION('ref_axis',(-0.84133518528073,0.540513742663994,-1.03033844166409E-16));
#9848=DIRECTION('',(1.22464679914735E-16,0.,-1.));
#9849=DIRECTION('',(-0.84133518528073,0.540513742663994,-1.03033844166409E-16));
#9850=DIRECTION('center_axis',(-0.618144006854713,-0.786064874415337,-7.57008079406744E-17));
#9851=DIRECTION('ref_axis',(-0.786064874415337,0.618144006854713,-9.62651832374909E-17));
#9852=DIRECTION('',(1.22464679914735E-16,0.,-1.));
#9853=DIRECTION('',(-0.786064874415337,0.618144006854713,-9.62651832374909E-17));
#9854=DIRECTION('center_axis',(-0.692605544684006,-0.721316545958133,-8.48197163368977E-17));
#9855=DIRECTION('ref_axis',(-0.721316545958133,0.692605544684006,-8.83357999179652E-17));
#9856=DIRECTION('',(1.22464679914735E-16,0.,-1.));
#9857=DIRECTION('',(-0.721316545958133,0.692605544684006,-8.83357999179652E-17));
#9858=DIRECTION('center_axis',(1.22464679914735E-16,0.,-1.));
#9859=DIRECTION('ref_axis',(0.726334266953944,0.687341641869949,8.89502935136187E-17));
#9860=DIRECTION('',(1.22464679914735E-16,0.,-1.));
#9861=DIRECTION('center_axis',(-1.22464679914735E-16,0.,1.));
#9862=DIRECTION('ref_axis',(0.726334266953944,0.687341641869949,8.89502935136187E-17));
#9863=DIRECTION('center_axis',(-0.920938678003457,-0.38970752027289,-1.12782460422793E-16));
#9864=DIRECTION('ref_axis',(-0.38970752027289,0.920938678003457,-4.77254067305847E-17));
#9865=DIRECTION('',(1.22464679914735E-16,0.,-1.));
#9866=DIRECTION('',(-0.38970752027289,0.920938678003457,-4.77254067305847E-17));
#9867=DIRECTION('center_axis',(-0.946922078570201,-0.321463181587394,-1.15964509256296E-16));
#9868=DIRECTION('ref_axis',(-0.321463181587394,0.946922078570201,-3.93678856374726E-17));
#9869=DIRECTION('',(1.22464679914735E-16,0.,-1.));
#9870=DIRECTION('',(-0.321463181587394,0.946922078570201,-3.93678856374726E-17));
#9871=DIRECTION('center_axis',(1.22464679914735E-16,0.,-1.));
#9872=DIRECTION('ref_axis',(0.954658786736389,0.29770220171676,1.16911982745461E-16));
#9873=DIRECTION('',(1.22464679914735E-16,0.,-1.));
#9874=DIRECTION('center_axis',(-1.22464679914735E-16,0.,1.));
#9875=DIRECTION('ref_axis',(0.954658786736389,0.29770220171676,1.16911982745461E-16));
#9876=DIRECTION('center_axis',(-0.989724356122284,-0.142988457220608,-1.21206276476333E-16));
#9877=DIRECTION('ref_axis',(-0.142988457220607,0.989724356122284,-1.75110356450235E-17));
#9878=DIRECTION('',(1.22464679914735E-16,0.,-1.));
#9879=DIRECTION('',(-0.142988457220607,0.989724356122284,-1.75110356450235E-17));
#9880=DIRECTION('center_axis',(1.22464679914735E-16,0.,-1.));
#9881=DIRECTION('ref_axis',(0.992805156940005,0.119741055420984,1.21583565762356E-16));
#9882=DIRECTION('',(1.22464679914735E-16,0.,-1.));
#9883=DIRECTION('center_axis',(-1.22464679914735E-16,0.,1.));
#9884=DIRECTION('ref_axis',(0.992805156940005,0.119741055420984,1.21583565762356E-16));
#9885=DIRECTION('center_axis',(-1.,0.,-1.22464679914735E-16));
#9886=DIRECTION('ref_axis',(0.,1.,0.));
#9887=DIRECTION('',(-1.22464679914735E-16,0.,1.));
#9888=DIRECTION('',(0.,-1.,0.));
#9889=DIRECTION('',(1.22464679914735E-16,0.,-1.));
#9890=DIRECTION('',(1.22464679914735E-16,0.,-1.));
#9891=DIRECTION('',(0.,1.,0.));
#9892=DIRECTION('',(1.22464679914735E-16,0.,-1.));
#9893=DIRECTION('',(0.,1.,0.));
#9894=DIRECTION('',(-1.22464679914735E-16,0.,1.));
#9895=DIRECTION('',(0.,1.,0.));
#9896=DIRECTION('center_axis',(1.22464679914735E-16,0.,-1.));
#9897=DIRECTION('ref_axis',(1.,0.,1.22464679914735E-16));
#9898=DIRECTION('center_axis',(1.22464679914735E-16,0.,-1.));
#9899=DIRECTION('ref_axis',(1.,0.,1.22464679914735E-16));
#9900=DIRECTION('',(0.,-1.,0.));
#9901=DIRECTION('center_axis',(1.22464679914735E-16,0.,-1.));
#9902=DIRECTION('ref_axis',(1.,0.,1.22464679914735E-16));
#9903=DIRECTION('center_axis',(1.22464679914735E-16,0.,-1.));
#9904=DIRECTION('ref_axis',(1.,0.,1.22464679914735E-16));
#9905=DIRECTION('center_axis',(1.22464679914735E-16,0.,-1.));
#9906=DIRECTION('ref_axis',(1.,0.,1.22464679914735E-16));
#9907=DIRECTION('',(0.,-1.,0.));
#9908=DIRECTION('center_axis',(1.22464679914735E-16,0.,-1.));
#9909=DIRECTION('ref_axis',(1.,0.,1.22464679914735E-16));
#9910=DIRECTION('center_axis',(1.22464679914735E-16,0.,-1.));
#9911=DIRECTION('ref_axis',(1.,0.,1.22464679914735E-16));
#9912=DIRECTION('center_axis',(1.,0.,1.22464679914735E-16));
#9913=DIRECTION('ref_axis',(1.22464679914735E-16,0.,-1.));
#9914=DIRECTION('center_axis',(1.,0.,1.22464679914735E-16));
#9915=DIRECTION('ref_axis',(1.22464679914735E-16,0.,-1.));
#9916=DIRECTION('center_axis',(-1.22464679914735E-16,0.,1.));
#9917=DIRECTION('ref_axis',(1.,0.,1.22464679914735E-16));
#9918=DIRECTION('',(0.,1.,0.));
#9919=DIRECTION('',(1.,0.,1.22464679914735E-16));
#9920=DIRECTION('',(-1.,0.,-1.22464679914735E-16));
#9921=DIRECTION('center_axis',(1.,0.,1.22464679914735E-16));
#9922=DIRECTION('ref_axis',(1.22464679914735E-16,0.,-1.));
#9923=DIRECTION('',(-1.22464679914735E-16,0.,1.));
#9924=DIRECTION('center_axis',(-1.,0.,-1.22464679914735E-16));
#9925=DIRECTION('ref_axis',(-1.22464679914735E-16,0.,1.));
#9926=DIRECTION('',(-1.22464679914735E-16,0.,1.));
#9927=DIRECTION('center_axis',(0.,1.,0.));
#9928=DIRECTION('ref_axis',(-1.,0.,-1.22464679914735E-16));
#9929=DIRECTION('',(1.22464679914735E-16,0.,-1.));
#9930=DIRECTION('center_axis',(1.,0.,1.22464679914735E-16));
#9931=DIRECTION('ref_axis',(1.22464679914735E-16,0.,-1.));
#9932=DIRECTION('center_axis',(-1.22464679914735E-16,0.,1.));
#9933=DIRECTION('ref_axis',(1.,0.,1.22464679914735E-16));
#9934=DIRECTION('',(1.22464679914735E-16,0.,-1.));
#9935=DIRECTION('center_axis',(-1.22464679914735E-16,0.,1.));
#9936=DIRECTION('ref_axis',(1.,0.,1.22464679914735E-16));
#9937=DIRECTION('',(1.22464679914735E-16,0.,-1.));
#9938=DIRECTION('center_axis',(-1.22464679914735E-16,0.,1.));
#9939=DIRECTION('ref_axis',(-1.83697019872103E-16,-1.,-2.0813108568122E-32));
#9940=DIRECTION('center_axis',(0.,-1.,0.));
#9941=DIRECTION('ref_axis',(-1.22464679914735E-16,0.,1.));
#9942=DIRECTION('',(-1.,0.,-1.22464679914735E-16));
#9943=DIRECTION('',(-1.22464679914735E-16,0.,1.));
#9944=DIRECTION('',(1.,0.,1.22464679914735E-16));
#9945=DIRECTION('',(1.22464679914735E-16,0.,-1.));
#9946=DIRECTION('center_axis',(-1.22464679914735E-16,0.,1.));
#9947=DIRECTION('ref_axis',(1.,0.,1.22464679914735E-16));
#9948=DIRECTION('',(0.,-1.,0.));
#9949=DIRECTION('',(1.,0.,1.22464679914735E-16));
#9950=DIRECTION('',(0.,1.,0.));
#9951=DIRECTION('center_axis',(0.,1.,0.));
#9952=DIRECTION('ref_axis',(1.22464679914735E-16,0.,-1.));
#9953=DIRECTION('',(-1.22464679914735E-16,0.,1.));
#9954=DIRECTION('',(-1.,0.,-1.22464679914735E-16));
#9955=DIRECTION('',(1.22464679914735E-16,0.,-1.));
#9956=DIRECTION('center_axis',(1.22464679914735E-16,0.,-1.));
#9957=DIRECTION('ref_axis',(1.,0.,1.22464679914735E-16));
#9958=DIRECTION('',(0.,-1.,0.));
#9959=DIRECTION('',(-0.0193653836469163,-0.999812473374986,-2.37157550974565E-18));
#9960=DIRECTION('',(-0.0592796485248824,-0.998241415325354,-7.25966318205773E-18));
#9961=DIRECTION('',(1.,0.,1.22464679914735E-16));
#9962=DIRECTION('',(0.,-1.,0.));
#9963=DIRECTION('center_axis',(1.22464679914735E-16,0.,-1.));
#9964=DIRECTION('ref_axis',(0.992529840053156,0.122002117211369,1.21549849167933E-16));
#9965=DIRECTION('',(0.142988414976592,-0.989724362225404,1.75110304716237E-17));
#9966=DIRECTION('center_axis',(1.22464679914735E-16,0.,-1.));
#9967=DIRECTION('ref_axis',(0.953773078041334,0.300527728510298,1.16803514713624E-16));
#9968=DIRECTION('',(0.32146318158773,-0.946922078570087,3.93678856375138E-17));
#9969=DIRECTION('',(0.389707520273051,-0.920938678003389,4.77254067306044E-17));
#9970=DIRECTION('center_axis',(1.22464679914735E-16,0.,-1.));
#9971=DIRECTION('ref_axis',(0.721682590787786,0.692224124221215,8.83806274808632E-17));
#9972=DIRECTION('',(0.721316545957924,-0.692605544684224,8.83357999179396E-17));
#9973=DIRECTION('',(0.786064874415345,-0.618144006854704,9.62651832374918E-17));
#9974=DIRECTION('',(0.84133518528072,-0.54051374266401,1.03033844166408E-16));
#9975=DIRECTION('',(0.887079405727751,-0.461616862705101,1.08635895481403E-16));
#9976=DIRECTION('',(0.923733110088454,-0.383036736262088,1.13124679653625E-16));
#9977=DIRECTION('',(0.952065015343371,-0.305895744591564,1.16594337362043E-16));
#9978=DIRECTION('',(0.973003666756469,-0.23078965418421,1.19158582605195E-16));
#9979=DIRECTION('',(0.987486788527018,-0.157701751685252,1.20932253476991E-16));
#9980=DIRECTION('',(0.996272835674405,-0.0862579671524947,1.22008233928612E-16));
#9981=DIRECTION('',(0.999550088284103,-0.0299936828555904,1.22409581620458E-16));
#9982=DIRECTION('',(1.,0.,1.22464679914735E-16));
#9983=DIRECTION('',(0.999550088284103,0.0299936828555904,1.22409581620458E-16));
#9984=DIRECTION('',(0.996272835674405,0.0862579671524861,1.22008233928612E-16));
#9985=DIRECTION('',(0.987486788527017,0.157701751685257,1.20932253476991E-16));
#9986=DIRECTION('',(0.973003666756469,0.230789654184207,1.19158582605195E-16));
#9987=DIRECTION('',(0.952065015343367,0.305895744591577,1.16594337362043E-16));
#9988=DIRECTION('',(0.923733110088468,0.383036736262053,1.13124679653627E-16));
#9989=DIRECTION('',(0.887079405727739,0.461616862705124,1.08635895481401E-16));
#9990=DIRECTION('',(0.841335185280717,0.540513742664015,1.03033844166408E-16));
#9991=DIRECTION('',(0.786064874415743,0.618144006854197,9.62651832375406E-17));
#9992=DIRECTION('center_axis',(1.22464679914735E-16,0.,-1.));
#9993=DIRECTION('ref_axis',(-0.856588469383159,0.516000188100564,-1.04901832721662E-16));
#9994=DIRECTION('',(0.479896392090553,0.877325169397567,5.87703580496059E-17));
#9995=DIRECTION('center_axis',(1.22464679914735E-16,0.,-1.));
#9996=DIRECTION('ref_axis',(-0.96896273913634,0.247206816583608,-1.18663711697637E-16));
#9997=DIRECTION('',(0.230903731149358,0.972976601435669,2.82775515263243E-17));
#9998=DIRECTION('center_axis',(1.22464679914735E-16,0.,-1.));
#9999=DIRECTION('ref_axis',(-0.997231766877032,0.0743559219653241,-1.22125669131402E-16));
#10000=DIRECTION('',(0.0592796485256489,0.998241415325309,7.2596631821516E-18));
#10001=DIRECTION('',(0.0193653836468863,0.999812473374987,2.37157550974197E-18));
#10002=DIRECTION('',(0.,1.,0.));
#10003=DIRECTION('center_axis',(1.22464679914735E-16,0.,-1.));
#10004=DIRECTION('ref_axis',(1.,0.,1.22464679914735E-16));
#10005=DIRECTION('',(0.,1.,0.));
#10006=DIRECTION('',(-0.0299936828554322,0.999550088284108,-3.67316677035459E-18));
#10007=DIRECTION('',(-0.0862579671524053,0.996272835674412,-1.05635543374151E-17));
#10008=DIRECTION('',(-0.157701751685348,0.987486788527002,-1.93128945421393E-17));
#10009=DIRECTION('',(-0.230789654184175,0.973003666756477,-2.82635811272975E-17));
#10010=DIRECTION('',(-0.305895744591626,0.952065015343351,-3.74614244486931E-17));
#10011=DIRECTION('',(-0.383036736262055,0.923733110088468,-4.69084713019175E-17));
#10012=DIRECTION('',(-0.461616862705036,0.887079405727785,-5.65317613344166E-17));
#10013=DIRECTION('',(-0.540513742664107,0.841335185280658,-6.61938424848755E-17));
#10014=DIRECTION('',(-0.618144006855263,0.786064874414905,-7.57008079407418E-17));
#10015=DIRECTION('center_axis',(1.22464679914735E-16,0.,-1.));
#10016=DIRECTION('ref_axis',(-0.516000188209229,-0.8565884693177,-6.31917978849864E-17));
#10017=DIRECTION('',(-0.877325169359316,0.479896392160482,-1.0744134604673E-16));
#10018=DIRECTION('center_axis',(1.22464679914735E-16,0.,-1.));
#10019=DIRECTION('ref_axis',(-0.247206816674992,-0.968962739113025,-3.02741036768435E-17));
#10020=DIRECTION('',(-0.972976601426024,0.230903731189999,-1.19155268058165E-16));
#10021=DIRECTION('center_axis',(1.22464679914735E-16,0.,-1.));
#10022=DIRECTION('ref_axis',(-0.0743559221740097,-0.997231766861472,-9.10597420880507E-18));
#10023=DIRECTION('',(-0.998241415320374,0.0592796486087459,-1.22249315404842E-16));
#10024=DIRECTION('',(-0.999812473374987,0.0193653836468586,-1.22441714526628E-16));
#10025=DIRECTION('',(-0.999999780710209,-0.000662253375901557,-1.22464653059481E-16));
#10026=DIRECTION('',(-0.999550088284119,-0.0299936828550704,-1.2240958162046E-16));
#10027=DIRECTION('',(-0.996272835674402,-0.0862579671525218,-1.22008233928611E-16));
#10028=DIRECTION('',(-0.987486788527017,-0.157701751685258,-1.20932253476991E-16));
#10029=DIRECTION('',(-0.973003666756467,-0.230789654184218,-1.19158582605194E-16));
#10030=DIRECTION('',(-0.952065015343366,-0.30589574459158,-1.16594337362043E-16));
#10031=DIRECTION('',(-0.923733110088446,-0.383036736262106,-1.13124679653625E-16));
#10032=DIRECTION('',(-0.887079405727772,-0.46161686270506,-1.08635895481405E-16));
#10033=DIRECTION('',(-0.84133518528072,-0.54051374266401,-1.03033844166408E-16));
#10034=DIRECTION('',(-0.78606487441532,-0.618144006854735,-9.62651832374888E-17));
#10035=DIRECTION('center_axis',(1.22464679914735E-16,0.,-1.));
#10036=DIRECTION('ref_axis',(0.856588469289128,-0.516000188256659,1.04901832710146E-16));
#10037=DIRECTION('',(-0.479896392141118,-0.877325169369908,-5.87703580557984E-17));
#10038=DIRECTION('center_axis',(1.22464679914735E-16,0.,-1.));
#10039=DIRECTION('ref_axis',(0.968962739074981,-0.247206816824114,1.18663711690123E-16));
#10040=DIRECTION('',(-0.230903731185734,-0.972976601427037,-2.8277551530779E-17));
#10041=DIRECTION('center_axis',(1.22464679914735E-16,0.,-1.));
#10042=DIRECTION('ref_axis',(0.997231766876818,-0.0743559219681927,1.22125669131375E-16));
#10043=DIRECTION('',(-0.0592796484982472,-0.998241415326936,-7.25966317879586E-18));
#10044=DIRECTION('',(-0.019365383646938,-0.999812473374986,-2.37157550974831E-18));
#10045=DIRECTION('',(0.,-1.,0.));
#10046=DIRECTION('',(-1.,0.,-1.22464679914735E-16));
#10047=DIRECTION('',(0.0193653836469052,0.999812473374986,2.3715755097443E-18));
#10048=DIRECTION('',(0.0592796485008606,0.998241415326781,7.25966317911592E-18));
#10049=DIRECTION('center_axis',(-1.22464679914735E-16,0.,1.));
#10050=DIRECTION('ref_axis',(0.997091230983669,-0.0762173018118052,1.22108458448204E-16));
#10051=DIRECTION('',(0.230903731185793,0.972976601427023,2.82775515307862E-17));
#10052=DIRECTION('center_axis',(-1.22464679914735E-16,0.,1.));
#10053=DIRECTION('ref_axis',(0.96833936878752,-0.249637470857615,1.18587370847401E-16));
#10054=DIRECTION('',(0.479896392140282,0.877325169370366,5.87703580556959E-17));
#10055=DIRECTION('center_axis',(-1.22464679914735E-16,0.,1.));
#10056=DIRECTION('ref_axis',(0.85304609405099,-0.521835569336117,1.0446801686047E-16));
#10057=DIRECTION('',(0.786064874415229,0.618144006854851,9.62651832374777E-17));
#10058=DIRECTION('',(0.841335185280731,0.540513742663994,1.03033844166409E-16));
#10059=DIRECTION('',(0.887079405727761,0.461616862705081,1.08635895481404E-16));
#10060=DIRECTION('',(0.923733110088452,0.383036736262094,1.13124679653625E-16));
#10061=DIRECTION('',(0.952065015343368,0.305895744591571,1.16594337362043E-16));
#10062=DIRECTION('',(0.973003666756468,0.230789654184214,1.19158582605195E-16));
#10063=DIRECTION('',(0.987486788527018,0.157701751685251,1.20932253476991E-16));
#10064=DIRECTION('',(0.9962728356744,0.0862579671525474,1.22008233928611E-16));
#10065=DIRECTION('',(0.999550088284118,0.0299936828550832,1.2240958162046E-16));
#10066=DIRECTION('',(0.999999780710209,0.000662253375901568,1.22464653059481E-16));
#10067=DIRECTION('',(0.999812473374988,-0.0193653836468416,1.22441714526628E-16));
#10068=DIRECTION('',(0.998241415320118,-0.0592796486130603,1.22249315404811E-16));
#10069=DIRECTION('center_axis',(-1.22464679914735E-16,0.,1.));
#10070=DIRECTION('ref_axis',(-0.0762173020332842,-0.997091230966739,-9.33392749747085E-18));
#10071=DIRECTION('',(0.972976601423706,-0.230903731199768,1.19155268057881E-16));
#10072=DIRECTION('center_axis',(-1.22464679914735E-16,0.,1.));
#10073=DIRECTION('ref_axis',(-0.249637470695068,-0.968339368829425,-3.05717729433956E-17));
#10074=DIRECTION('',(0.877325169358797,-0.479896392161431,1.07441346046666E-16));
#10075=DIRECTION('center_axis',(-1.22464679914735E-16,0.,1.));
#10076=DIRECTION('ref_axis',(-0.521835569280966,-0.853046094084728,-6.39064259601171E-17));
#10077=DIRECTION('',(0.618144006855011,-0.786064874415103,7.57008079407108E-17));
#10078=DIRECTION('',(0.540513742664093,-0.841335185280667,6.61938424848738E-17));
#10079=DIRECTION('',(0.461616862705097,-0.887079405727753,5.6531761334424E-17));
#10080=DIRECTION('',(0.383036736261969,-0.923733110088503,4.6908471301907E-17));
#10081=DIRECTION('',(0.305895744591634,-0.952065015343348,3.74614244486941E-17));
#10082=DIRECTION('',(0.230789654184203,-0.97300366675647,2.82635811273009E-17));
#10083=DIRECTION('',(0.157701751685282,-0.987486788527013,1.93128945421312E-17));
#10084=DIRECTION('',(0.0862579671524742,-0.996272835674406,1.05635543374235E-17));
#10085=DIRECTION('',(0.0299936828554472,-0.999550088284107,3.67316677035642E-18));
#10086=DIRECTION('',(0.,-1.,0.));
#10087=DIRECTION('center_axis',(0.,-1.,0.));
#10088=DIRECTION('ref_axis',(1.,0.,1.22464679914735E-16));
#10089=DIRECTION('',(-1.22464679914735E-16,0.,1.));
#10090=DIRECTION('center_axis',(-1.,0.,-1.22464679914735E-16));
#10091=DIRECTION('ref_axis',(0.,-1.,0.));
#10092=DIRECTION('',(-1.22464679914735E-16,0.,1.));
#10093=DIRECTION('center_axis',(0.,-1.,0.));
#10094=DIRECTION('ref_axis',(1.,0.,1.22464679914735E-16));
#10095=DIRECTION('',(1.22464679914735E-16,0.,-1.));
#10096=DIRECTION('center_axis',(1.,0.,1.22464679914735E-16));
#10097=DIRECTION('ref_axis',(0.,1.,0.));
#10098=DIRECTION('',(-1.22464679914735E-16,0.,1.));
#10099=DIRECTION('center_axis',(1.,0.,1.22464679914735E-16));
#10100=DIRECTION('ref_axis',(0.,1.,0.));
#10101=DIRECTION('',(-1.22464679914735E-16,0.,1.));
#10102=DIRECTION('center_axis',(0.,-1.,0.));
#10103=DIRECTION('ref_axis',(1.,0.,1.22464679914735E-16));
#10104=DIRECTION('',(-1.22464679914735E-16,0.,1.));
#10105=DIRECTION('center_axis',(-1.,0.,-1.22464679914735E-16));
#10106=DIRECTION('ref_axis',(0.,-1.,0.));
#10107=DIRECTION('',(-1.22464679914735E-16,0.,1.));
#10108=DIRECTION('center_axis',(0.,-1.,0.));
#10109=DIRECTION('ref_axis',(1.,0.,1.22464679914735E-16));
#10110=DIRECTION('center_axis',(0.,-1.,0.));
#10111=DIRECTION('ref_axis',(1.,0.,1.22464679914735E-16));
#10112=DIRECTION('center_axis',(-1.,0.,-1.22464679914735E-16));
#10113=DIRECTION('ref_axis',(-1.22464679914735E-16,0.,1.));
#10114=DIRECTION('',(-1.22464679914735E-16,0.,1.));
#10115=DIRECTION('center_axis',(1.,0.,1.22464679914735E-16));
#10116=DIRECTION('ref_axis',(1.22464679914735E-16,0.,-1.));
#10117=DIRECTION('',(1.22464679914735E-16,0.,-1.));
#10118=DIRECTION('',(-1.22464679914735E-16,0.,1.));
#10119=DIRECTION('center_axis',(0.,-1.,0.));
#10120=DIRECTION('ref_axis',(1.,0.,1.22464679914735E-16));
#10121=DIRECTION('center_axis',(-1.,0.,-1.22464679914735E-16));
#10122=DIRECTION('ref_axis',(0.,-1.,0.));
#10123=DIRECTION('center_axis',(1.,0.,1.22464679914735E-16));
#10124=DIRECTION('ref_axis',(0.,1.,0.));
#10125=DIRECTION('center_axis',(0.,-1.,0.));
#10126=DIRECTION('ref_axis',(1.,0.,1.22464679914735E-16));
#10127=DIRECTION('',(-1.22464679914735E-16,0.,1.));
#10128=DIRECTION('center_axis',(1.,0.,1.22464679914735E-16));
#10129=DIRECTION('ref_axis',(0.,-1.,0.));
#10130=DIRECTION('',(1.22464679914735E-16,0.,-1.));
#10131=DIRECTION('',(1.22464679914735E-16,0.,-1.));
#10132=DIRECTION('',(1.22464679914735E-16,0.,-1.));
#10133=DIRECTION('',(0.,-1.,0.));
#10134=DIRECTION('',(-1.22464679914735E-16,0.,1.));
#10135=DIRECTION('',(1.22464679914735E-16,0.,-1.));
#10136=DIRECTION('center_axis',(0.,-1.,0.));
#10137=DIRECTION('ref_axis',(-1.22464679914735E-16,0.,1.));
#10138=DIRECTION('',(-1.,0.,-1.22464679914735E-16));
#10139=DIRECTION('center_axis',(0.,1.,0.));
#10140=DIRECTION('ref_axis',(1.22464679914735E-16,0.,-1.));
#10141=DIRECTION('',(1.,0.,1.22464679914735E-16));
#10142=DIRECTION('center_axis',(-1.22464679914735E-16,0.,1.));
#10143=DIRECTION('ref_axis',(1.,0.,1.22464679914735E-16));
#10144=DIRECTION('center_axis',(0.,1.,0.));
#10145=DIRECTION('ref_axis',(-1.,0.,-1.22464679914735E-16));
#10146=DIRECTION('center_axis',(-0.999812473374987,0.0193653836469053,-1.22441714526628E-16));
#10147=DIRECTION('ref_axis',(0.0193653836469053,0.999812473374986,2.3715755097443E-18));
#10148=DIRECTION('',(1.22464679914735E-16,0.,-1.));
#10149=DIRECTION('center_axis',(-0.998241415326781,0.0592796485008606,-1.22249315405627E-16));
#10150=DIRECTION('ref_axis',(0.0592796485008606,0.998241415326781,7.25966317911592E-18));
#10151=DIRECTION('',(1.22464679914735E-16,0.,-1.));
#10152=DIRECTION('center_axis',(1.22464679914735E-16,0.,-1.));
#10153=DIRECTION('ref_axis',(0.997091230983669,-0.0762173018118052,1.22108458448204E-16));
#10154=DIRECTION('',(1.22464679914735E-16,0.,-1.));
#10155=DIRECTION('center_axis',(-0.972976601427023,0.230903731185793,-1.19155268058287E-16));
#10156=DIRECTION('ref_axis',(0.230903731185793,0.972976601427023,2.82775515307862E-17));
#10157=DIRECTION('',(1.22464679914735E-16,0.,-1.));
#10158=DIRECTION('center_axis',(1.22464679914735E-16,0.,-1.));
#10159=DIRECTION('ref_axis',(0.96833936878752,-0.249637470857615,1.18587370847401E-16));
#10160=DIRECTION('',(1.22464679914735E-16,0.,-1.));
#10161=DIRECTION('center_axis',(-0.877325169370366,0.479896392140282,-1.07441346048083E-16));
#10162=DIRECTION('ref_axis',(0.479896392140282,0.877325169370366,5.87703580556959E-17));
#10163=DIRECTION('',(1.22464679914735E-16,0.,-1.));
#10164=DIRECTION('center_axis',(1.22464679914735E-16,0.,-1.));
#10165=DIRECTION('ref_axis',(0.85304609405099,-0.521835569336117,1.0446801686047E-16));
#10166=DIRECTION('',(1.22464679914735E-16,0.,-1.));
#10167=DIRECTION('center_axis',(-0.618144006854851,0.786064874415229,-7.57008079406912E-17));
#10168=DIRECTION('ref_axis',(0.786064874415229,0.618144006854851,9.62651832374777E-17));
#10169=DIRECTION('',(1.22464679914735E-16,0.,-1.));
#10170=DIRECTION('center_axis',(-0.540513742663994,0.841335185280731,-6.61938424848617E-17));
#10171=DIRECTION('ref_axis',(0.841335185280731,0.540513742663994,1.03033844166409E-16));
#10172=DIRECTION('',(1.22464679914735E-16,0.,-1.));
#10173=DIRECTION('center_axis',(-0.461616862705081,0.887079405727761,-5.65317613344221E-17));
#10174=DIRECTION('ref_axis',(0.887079405727761,0.461616862705081,1.08635895481404E-16));
#10175=DIRECTION('',(1.22464679914735E-16,0.,-1.));
#10176=DIRECTION('center_axis',(-0.383036736262094,0.923733110088452,-4.69084713019222E-17));
#10177=DIRECTION('ref_axis',(0.923733110088452,0.383036736262094,1.13124679653625E-16));
#10178=DIRECTION('',(1.22464679914735E-16,0.,-1.));
#10179=DIRECTION('center_axis',(-0.305895744591571,0.952065015343368,-3.74614244486864E-17));
#10180=DIRECTION('ref_axis',(0.952065015343368,0.305895744591571,1.16594337362043E-16));
#10181=DIRECTION('',(1.22464679914735E-16,0.,-1.));
#10182=DIRECTION('center_axis',(-0.230789654184214,0.973003666756468,-2.82635811273022E-17));
#10183=DIRECTION('ref_axis',(0.973003666756468,0.230789654184214,1.19158582605195E-16));
#10184=DIRECTION('',(1.22464679914735E-16,0.,-1.));
#10185=DIRECTION('center_axis',(-0.157701751685251,0.987486788527018,-1.93128945421274E-17));
#10186=DIRECTION('ref_axis',(0.987486788527018,0.157701751685251,1.20932253476991E-16));
#10187=DIRECTION('',(1.22464679914735E-16,0.,-1.));
#10188=DIRECTION('center_axis',(-0.0862579671525474,0.9962728356744,-1.05635543374325E-17));
#10189=DIRECTION('ref_axis',(0.9962728356744,0.0862579671525474,1.22008233928611E-16));
#10190=DIRECTION('',(1.22464679914735E-16,0.,-1.));
#10191=DIRECTION('center_axis',(-0.0299936828550832,0.999550088284118,-3.67316677031185E-18));
#10192=DIRECTION('ref_axis',(0.999550088284118,0.0299936828550832,1.2240958162046E-16));
#10193=DIRECTION('',(1.22464679914735E-16,0.,-1.));
#10194=DIRECTION('center_axis',(-0.000662253375901568,0.999999780710209,
-8.11026477022385E-20));
#10195=DIRECTION('ref_axis',(0.999999780710209,0.000662253375901568,1.22464653059481E-16));
#10196=DIRECTION('',(1.22464679914735E-16,0.,-1.));
#10197=DIRECTION('center_axis',(0.0193653836468416,0.999812473374988,2.3715755097365E-18));
#10198=DIRECTION('ref_axis',(0.999812473374988,-0.0193653836468416,1.22441714526628E-16));
#10199=DIRECTION('',(1.22464679914735E-16,0.,-1.));
#10200=DIRECTION('center_axis',(0.0592796486130603,0.998241415320118,7.25966319285641E-18));
#10201=DIRECTION('ref_axis',(0.998241415320118,-0.0592796486130603,1.22249315404811E-16));
#10202=DIRECTION('',(1.22464679914735E-16,0.,-1.));
#10203=DIRECTION('center_axis',(1.22464679914735E-16,0.,-1.));
#10204=DIRECTION('ref_axis',(-0.0762173020332842,-0.997091230966739,-9.33392749747085E-18));
#10205=DIRECTION('',(1.22464679914735E-16,0.,-1.));
#10206=DIRECTION('center_axis',(0.230903731199768,0.972976601423706,2.82775515324977E-17));
#10207=DIRECTION('ref_axis',(0.972976601423706,-0.230903731199768,1.19155268057881E-16));
#10208=DIRECTION('',(1.22464679914735E-16,0.,-1.));
#10209=DIRECTION('center_axis',(1.22464679914735E-16,0.,-1.));
#10210=DIRECTION('ref_axis',(-0.249637470695068,-0.968339368829425,-3.05717729433956E-17));
#10211=DIRECTION('',(1.22464679914735E-16,0.,-1.));
#10212=DIRECTION('center_axis',(0.479896392161431,0.877325169358797,5.8770358058286E-17));
#10213=DIRECTION('ref_axis',(0.877325169358797,-0.479896392161431,1.07441346046666E-16));
#10214=DIRECTION('',(1.22464679914735E-16,0.,-1.));
#10215=DIRECTION('center_axis',(1.22464679914735E-16,0.,-1.));
#10216=DIRECTION('ref_axis',(-0.521835569280966,-0.853046094084728,-6.39064259601171E-17));
#10217=DIRECTION('',(1.22464679914735E-16,0.,-1.));
#10218=DIRECTION('center_axis',(0.786064874415104,0.618144006855011,9.62651832374623E-17));
#10219=DIRECTION('ref_axis',(0.618144006855011,-0.786064874415104,7.57008079407109E-17));
#10220=DIRECTION('',(1.22464679914735E-16,0.,-1.));
#10221=DIRECTION('center_axis',(0.841335185280667,0.540513742664093,1.03033844166401E-16));
#10222=DIRECTION('ref_axis',(0.540513742664093,-0.841335185280667,6.61938424848738E-17));
#10223=DIRECTION('',(1.22464679914735E-16,0.,-1.));
#10224=DIRECTION('center_axis',(0.887079405727753,0.461616862705097,1.08635895481403E-16));
#10225=DIRECTION('ref_axis',(0.461616862705097,-0.887079405727753,5.6531761334424E-17));
#10226=DIRECTION('',(1.22464679914735E-16,0.,-1.));
#10227=DIRECTION('center_axis',(0.923733110088503,0.383036736261969,1.13124679653631E-16));
#10228=DIRECTION('ref_axis',(0.383036736261969,-0.923733110088503,4.6908471301907E-17));
#10229=DIRECTION('',(1.22464679914735E-16,0.,-1.));
#10230=DIRECTION('center_axis',(0.952065015343348,0.305895744591634,1.16594337362041E-16));
#10231=DIRECTION('ref_axis',(0.305895744591634,-0.952065015343348,3.74614244486941E-17));
#10232=DIRECTION('',(1.22464679914735E-16,0.,-1.));
#10233=DIRECTION('center_axis',(0.97300366675647,0.230789654184203,1.19158582605195E-16));
#10234=DIRECTION('ref_axis',(0.230789654184203,-0.97300366675647,2.82635811273009E-17));
#10235=DIRECTION('',(1.22464679914735E-16,0.,-1.));
#10236=DIRECTION('center_axis',(0.987486788527013,0.157701751685282,1.20932253476991E-16));
#10237=DIRECTION('ref_axis',(0.157701751685282,-0.987486788527013,1.93128945421312E-17));
#10238=DIRECTION('',(1.22464679914735E-16,0.,-1.));
#10239=DIRECTION('center_axis',(0.996272835674406,0.0862579671524742,1.22008233928612E-16));
#10240=DIRECTION('ref_axis',(0.0862579671524742,-0.996272835674406,1.05635543374235E-17));
#10241=DIRECTION('',(1.22464679914735E-16,0.,-1.));
#10242=DIRECTION('center_axis',(0.999550088284107,0.0299936828554472,1.22409581620459E-16));
#10243=DIRECTION('ref_axis',(0.0299936828554472,-0.999550088284107,3.67316677035642E-18));
#10244=DIRECTION('',(1.22464679914735E-16,0.,-1.));
#10245=DIRECTION('center_axis',(1.,0.,1.22464679914735E-16));
#10246=DIRECTION('ref_axis',(0.,-1.,0.));
#10247=DIRECTION('',(1.22464679914735E-16,0.,-1.));
#10248=DIRECTION('center_axis',(0.999812473374986,-0.0193653836469163,1.22441714526628E-16));
#10249=DIRECTION('ref_axis',(-0.0193653836469163,-0.999812473374986,-2.37157550974565E-18));
#10250=DIRECTION('',(1.22464679914735E-16,0.,-1.));
#10251=DIRECTION('center_axis',(0.998241415325354,-0.0592796485248824,1.22249315405452E-16));
#10252=DIRECTION('ref_axis',(-0.0592796485248824,-0.998241415325354,-7.25966318205773E-18));
#10253=DIRECTION('center_axis',(-0.157701751685257,0.987486788527017,-1.9312894542128E-17));
#10254=DIRECTION('ref_axis',(0.987486788527017,0.157701751685257,1.20932253476991E-16));
#10255=DIRECTION('',(1.22464679914735E-16,0.,-1.));
#10256=DIRECTION('',(1.22464679914735E-16,0.,-1.));
#10257=DIRECTION('center_axis',(-0.230789654184207,0.973003666756469,-2.82635811273013E-17));
#10258=DIRECTION('ref_axis',(0.973003666756469,0.230789654184207,1.19158582605195E-16));
#10259=DIRECTION('',(1.22464679914735E-16,0.,-1.));
#10260=DIRECTION('center_axis',(-0.305895744591577,0.952065015343367,-3.74614244486871E-17));
#10261=DIRECTION('ref_axis',(0.952065015343367,0.305895744591577,1.16594337362043E-16));
#10262=DIRECTION('',(1.22464679914735E-16,0.,-1.));
#10263=DIRECTION('center_axis',(-0.383036736262053,0.923733110088468,-4.69084713019173E-17));
#10264=DIRECTION('ref_axis',(0.923733110088468,0.383036736262053,1.13124679653627E-16));
#10265=DIRECTION('',(1.22464679914735E-16,0.,-1.));
#10266=DIRECTION('center_axis',(-0.461616862705124,0.887079405727739,-5.65317613344274E-17));
#10267=DIRECTION('ref_axis',(0.887079405727739,0.461616862705124,1.08635895481401E-16));
#10268=DIRECTION('',(1.22464679914735E-16,0.,-1.));
#10269=DIRECTION('center_axis',(-0.540513742664015,0.841335185280717,-6.61938424848642E-17));
#10270=DIRECTION('ref_axis',(0.841335185280717,0.540513742664015,1.03033844166408E-16));
#10271=DIRECTION('',(1.22464679914735E-16,0.,-1.));
#10272=DIRECTION('center_axis',(-0.618144006854197,0.786064874415743,-7.57008079406112E-17));
#10273=DIRECTION('ref_axis',(0.786064874415743,0.618144006854197,9.62651832375406E-17));
#10274=DIRECTION('',(1.22464679914735E-16,0.,-1.));
#10275=DIRECTION('center_axis',(1.22464679914735E-16,0.,-1.));
#10276=DIRECTION('ref_axis',(-0.856588469383159,0.516000188100564,-1.04901832721662E-16));
#10277=DIRECTION('',(1.22464679914735E-16,0.,-1.));
#10278=DIRECTION('center_axis',(-0.877325169397567,0.479896392090553,-1.07441346051414E-16));
#10279=DIRECTION('ref_axis',(0.479896392090553,0.877325169397567,5.87703580496059E-17));
#10280=DIRECTION('',(1.22464679914735E-16,0.,-1.));
#10281=DIRECTION('center_axis',(1.22464679914735E-16,0.,-1.));
#10282=DIRECTION('ref_axis',(-0.96896273913634,0.247206816583608,-1.18663711697637E-16));
#10283=DIRECTION('',(1.22464679914735E-16,0.,-1.));
#10284=DIRECTION('center_axis',(-0.972976601435669,0.230903731149358,-1.19155268059346E-16));
#10285=DIRECTION('ref_axis',(0.230903731149358,0.972976601435669,2.82775515263243E-17));
#10286=DIRECTION('',(1.22464679914735E-16,0.,-1.));
#10287=DIRECTION('center_axis',(1.22464679914735E-16,0.,-1.));
#10288=DIRECTION('ref_axis',(-0.997231766877032,0.0743559219653241,-1.22125669131402E-16));
#10289=DIRECTION('',(1.22464679914735E-16,0.,-1.));
#10290=DIRECTION('center_axis',(-0.998241415325309,0.0592796485256489,-1.22249315405446E-16));
#10291=DIRECTION('ref_axis',(0.0592796485256489,0.998241415325309,7.2596631821516E-18));
#10292=DIRECTION('',(1.22464679914735E-16,0.,-1.));
#10293=DIRECTION('center_axis',(-0.999812473374987,0.0193653836468863,-1.22441714526628E-16));
#10294=DIRECTION('ref_axis',(0.0193653836468863,0.999812473374987,2.37157550974197E-18));
#10295=DIRECTION('',(1.22464679914735E-16,0.,-1.));
#10296=DIRECTION('center_axis',(-1.,0.,-1.22464679914735E-16));
#10297=DIRECTION('ref_axis',(0.,1.,0.));
#10298=DIRECTION('',(1.22464679914735E-16,0.,-1.));
#10299=DIRECTION('center_axis',(-0.999550088284108,-0.0299936828554322,
-1.22409581620459E-16));
#10300=DIRECTION('ref_axis',(-0.0299936828554322,0.999550088284108,-3.67316677035459E-18));
#10301=DIRECTION('',(1.22464679914735E-16,0.,-1.));
#10302=DIRECTION('center_axis',(-0.996272835674412,-0.0862579671524053,
-1.22008233928613E-16));
#10303=DIRECTION('ref_axis',(-0.0862579671524053,0.996272835674412,-1.05635543374151E-17));
#10304=DIRECTION('',(1.22464679914735E-16,0.,-1.));
#10305=DIRECTION('center_axis',(-0.987486788527002,-0.157701751685348,-1.20932253476989E-16));
#10306=DIRECTION('ref_axis',(-0.157701751685348,0.987486788527002,-1.93128945421393E-17));
#10307=DIRECTION('',(1.22464679914735E-16,0.,-1.));
#10308=DIRECTION('center_axis',(-0.973003666756477,-0.230789654184175,-1.19158582605196E-16));
#10309=DIRECTION('ref_axis',(-0.230789654184175,0.973003666756477,-2.82635811272975E-17));
#10310=DIRECTION('',(1.22464679914735E-16,0.,-1.));
#10311=DIRECTION('center_axis',(-0.952065015343351,-0.305895744591626,-1.16594337362041E-16));
#10312=DIRECTION('ref_axis',(-0.305895744591626,0.952065015343351,-3.74614244486931E-17));
#10313=DIRECTION('',(1.22464679914735E-16,0.,-1.));
#10314=DIRECTION('center_axis',(-0.923733110088467,-0.383036736262055,-1.13124679653627E-16));
#10315=DIRECTION('ref_axis',(-0.383036736262055,0.923733110088467,-4.69084713019175E-17));
#10316=DIRECTION('',(1.22464679914735E-16,0.,-1.));
#10317=DIRECTION('center_axis',(-0.887079405727785,-0.461616862705036,-1.08635895481407E-16));
#10318=DIRECTION('ref_axis',(-0.461616862705036,0.887079405727785,-5.65317613344166E-17));
#10319=DIRECTION('',(1.22464679914735E-16,0.,-1.));
#10320=DIRECTION('center_axis',(-0.841335185280658,-0.540513742664107,-1.030338441664E-16));
#10321=DIRECTION('ref_axis',(-0.540513742664107,0.841335185280658,-6.61938424848755E-17));
#10322=DIRECTION('',(1.22464679914735E-16,0.,-1.));
#10323=DIRECTION('center_axis',(-0.786064874414905,-0.618144006855263,-9.62651832374379E-17));
#10324=DIRECTION('ref_axis',(-0.618144006855263,0.786064874414905,-7.57008079407418E-17));
#10325=DIRECTION('',(1.22464679914735E-16,0.,-1.));
#10326=DIRECTION('center_axis',(1.22464679914735E-16,0.,-1.));
#10327=DIRECTION('ref_axis',(-0.516000188209229,-0.8565884693177,-6.31917978849864E-17));
#10328=DIRECTION('',(1.22464679914735E-16,0.,-1.));
#10329=DIRECTION('center_axis',(-0.479896392160482,-0.877325169359317,-5.87703580581697E-17));
#10330=DIRECTION('ref_axis',(-0.877325169359316,0.479896392160482,-1.0744134604673E-16));
#10331=DIRECTION('',(1.22464679914735E-16,0.,-1.));
#10332=DIRECTION('center_axis',(1.22464679914735E-16,0.,-1.));
#10333=DIRECTION('ref_axis',(-0.247206816674992,-0.968962739113025,-3.02741036768435E-17));
#10334=DIRECTION('',(1.22464679914735E-16,0.,-1.));
#10335=DIRECTION('center_axis',(-0.230903731189999,-0.972976601426024,-2.82775515313013E-17));
#10336=DIRECTION('ref_axis',(-0.972976601426024,0.230903731189999,-1.19155268058165E-16));
#10337=DIRECTION('',(1.22464679914735E-16,0.,-1.));
#10338=DIRECTION('center_axis',(1.22464679914735E-16,0.,-1.));
#10339=DIRECTION('ref_axis',(-0.0743559221740097,-0.997231766861472,-9.10597420880507E-18));
#10340=DIRECTION('',(1.22464679914735E-16,0.,-1.));
#10341=DIRECTION('center_axis',(-0.0592796486087459,-0.998241415320374,
-7.25966319232806E-18));
#10342=DIRECTION('ref_axis',(-0.998241415320374,0.0592796486087459,-1.22249315404842E-16));
#10343=DIRECTION('',(1.22464679914735E-16,0.,-1.));
#10344=DIRECTION('center_axis',(-0.0193653836468586,-0.999812473374987,
-2.37157550973859E-18));
#10345=DIRECTION('ref_axis',(-0.999812473374987,0.0193653836468586,-1.22441714526628E-16));
#10346=DIRECTION('',(1.22464679914735E-16,0.,-1.));
#10347=DIRECTION('center_axis',(0.000662253375901557,-0.999999780710209,
8.11026477022371E-20));
#10348=DIRECTION('ref_axis',(-0.999999780710209,-0.000662253375901557,-1.22464653059481E-16));
#10349=DIRECTION('',(1.22464679914735E-16,0.,-1.));
#10350=DIRECTION('center_axis',(0.0299936828550705,-0.999550088284119,3.67316677031029E-18));
#10351=DIRECTION('ref_axis',(-0.999550088284119,-0.0299936828550705,-1.2240958162046E-16));
#10352=DIRECTION('',(1.22464679914735E-16,0.,-1.));
#10353=DIRECTION('center_axis',(0.0862579671525218,-0.996272835674402,1.05635543374293E-17));
#10354=DIRECTION('ref_axis',(-0.996272835674402,-0.0862579671525218,-1.22008233928611E-16));
#10355=DIRECTION('',(1.22464679914735E-16,0.,-1.));
#10356=DIRECTION('center_axis',(0.157701751685258,-0.987486788527017,1.93128945421282E-17));
#10357=DIRECTION('ref_axis',(-0.987486788527017,-0.157701751685258,-1.20932253476991E-16));
#10358=DIRECTION('',(1.22464679914735E-16,0.,-1.));
#10359=DIRECTION('center_axis',(0.230789654184218,-0.973003666756467,2.82635811273027E-17));
#10360=DIRECTION('ref_axis',(-0.973003666756467,-0.230789654184218,-1.19158582605194E-16));
#10361=DIRECTION('',(1.22464679914735E-16,0.,-1.));
#10362=DIRECTION('center_axis',(0.30589574459158,-0.952065015343366,3.74614244486874E-17));
#10363=DIRECTION('ref_axis',(-0.952065015343366,-0.30589574459158,-1.16594337362043E-16));
#10364=DIRECTION('',(1.22464679914735E-16,0.,-1.));
#10365=DIRECTION('center_axis',(0.383036736262107,-0.923733110088446,4.69084713019238E-17));
#10366=DIRECTION('ref_axis',(-0.923733110088446,-0.383036736262107,-1.13124679653625E-16));
#10367=DIRECTION('',(1.22464679914735E-16,0.,-1.));
#10368=DIRECTION('center_axis',(0.46161686270506,-0.887079405727772,5.65317613344195E-17));
#10369=DIRECTION('ref_axis',(-0.887079405727772,-0.46161686270506,-1.08635895481405E-16));
#10370=DIRECTION('',(1.22464679914735E-16,0.,-1.));
#10371=DIRECTION('center_axis',(0.54051374266401,-0.84133518528072,6.61938424848636E-17));
#10372=DIRECTION('ref_axis',(-0.84133518528072,-0.54051374266401,-1.03033844166408E-16));
#10373=DIRECTION('',(1.22464679914735E-16,0.,-1.));
#10374=DIRECTION('center_axis',(0.618144006854735,-0.78606487441532,7.57008079406771E-17));
#10375=DIRECTION('ref_axis',(-0.78606487441532,-0.618144006854735,-9.62651832374888E-17));
#10376=DIRECTION('',(1.22464679914735E-16,0.,-1.));
#10377=DIRECTION('center_axis',(1.22464679914735E-16,0.,-1.));
#10378=DIRECTION('ref_axis',(0.856588469289128,-0.516000188256659,1.04901832710146E-16));
#10379=DIRECTION('',(1.22464679914735E-16,0.,-1.));
#10380=DIRECTION('center_axis',(0.877325169369908,-0.479896392141118,1.07441346048027E-16));
#10381=DIRECTION('ref_axis',(-0.479896392141118,-0.877325169369908,-5.87703580557984E-17));
#10382=DIRECTION('',(1.22464679914735E-16,0.,-1.));
#10383=DIRECTION('center_axis',(1.22464679914735E-16,0.,-1.));
#10384=DIRECTION('ref_axis',(0.968962739074981,-0.247206816824114,1.18663711690123E-16));
#10385=DIRECTION('',(1.22464679914735E-16,0.,-1.));
#10386=DIRECTION('center_axis',(0.972976601427037,-0.230903731185734,1.19155268058289E-16));
#10387=DIRECTION('ref_axis',(-0.230903731185734,-0.972976601427037,-2.8277551530779E-17));
#10388=DIRECTION('',(1.22464679914735E-16,0.,-1.));
#10389=DIRECTION('center_axis',(1.22464679914735E-16,0.,-1.));
#10390=DIRECTION('ref_axis',(0.997231766876818,-0.0743559219681927,1.22125669131375E-16));
#10391=DIRECTION('',(1.22464679914735E-16,0.,-1.));
#10392=DIRECTION('center_axis',(0.998241415326936,-0.0592796484982472,1.22249315405646E-16));
#10393=DIRECTION('ref_axis',(-0.0592796484982472,-0.998241415326936,-7.25966317879586E-18));
#10394=DIRECTION('',(1.22464679914735E-16,0.,-1.));
#10395=DIRECTION('center_axis',(0.999812473374986,-0.019365383646938,1.22441714526627E-16));
#10396=DIRECTION('ref_axis',(-0.019365383646938,-0.999812473374986,-2.37157550974831E-18));
#10397=DIRECTION('center_axis',(1.22464679914735E-16,0.,-1.));
#10398=DIRECTION('ref_axis',(0.992529840053156,0.122002117211369,1.21549849167933E-16));
#10399=DIRECTION('',(1.22464679914735E-16,0.,-1.));
#10400=DIRECTION('center_axis',(0.989724362225404,0.142988414976592,1.2120627722375E-16));
#10401=DIRECTION('ref_axis',(0.142988414976592,-0.989724362225404,1.75110304716237E-17));
#10402=DIRECTION('',(1.22464679914735E-16,0.,-1.));
#10403=DIRECTION('center_axis',(1.22464679914735E-16,0.,-1.));
#10404=DIRECTION('ref_axis',(0.953773078041334,0.300527728510298,1.16803514713624E-16));
#10405=DIRECTION('',(1.22464679914735E-16,0.,-1.));
#10406=DIRECTION('center_axis',(0.946922078570087,0.32146318158773,1.15964509256282E-16));
#10407=DIRECTION('ref_axis',(0.32146318158773,-0.946922078570087,3.93678856375138E-17));
#10408=DIRECTION('',(1.22464679914735E-16,0.,-1.));
#10409=DIRECTION('center_axis',(0.920938678003389,0.389707520273051,1.12782460422785E-16));
#10410=DIRECTION('ref_axis',(0.389707520273051,-0.920938678003389,4.77254067306044E-17));
#10411=DIRECTION('',(1.22464679914735E-16,0.,-1.));
#10412=DIRECTION('center_axis',(1.22464679914735E-16,0.,-1.));
#10413=DIRECTION('ref_axis',(0.721682590787786,0.692224124221215,8.83806274808632E-17));
#10414=DIRECTION('',(1.22464679914735E-16,0.,-1.));
#10415=DIRECTION('center_axis',(0.692605544684224,0.721316545957924,8.48197163369244E-17));
#10416=DIRECTION('ref_axis',(0.721316545957924,-0.692605544684224,8.83357999179396E-17));
#10417=DIRECTION('',(1.22464679914735E-16,0.,-1.));
#10418=DIRECTION('center_axis',(0.618144006854704,0.786064874415345,7.57008079406732E-17));
#10419=DIRECTION('ref_axis',(0.786064874415345,-0.618144006854704,9.62651832374918E-17));
#10420=DIRECTION('',(1.22464679914735E-16,0.,-1.));
#10421=DIRECTION('center_axis',(0.54051374266401,0.84133518528072,6.61938424848637E-17));
#10422=DIRECTION('ref_axis',(0.84133518528072,-0.54051374266401,1.03033844166408E-16));
#10423=DIRECTION('',(1.22464679914735E-16,0.,-1.));
#10424=DIRECTION('center_axis',(0.461616862705101,0.887079405727751,5.65317613344246E-17));
#10425=DIRECTION('ref_axis',(0.887079405727751,-0.461616862705101,1.08635895481403E-16));
#10426=DIRECTION('',(1.22464679914735E-16,0.,-1.));
#10427=DIRECTION('center_axis',(0.383036736262088,0.923733110088454,4.69084713019215E-17));
#10428=DIRECTION('ref_axis',(0.923733110088454,-0.383036736262088,1.13124679653625E-16));
#10429=DIRECTION('',(1.22464679914735E-16,0.,-1.));
#10430=DIRECTION('center_axis',(0.305895744591564,0.952065015343371,3.74614244486855E-17));
#10431=DIRECTION('ref_axis',(0.952065015343371,-0.305895744591564,1.16594337362043E-16));
#10432=DIRECTION('',(1.22464679914735E-16,0.,-1.));
#10433=DIRECTION('center_axis',(0.23078965418421,0.973003666756469,2.82635811273017E-17));
#10434=DIRECTION('ref_axis',(0.973003666756469,-0.23078965418421,1.19158582605195E-16));
#10435=DIRECTION('',(1.22464679914735E-16,0.,-1.));
#10436=DIRECTION('center_axis',(0.157701751685252,0.987486788527018,1.93128945421275E-17));
#10437=DIRECTION('ref_axis',(0.987486788527018,-0.157701751685252,1.20932253476991E-16));
#10438=DIRECTION('',(1.22464679914735E-16,0.,-1.));
#10439=DIRECTION('center_axis',(0.0862579671524947,0.996272835674405,1.0563554337426E-17));
#10440=DIRECTION('ref_axis',(0.996272835674405,-0.0862579671524947,1.22008233928612E-16));
#10441=DIRECTION('',(1.22464679914735E-16,0.,-1.));
#10442=DIRECTION('center_axis',(0.0299936828555904,0.999550088284103,3.67316677037397E-18));
#10443=DIRECTION('ref_axis',(0.999550088284103,-0.0299936828555904,1.22409581620458E-16));
#10444=DIRECTION('',(1.22464679914735E-16,0.,-1.));
#10445=DIRECTION('center_axis',(0.,1.,0.));
#10446=DIRECTION('ref_axis',(1.,0.,1.22464679914735E-16));
#10447=DIRECTION('',(1.22464679914735E-16,0.,-1.));
#10448=DIRECTION('center_axis',(-0.0299936828555904,0.999550088284103,-3.67316677037397E-18));
#10449=DIRECTION('ref_axis',(0.999550088284103,0.0299936828555904,1.22409581620458E-16));
#10450=DIRECTION('',(1.22464679914735E-16,0.,-1.));
#10451=DIRECTION('center_axis',(-0.0862579671524861,0.996272835674405,-1.0563554337425E-17));
#10452=DIRECTION('ref_axis',(0.996272835674405,0.0862579671524861,1.22008233928612E-16));
#10453=DIRECTION('',(0.,0.,1.));
#10454=DIRECTION('',(1.,0.,0.));
#10455=DIRECTION('',(0.,0.,1.));
#10456=DIRECTION('',(1.,0.,0.));
#10457=CARTESIAN_POINT('',(0.,0.,0.));
#10458=CARTESIAN_POINT('',(0.,0.,0.));
#10459=CARTESIAN_POINT('Origin',(128.20804009073,-64.8042758889996,-3.25));
#10460=CARTESIAN_POINT('',(126.378040090731,-64.8042758889996,-3.05));
#10461=CARTESIAN_POINT('Origin',(128.20804009073,-64.8042758889996,-3.05));
#10462=CARTESIAN_POINT('',(126.77804009073,-64.8042758889996,-3.45));
#10463=CARTESIAN_POINT('',(126.57804009073,-64.8042758889996,-3.25));
#10464=CARTESIAN_POINT('Origin',(128.20804009073,-64.8042758889996,-3.45));
#10465=CARTESIAN_POINT('Origin',(163.699996620275,-97.1760164130179,-3.05));
#10466=CARTESIAN_POINT('',(127.689374964378,-134.477858156156,-3.05));
#10467=CARTESIAN_POINT('',(128.079035990225,-134.511595267883,-3.05));
#10468=CARTESIAN_POINT('',(143.957924120024,-135.886400001761,-3.05));
#10469=CARTESIAN_POINT('',(128.192334366806,-134.514995033052,-3.05));
#10470=CARTESIAN_POINT('',(145.313829779905,-135.028762886654,-3.05));
#10471=CARTESIAN_POINT('',(199.204676251527,-134.562023206509,-3.05));
#10472=CARTESIAN_POINT('',(145.933793777463,-134.526744377017,-3.05));
#10473=CARTESIAN_POINT('',(199.474509104152,-134.556796809709,-3.05));
#10474=CARTESIAN_POINT('',(181.820923182541,-134.898729395287,-3.05));
#10475=CARTESIAN_POINT('',(199.733845594058,-134.541396350703,-3.05));
#10476=CARTESIAN_POINT('',(182.756121375644,-135.549602893201,-3.05));
#10477=CARTESIAN_POINT('',(200.489912281998,-134.432429790063,-3.05));
#10478=CARTESIAN_POINT('Origin',(199.29803703944,-128.840054574,-3.05));
#10479=CARTESIAN_POINT('',(200.709505387835,-134.380316648381,-3.05));
#10480=CARTESIAN_POINT('',(187.260795908378,-137.571921866928,-3.05));
#10481=CARTESIAN_POINT('',(201.578227959164,-134.061683142191,-3.05));
#10482=CARTESIAN_POINT('Origin',(199.54380981338,-129.8586039677,-3.05));
#10483=CARTESIAN_POINT('',(201.938005652255,-133.864884939057,-3.05));
#10484=CARTESIAN_POINT('',(194.765698294154,-137.788133176812,-3.05));
#10485=CARTESIAN_POINT('',(202.934942883304,-133.017823670725,-3.05));
#10486=CARTESIAN_POINT('Origin',(199.73121121175,-130.2574317704,-3.05));
#10487=CARTESIAN_POINT('',(203.196471794956,-132.685249563697,-3.05));
#10488=CARTESIAN_POINT('',(204.146857116922,-131.476688920106,-3.05));
#10489=CARTESIAN_POINT('',(203.437377998527,-132.310267672547,-3.05));
#10490=CARTESIAN_POINT('',(205.500892581188,-129.098309702385,-3.05));
#10491=CARTESIAN_POINT('',(203.648644624204,-131.904281046198,-3.05));
#10492=CARTESIAN_POINT('',(206.397132700602,-126.622569379139,-3.05));
#10493=CARTESIAN_POINT('',(203.828940624777,-131.46947840306,-3.05));
#10494=CARTESIAN_POINT('',(206.861910722274,-124.155154120989,-3.05));
#10495=CARTESIAN_POINT('',(203.976412732026,-131.010488578803,-3.05));
#10496=CARTESIAN_POINT('',(206.945151385713,-121.770633949096,-3.05));
#10497=CARTESIAN_POINT('',(204.088658800699,-130.537261835674,-3.05));
#10498=CARTESIAN_POINT('',(206.702694606061,-119.516549349059,-3.05));
#10499=CARTESIAN_POINT('',(204.162858156156,-130.072645035622,-3.05));
#10500=CARTESIAN_POINT('',(206.184075591804,-117.416314379091,-3.05));
#10501=CARTESIAN_POINT('',(204.196595267883,-129.682984009776,-3.05));
#10502=CARTESIAN_POINT('',(205.425837533892,-115.485331102848,-3.05));
#10503=CARTESIAN_POINT('',(204.2,-129.569520107907,-3.05));
#10504=CARTESIAN_POINT('',(204.665661977926,-114.051170014344,-3.05));
#10505=CARTESIAN_POINT('',(204.2,-64.7851582001062,-3.05));
#10506=CARTESIAN_POINT('',(204.2,-113.372768260462,-3.05));
#10507=CARTESIAN_POINT('',(204.194776809709,-64.5154908958684,-3.05));
#10508=CARTESIAN_POINT('',(204.505977767036,-80.5824382145856,-3.05));
#10509=CARTESIAN_POINT('',(204.179376350806,-64.2561544072959,-3.05));
#10510=CARTESIAN_POINT('',(205.089975762169,-79.5902204453604,-3.05));
#10511=CARTESIAN_POINT('',(204.070409790071,-63.5000877180401,-3.05));
#10512=CARTESIAN_POINT('Origin',(198.47803457402,-64.69196296055,-3.05));
#10513=CARTESIAN_POINT('',(204.018296648512,-63.2804946126717,-3.05));
#10514=CARTESIAN_POINT('',(206.777087758862,-74.9054223921203,-3.05));
#10515=CARTESIAN_POINT('',(203.699663142201,-62.4117720408562,-3.05));
#10516=CARTESIAN_POINT('Origin',(199.49658396771,-64.44619018662,-3.05));
#10517=CARTESIAN_POINT('',(203.502864939363,-62.0519943482395,-3.05));
#10518=CARTESIAN_POINT('',(206.412001782196,-67.3703485086385,-3.05));
#10519=CARTESIAN_POINT('',(202.655803670717,-61.05505711669,-3.05));
#10520=CARTESIAN_POINT('Origin',(199.89541177043,-64.25878878824,-3.05));
#10521=CARTESIAN_POINT('',(202.323229563697,-60.7935282050439,-3.05));
#10522=CARTESIAN_POINT('',(199.396056674857,-58.4916642785987,-3.05));
#10523=CARTESIAN_POINT('',(201.948247672547,-60.5526220014727,-3.05));
#10524=CARTESIAN_POINT('',(196.926127460409,-57.3261730909051,-3.05));
#10525=CARTESIAN_POINT('',(201.542261046199,-60.3413553757962,-3.05));
#10526=CARTESIAN_POINT('',(194.397756263724,-56.6235102066119,-3.05));
#10527=CARTESIAN_POINT('',(201.10745840306,-60.1610593752229,-3.05));
#10528=CARTESIAN_POINT('',(191.913671578913,-56.34874815616,-3.05));
#10529=CARTESIAN_POINT('',(200.648468578803,-60.0135872679736,-3.05));
#10530=CARTESIAN_POINT('',(189.543858651052,-56.4457081131834,-3.05));
#10531=CARTESIAN_POINT('',(200.175241835674,-59.9013411993009,-3.05));
#10532=CARTESIAN_POINT('',(187.33082410463,-56.8547352844161,-3.05));
#10533=CARTESIAN_POINT('',(199.710625035622,-59.8271418438444,-3.05));
#10534=CARTESIAN_POINT('',(185.293548726651,-57.5247331285886,-3.05));
#10535=CARTESIAN_POINT('',(199.320964009776,-59.7934047321171,-3.05));
#10536=CARTESIAN_POINT('',(183.444093442908,-58.4187746801849,-3.05));
#10537=CARTESIAN_POINT('',(199.207500107907,-59.79,-3.05));
#10538=CARTESIAN_POINT('',(182.086871869911,-59.2762581678728,-3.05));
#10539=CARTESIAN_POINT('',(128.192499892093,-59.79,-3.05));
#10540=CARTESIAN_POINT('',(181.453748364091,-59.79,-3.05));
#10541=CARTESIAN_POINT('',(128.079035990224,-59.7934047321171,-3.05));
#10542=CARTESIAN_POINT('',(145.369856704339,-59.274555903139,-3.05));
#10543=CARTESIAN_POINT('',(127.689374964378,-59.8271418438444,-3.05));
#10544=CARTESIAN_POINT('',(144.150733715437,-58.4019064147633,-3.05));
#10545=CARTESIAN_POINT('',(127.224758164326,-59.9013411993009,-3.05));
#10546=CARTESIAN_POINT('',(142.338756377702,-57.4876339771794,-3.05));
#10547=CARTESIAN_POINT('',(126.751531421197,-60.0135872679736,-3.05));
#10548=CARTESIAN_POINT('',(140.305786067226,-56.798613009028,-3.05));
#10549=CARTESIAN_POINT('',(126.29254159694,-60.1610593752229,-3.05));
#10550=CARTESIAN_POINT('',(138.0856331976,-56.3719730438453,-3.05));
#10551=CARTESIAN_POINT('',(125.857738953802,-60.3413553757961,-3.05));
#10552=CARTESIAN_POINT('',(135.703726858794,-56.2586013517004,-3.05));
#10553=CARTESIAN_POINT('',(125.451752327453,-60.5526220014727,-3.05));
#10554=CARTESIAN_POINT('',(133.205234389912,-56.51787827774,-3.05));
#10555=CARTESIAN_POINT('',(125.076770436303,-60.7935282050439,-3.05));
#10556=CARTESIAN_POINT('',(130.661361092845,-57.2057215260606,-3.05));
#10557=CARTESIAN_POINT('',(124.733868003595,-61.0631790832514,-3.05));
#10558=CARTESIAN_POINT('',(128.170228290315,-58.3609014649956,-3.05));
#10559=CARTESIAN_POINT('',(124.432998959638,-61.3520724536256,-3.05));
#10560=CARTESIAN_POINT('',(125.850091629747,-59.9913851851187,-3.05));
#10561=CARTESIAN_POINT('',(123.689256090536,-62.434803439842,-3.05));
#10562=CARTESIAN_POINT('Origin',(127.50471370169,-64.25888485422,-3.05));
#10563=CARTESIAN_POINT('',(123.52298946544,-62.8277169915348,-3.05));
#10564=CARTESIAN_POINT('',(120.4932568697,-69.9874400819977,-3.05));
#10565=CARTESIAN_POINT('',(123.449523089428,-63.044124149378,-3.05));
#10566=CARTESIAN_POINT('',(120.371085638284,-72.1121622854757,-3.05));
#10567=CARTESIAN_POINT('',(123.281869617057,-63.7515325582183,-3.05));
#10568=CARTESIAN_POINT('Origin',(128.44079972865,-64.60061120582,-3.05));
#10569=CARTESIAN_POINT('',(123.247596000359,-63.9887645985443,-3.05));
#10570=CARTESIAN_POINT('',(121.329956065951,-77.2621123824609,-3.05));
#10571=CARTESIAN_POINT('',(123.2,-64.7903679919803,-3.05));
#10572=CARTESIAN_POINT('Origin',(129.81620806205,-64.78099712818,-3.05));
#10573=CARTESIAN_POINT('',(123.2,-129.519841799895,-3.05));
#10574=CARTESIAN_POINT('',(123.2,-80.9831922024991,-3.05));
#10575=CARTESIAN_POINT('',(123.205223190291,-129.789509104124,-3.05));
#10576=CARTESIAN_POINT('',(122.894477550656,-113.746069313915,-3.05));
#10577=CARTESIAN_POINT('',(123.220623649191,-130.04884559275,-3.05));
#10578=CARTESIAN_POINT('',(122.311415819439,-114.738213128647,-3.05));
#10579=CARTESIAN_POINT('',(123.32959020993,-130.804912281966,-3.05));
#10580=CARTESIAN_POINT('Origin',(128.92196542597,-129.6130370394,-3.05));
#10581=CARTESIAN_POINT('',(123.381703351779,-131.024505388518,-3.05));
#10582=CARTESIAN_POINT('',(120.628195350433,-119.421839448939,-3.05));
#10583=CARTESIAN_POINT('',(123.700336857807,-131.89322795916,-3.05));
#10584=CARTESIAN_POINT('Origin',(127.90341603228,-129.8588098133,-3.05));
#10585=CARTESIAN_POINT('',(123.897135061036,-132.253005652444,-3.05));
#10586=CARTESIAN_POINT('',(120.997898441981,-126.952750640079,-3.05));
#10587=CARTESIAN_POINT('',(124.74419632928,-133.249942883308,-3.05));
#10588=CARTESIAN_POINT('Origin',(127.50458822956,-130.0462112117,-3.05));
#10589=CARTESIAN_POINT('',(125.076770436303,-133.511471794956,-3.05));
#10590=CARTESIAN_POINT('',(128.015367892248,-135.822319747935,-3.05));
#10591=CARTESIAN_POINT('',(125.451752327453,-133.752377998527,-3.05));
#10592=CARTESIAN_POINT('',(130.484564312044,-136.985695812292,-3.05));
#10593=CARTESIAN_POINT('',(125.857738953801,-133.963644624204,-3.05));
#10594=CARTESIAN_POINT('',(133.011870831806,-137.68649952488,-3.05));
#10595=CARTESIAN_POINT('',(126.29254159694,-134.143940624777,-3.05));
#10596=CARTESIAN_POINT('',(135.494646201857,-137.959700908905,-3.05));
#10597=CARTESIAN_POINT('',(126.751531421197,-134.291412732026,-3.05));
#10598=CARTESIAN_POINT('',(137.862987032442,-137.861491385187,-3.05));
#10599=CARTESIAN_POINT('',(127.224758164326,-134.403658800699,-3.05));
#10600=CARTESIAN_POINT('',(140.07445352208,-137.451516531672,-3.05));
#10601=CARTESIAN_POINT('',(142.110110150963,-136.78085119458,-3.05));
#10602=CARTESIAN_POINT('',(197.376097932531,-64.8242635714061,-3.05));
#10603=CARTESIAN_POINT('Origin',(199.206097932531,-64.8242635714061,-3.05));
#10604=CARTESIAN_POINT('',(126.507879917347,-129.357193918594,-3.05));
#10605=CARTESIAN_POINT('Origin',(128.337879917347,-129.357193918594,-3.05));
#10606=CARTESIAN_POINT('',(197.186729922932,-129.372730272354,-3.05));
#10607=CARTESIAN_POINT('Origin',(199.016729922932,-129.372730272354,-3.05));
#10608=CARTESIAN_POINT('Origin',(128.20804009073,-64.8042758889996,0.56));
#10609=CARTESIAN_POINT('',(126.77804009073,-64.8042758889996,-5.45));
#10610=CARTESIAN_POINT('',(126.77804009073,-64.8042758889996,0.56));
#10611=CARTESIAN_POINT('Origin',(128.20804009073,-64.8042758889996,-5.45));
#10612=CARTESIAN_POINT('Origin',(199.206097932531,-64.8242635714061,-3.25));
#10613=CARTESIAN_POINT('',(197.776097932531,-64.8242635714061,-3.45));
#10614=CARTESIAN_POINT('',(197.576097932531,-64.8242635714061,-3.25));
#10615=CARTESIAN_POINT('Origin',(199.206097932531,-64.8242635714061,-3.45));
#10616=CARTESIAN_POINT('Origin',(199.206097932531,-64.8242635714061,0.0600000000000012));
#10617=CARTESIAN_POINT('',(197.776097932531,-64.8242635714061,-5.45));
#10618=CARTESIAN_POINT('',(197.776097932531,-64.8242635714061,0.0600000000000012));
#10619=CARTESIAN_POINT('Origin',(199.206097932531,-64.8242635714061,-5.45));
#10620=CARTESIAN_POINT('Origin',(199.016729922932,-129.372730272354,-3.25));
#10621=CARTESIAN_POINT('',(197.586729922932,-129.372730272354,-3.45));
#10622=CARTESIAN_POINT('',(197.386729922932,-129.372730272354,-3.25));
#10623=CARTESIAN_POINT('Origin',(199.016729922932,-129.372730272354,-3.45));
#10624=CARTESIAN_POINT('Origin',(199.016729922932,-129.372730272354,0.0600000000000012));
#10625=CARTESIAN_POINT('',(197.586729922932,-129.372730272354,-5.45));
#10626=CARTESIAN_POINT('',(197.586729922932,-129.372730272354,0.0600000000000012));
#10627=CARTESIAN_POINT('Origin',(199.016729922932,-129.372730272354,-5.45));
#10628=CARTESIAN_POINT('Origin',(128.337879917347,-129.357193918594,-3.25));
#10629=CARTESIAN_POINT('',(126.907879917347,-129.357193918594,-3.45));
#10630=CARTESIAN_POINT('',(126.707879917347,-129.357193918594,-3.25));
#10631=CARTESIAN_POINT('Origin',(128.337879917347,-129.357193918594,-3.45));
#10632=CARTESIAN_POINT('Origin',(128.337879917347,-129.357193918594,0.0600000000000012));
#10633=CARTESIAN_POINT('',(126.907879917347,-129.357193918594,-5.45));
#10634=CARTESIAN_POINT('',(126.907879917347,-129.357193918594,0.0600000000000012));
#10635=CARTESIAN_POINT('Origin',(128.337879917347,-129.357193918594,-5.45));
#10636=CARTESIAN_POINT('Origin',(163.699996620275,-97.1760164130179,-5.45));
#10637=CARTESIAN_POINT('',(128.169999568372,-58.29,-5.45));
#10638=CARTESIAN_POINT('',(199.230000431628,-58.29,-5.45));
#10639=CARTESIAN_POINT('',(128.169999568372,-58.29,-5.45));
#10640=CARTESIAN_POINT('',(199.408222039102,-58.2953479284683,-5.45));
#10641=CARTESIAN_POINT('',(199.230000431628,-58.29,-5.45));
#10642=CARTESIAN_POINT('',(199.893832142487,-58.3373923753775,-5.45));
#10643=CARTESIAN_POINT('',(199.408222039102,-58.2953479284683,-5.45));
#10644=CARTESIAN_POINT('',(200.467015342694,-58.4289297972038,-5.45));
#10645=CARTESIAN_POINT('',(199.893832142487,-58.3373923753775,-5.45));
#10646=CARTESIAN_POINT('',(201.051595315211,-58.5675880718945,-5.45));
#10647=CARTESIAN_POINT('',(200.467015342694,-58.4289297972038,-5.45));
#10648=CARTESIAN_POINT('',(201.625031612238,-58.7518315008915,-5.45));
#10649=CARTESIAN_POINT('',(201.051595315211,-58.5675880718945,-5.45));
#10650=CARTESIAN_POINT('',(202.176944184794,-58.9806885031847,-5.45));
#10651=CARTESIAN_POINT('',(201.625031612238,-58.7518315008915,-5.45));
#10652=CARTESIAN_POINT('',(202.701411690189,-59.2536100058909,-5.45));
#10653=CARTESIAN_POINT('',(202.176944184794,-58.9806885031847,-5.45));
#10654=CARTESIAN_POINT('',(203.194200254789,-59.5702008201754,-5.45));
#10655=CARTESIAN_POINT('',(202.701411690189,-59.2536100058909,-5.45));
#10656=CARTESIAN_POINT('',(203.607445331493,-59.895167595617,-5.45));
#10657=CARTESIAN_POINT('',(203.194200254789,-59.5702008201754,-5.45));
#10658=CARTESIAN_POINT('',(204.802728021202,-61.3026713538196,-5.45));
#10659=CARTESIAN_POINT('Origin',(199.89541177043,-64.25878878824,-5.45));
#10660=CARTESIAN_POINT('',(205.032313505661,-61.7223892916166,-5.45));
#10661=CARTESIAN_POINT('',(204.802728021202,-61.3026713538196,-5.45));
#10662=CARTESIAN_POINT('',(205.474651618209,-62.9210344571866,-5.45));
#10663=CARTESIAN_POINT('Origin',(199.49658396771,-64.44619018662,-5.45));
#10664=CARTESIAN_POINT('',(205.533629966907,-63.1695560076564,-5.45));
#10665=CARTESIAN_POINT('',(205.474651618209,-62.9210344571866,-5.45));
#10666=CARTESIAN_POINT('',(205.676027581704,-64.1552638458974,-5.45));
#10667=CARTESIAN_POINT('Origin',(198.47803457402,-64.69196296055,-5.45));
#10668=CARTESIAN_POINT('',(205.693915238837,-64.4564835834763,-5.45));
#10669=CARTESIAN_POINT('',(205.676027581704,-64.1552638458974,-5.45));
#10670=CARTESIAN_POINT('',(205.7,-64.7706328004192,-5.45));
#10671=CARTESIAN_POINT('',(205.693915238837,-64.4564835834763,-5.45));
#10672=CARTESIAN_POINT('',(205.7,-129.592020431629,-5.45));
#10673=CARTESIAN_POINT('',(205.7,-64.7706328004192,-5.45));
#10674=CARTESIAN_POINT('',(205.694652071532,-129.770242039102,-5.45));
#10675=CARTESIAN_POINT('',(205.7,-129.592020431629,-5.45));
#10676=CARTESIAN_POINT('',(205.652607624623,-130.255852142487,-5.45));
#10677=CARTESIAN_POINT('',(205.694652071532,-129.770242039102,-5.45));
#10678=CARTESIAN_POINT('',(205.561070202796,-130.829035342694,-5.45));
#10679=CARTESIAN_POINT('',(205.652607624623,-130.255852142487,-5.45));
#10680=CARTESIAN_POINT('',(205.422411928105,-131.413615315211,-5.45));
#10681=CARTESIAN_POINT('',(205.561070202796,-130.829035342694,-5.45));
#10682=CARTESIAN_POINT('',(205.238168499108,-131.987051612238,-5.45));
#10683=CARTESIAN_POINT('',(205.422411928105,-131.413615315211,-5.45));
#10684=CARTESIAN_POINT('',(205.009311496815,-132.538964184794,-5.45));
#10685=CARTESIAN_POINT('',(205.238168499108,-131.987051612238,-5.45));
#10686=CARTESIAN_POINT('',(204.736389994109,-133.063431690189,-5.45));
#10687=CARTESIAN_POINT('',(205.009311496815,-132.538964184794,-5.45));
#10688=CARTESIAN_POINT('',(204.419799179825,-133.556220254789,-5.45));
#10689=CARTESIAN_POINT('',(204.736389994109,-133.063431690189,-5.45));
#10690=CARTESIAN_POINT('',(204.094832404368,-133.969465331511,-5.45));
#10691=CARTESIAN_POINT('',(204.419799179825,-133.556220254789,-5.45));
#10692=CARTESIAN_POINT('',(202.687328646807,-135.16474802082,-5.45));
#10693=CARTESIAN_POINT('Origin',(199.73121121175,-130.2574317704,-5.45));
#10694=CARTESIAN_POINT('',(202.267610708464,-135.394333505621,-5.45));
#10695=CARTESIAN_POINT('',(202.687328646807,-135.16474802082,-5.45));
#10696=CARTESIAN_POINT('',(201.068965543379,-135.836671618064,-5.45));
#10697=CARTESIAN_POINT('Origin',(199.54380981338,-129.8586039677,-5.45));
#10698=CARTESIAN_POINT('',(200.820443992354,-135.895649966904,-5.45));
#10699=CARTESIAN_POINT('',(201.068965543379,-135.836671618064,-5.45));
#10700=CARTESIAN_POINT('',(199.834736155601,-136.038047581594,-5.45));
#10701=CARTESIAN_POINT('Origin',(199.29803703944,-128.840054574,-5.45));
#10702=CARTESIAN_POINT('',(199.533516416608,-136.055935238835,-5.45));
#10703=CARTESIAN_POINT('',(199.834736155601,-136.038047581594,-5.45));
#10704=CARTESIAN_POINT('',(199.218705006108,-136.062032826036,-5.45));
#10705=CARTESIAN_POINT('',(199.533516416608,-136.055935238835,-5.45));
#10706=CARTESIAN_POINT('',(128.169337467223,-136.014980132209,-5.45));
#10707=CARTESIAN_POINT('',(199.218705006108,-136.062032826036,-5.45));
#10708=CARTESIAN_POINT('',(127.991777960898,-136.009652071532,-5.45));
#10709=CARTESIAN_POINT('',(128.169337467223,-136.014980132209,-5.45));
#10710=CARTESIAN_POINT('',(127.506167857513,-135.967607624623,-5.45));
#10711=CARTESIAN_POINT('',(127.991777960898,-136.009652071532,-5.45));
#10712=CARTESIAN_POINT('',(126.932984657305,-135.876070202796,-5.45));
#10713=CARTESIAN_POINT('',(127.506167857513,-135.967607624623,-5.45));
#10714=CARTESIAN_POINT('',(126.348404684789,-135.737411928105,-5.45));
#10715=CARTESIAN_POINT('',(126.932984657305,-135.876070202796,-5.45));
#10716=CARTESIAN_POINT('',(125.774968387762,-135.553168499109,-5.45));
#10717=CARTESIAN_POINT('',(126.348404684789,-135.737411928105,-5.45));
#10718=CARTESIAN_POINT('',(125.223055815206,-135.324311496815,-5.45));
#10719=CARTESIAN_POINT('',(125.774968387762,-135.553168499109,-5.45));
#10720=CARTESIAN_POINT('',(124.698588309811,-135.051389994109,-5.45));
#10721=CARTESIAN_POINT('',(125.223055815206,-135.324311496815,-5.45));
#10722=CARTESIAN_POINT('',(124.205799745211,-134.734799179825,-5.45));
#10723=CARTESIAN_POINT('',(124.698588309811,-135.051389994109,-5.45));
#10724=CARTESIAN_POINT('',(123.792554668508,-134.409832404384,-5.45));
#10725=CARTESIAN_POINT('',(124.205799745211,-134.734799179825,-5.45));
#10726=CARTESIAN_POINT('',(122.597271979294,-133.002328647035,-5.45));
#10727=CARTESIAN_POINT('Origin',(127.50458822956,-130.0462112117,-5.45));
#10728=CARTESIAN_POINT('',(122.367686494376,-132.582610708457,-5.45));
#10729=CARTESIAN_POINT('',(122.597271979294,-133.002328647035,-5.45));
#10730=CARTESIAN_POINT('',(121.925348382135,-131.383965544224,-5.45));
#10731=CARTESIAN_POINT('Origin',(127.90341603228,-129.8588098133,-5.45));
#10732=CARTESIAN_POINT('',(121.866370033102,-131.135443992385,-5.45));
#10733=CARTESIAN_POINT('',(121.925348382135,-131.383965544224,-5.45));
#10734=CARTESIAN_POINT('',(121.723972418287,-130.149736154073,-5.45));
#10735=CARTESIAN_POINT('Origin',(128.92196542597,-129.6130370394,-5.45));
#10736=CARTESIAN_POINT('',(121.706084761163,-129.848516416499,-5.45));
#10737=CARTESIAN_POINT('',(121.723972418287,-130.149736154073,-5.45));
#10738=CARTESIAN_POINT('',(121.7,-129.53436719958,-5.45));
#10739=CARTESIAN_POINT('',(121.706084761163,-129.848516416499,-5.45));
#10740=CARTESIAN_POINT('',(121.7,-64.7914719679212,-5.45));
#10741=CARTESIAN_POINT('',(121.7,-129.53436719958,-5.45));
#10742=CARTESIAN_POINT('',(121.760622663429,-63.7908017362146,-5.45));
#10743=CARTESIAN_POINT('Origin',(129.81620806205,-64.78099712818,-5.45));
#10744=CARTESIAN_POINT('',(121.799256872241,-63.5233878745069,-5.45));
#10745=CARTESIAN_POINT('',(121.760622663429,-63.7908017362146,-5.45));
#10746=CARTESIAN_POINT('',(122.023494254778,-62.5785597539379,-5.45));
#10747=CARTESIAN_POINT('Origin',(128.44079972865,-64.60061120582,-5.45));
#10748=CARTESIAN_POINT('',(122.120223861762,-62.293626966139,-5.45));
#10749=CARTESIAN_POINT('',(122.023494254778,-62.5785597539379,-5.45));
#10750=CARTESIAN_POINT('',(122.320179455499,-61.8211012113719,-5.45));
#10751=CARTESIAN_POINT('',(122.120223861762,-62.293626966139,-5.45));
#10752=CARTESIAN_POINT('',(123.37014731378,-60.2930879326378,-5.45));
#10753=CARTESIAN_POINT('Origin',(127.50471370169,-64.25888485422,-5.45));
#10754=CARTESIAN_POINT('',(123.74840701438,-59.9298843330057,-5.45));
#10755=CARTESIAN_POINT('',(123.37014731378,-60.2930879326378,-5.45));
#10756=CARTESIAN_POINT('',(124.205799745211,-59.5702008201754,-5.45));
#10757=CARTESIAN_POINT('',(123.74840701438,-59.9298843330057,-5.45));
#10758=CARTESIAN_POINT('',(124.698588309811,-59.2536100058909,-5.45));
#10759=CARTESIAN_POINT('',(124.205799745211,-59.5702008201754,-5.45));
#10760=CARTESIAN_POINT('',(125.223055815206,-58.9806885031847,-5.45));
#10761=CARTESIAN_POINT('',(124.698588309811,-59.2536100058909,-5.45));
#10762=CARTESIAN_POINT('',(125.774968387762,-58.7518315008915,-5.45));
#10763=CARTESIAN_POINT('',(125.223055815206,-58.9806885031847,-5.45));
#10764=CARTESIAN_POINT('',(126.348404684789,-58.5675880718945,-5.45));
#10765=CARTESIAN_POINT('',(125.774968387762,-58.7518315008915,-5.45));
#10766=CARTESIAN_POINT('',(126.932984657305,-58.4289297972038,-5.45));
#10767=CARTESIAN_POINT('',(126.348404684789,-58.5675880718945,-5.45));
#10768=CARTESIAN_POINT('',(127.506167857513,-58.3373923753775,-5.45));
#10769=CARTESIAN_POINT('',(126.932984657305,-58.4289297972038,-5.45));
#10770=CARTESIAN_POINT('',(127.991777960898,-58.2953479284683,-5.45));
#10771=CARTESIAN_POINT('',(127.506167857513,-58.3373923753775,-5.45));
#10772=CARTESIAN_POINT('',(127.991777960898,-58.2953479284683,-5.45));
#10773=CARTESIAN_POINT('Origin',(211.700000035034,-118.741468479026,-1.44));
#10774=CARTESIAN_POINT('',(205.7,-118.741468479026,-1.44));
#10775=CARTESIAN_POINT('',(205.7,-118.741468479026,1.56));
#10776=CARTESIAN_POINT('',(205.7,-118.741468479026,-0.745));
#10777=CARTESIAN_POINT('',(204.200000035034,-118.741468479026,-1.44));
#10778=CARTESIAN_POINT('',(211.700000035034,-118.741468479026,-1.44));
#10779=CARTESIAN_POINT('',(204.200000035034,-118.741468479026,1.56));
#10780=CARTESIAN_POINT('',(204.2,-118.741468479026,-0.745));
#10781=CARTESIAN_POINT('',(187.699998327654,-118.741468479026,1.56));
#10782=CARTESIAN_POINT('Origin',(211.700000035034,-76.8414684790256,1.56));
#10783=CARTESIAN_POINT('',(205.7,-76.8414684790256,1.56));
#10784=CARTESIAN_POINT('',(205.7,-76.8414684790256,-1.44));
#10785=CARTESIAN_POINT('',(205.7,-76.8414684790256,0.755000000000001));
#10786=CARTESIAN_POINT('',(204.200000035034,-76.8414684790256,1.56));
#10787=CARTESIAN_POINT('',(187.699998327654,-76.8414684790256,1.56));
#10788=CARTESIAN_POINT('',(204.200000035034,-76.8414684790256,-1.44));
#10789=CARTESIAN_POINT('',(204.2,-76.8414684790256,0.755000000000001));
#10790=CARTESIAN_POINT('',(211.700000035034,-76.8414684790256,-1.44));
#10791=CARTESIAN_POINT('Origin',(211.7,-76.8414684790256,-1.44));
#10792=CARTESIAN_POINT('',(205.7,-70.8060506397224,-1.44));
#10793=CARTESIAN_POINT('',(204.2,-103.205494293466,-1.44));
#10794=CARTESIAN_POINT('Origin',(204.2,-129.569520107907,-0.05));
#10795=CARTESIAN_POINT('',(204.2,-64.7851582001062,1.56));
#10796=CARTESIAN_POINT('',(204.2,-113.372768260462,1.56));
#10797=CARTESIAN_POINT('',(204.2,-64.7851582001062,-0.05));
#10798=CARTESIAN_POINT('',(204.2,-129.569520107907,1.56));
#10799=CARTESIAN_POINT('',(204.2,-129.569520107907,-0.05));
#10800=CARTESIAN_POINT('',(204.2,-113.372768260462,1.56));
#10801=CARTESIAN_POINT('Origin',(163.699996620275,-97.1760164130179,1.56));
#10802=CARTESIAN_POINT('',(205.7,-64.7706328004192,1.56));
#10803=CARTESIAN_POINT('',(205.7,-80.9733246067186,1.56));
#10804=CARTESIAN_POINT('',(205.693915238837,-64.4564835834763,1.56));
#10805=CARTESIAN_POINT('',(206.002794741485,-80.4035768685361,1.56));
#10806=CARTESIAN_POINT('',(205.676027581704,-64.1552638458974,1.56));
#10807=CARTESIAN_POINT('',(206.579282209672,-79.3656471839638,1.56));
#10808=CARTESIAN_POINT('',(205.533629966907,-63.1695560076564,1.56));
#10809=CARTESIAN_POINT('Origin',(198.47803457402,-64.69196296055,1.56));
#10810=CARTESIAN_POINT('',(205.474651618209,-62.9210344571866,1.56));
#10811=CARTESIAN_POINT('',(208.208941124005,-74.4427179633399,1.56));
#10812=CARTESIAN_POINT('',(205.032313505661,-61.7223892916166,1.56));
#10813=CARTESIAN_POINT('Origin',(199.49658396771,-64.44619018662,1.56));
#10814=CARTESIAN_POINT('',(204.802728021202,-61.3026713538196,1.56));
#10815=CARTESIAN_POINT('',(207.621528098748,-66.4558758710666,1.56));
#10816=CARTESIAN_POINT('',(203.607445331493,-59.895167595617,1.56));
#10817=CARTESIAN_POINT('Origin',(199.89541177043,-64.25878878824,1.56));
#10818=CARTESIAN_POINT('',(203.194200254789,-59.5702008201754,1.56));
#10819=CARTESIAN_POINT('',(200.128862972031,-57.159687474528,1.56));
#10820=CARTESIAN_POINT('',(202.701411690189,-59.2536100058909,1.56));
#10821=CARTESIAN_POINT('',(197.520603830653,-55.9252126023682,1.56));
#10822=CARTESIAN_POINT('',(202.176944184794,-58.9806885031847,1.56));
#10823=CARTESIAN_POINT('',(194.858317166876,-55.172233903172,1.56));
#10824=CARTESIAN_POINT('',(201.625031612238,-58.7518315008915,1.56));
#10825=CARTESIAN_POINT('',(192.24233441413,-54.8611863861413,1.56));
#10826=CARTESIAN_POINT('',(201.051595315211,-58.5675880718945,1.56));
#10827=CARTESIAN_POINT('',(189.745348915571,-54.9349237000118,1.56));
#10828=CARTESIAN_POINT('',(200.467015342694,-58.4289297972038,1.56));
#10829=CARTESIAN_POINT('',(187.413189727214,-55.3326537989637,1.56));
#10830=CARTESIAN_POINT('',(199.893832142487,-58.3373923753775,1.56));
#10831=CARTESIAN_POINT('',(185.271120193822,-56.0021436252315,1.56));
#10832=CARTESIAN_POINT('',(199.408222039102,-58.2953479284683,1.56));
#10833=CARTESIAN_POINT('',(183.357585420012,-56.9056730957415,1.56));
#10834=CARTESIAN_POINT('',(199.230000431628,-58.29,1.56));
#10835=CARTESIAN_POINT('',(182.06388534298,-57.7748932356003,1.56));
#10836=CARTESIAN_POINT('',(128.169999568372,-58.29,1.56));
#10837=CARTESIAN_POINT('',(145.934998094323,-58.29,1.56));
#10838=CARTESIAN_POINT('',(127.991777960898,-58.2953479284683,1.56));
#10839=CARTESIAN_POINT('',(145.247000476598,-57.7775673011592,1.56));
#10840=CARTESIAN_POINT('',(127.506167857513,-58.3373923753775,1.56));
#10841=CARTESIAN_POINT('',(143.799606173717,-56.9266956096377,1.56));
#10842=CARTESIAN_POINT('',(126.932984657305,-58.4289297972038,1.56));
#10843=CARTESIAN_POINT('',(141.842284910402,-56.0479128624639,1.56));
#10844=CARTESIAN_POINT('',(126.348404684789,-58.5675880718945,1.56));
#10845=CARTESIAN_POINT('',(139.694517086819,-55.4019836952575,1.56));
#10846=CARTESIAN_POINT('',(125.774968387762,-58.7518315008915,1.56));
#10847=CARTESIAN_POINT('',(137.367929872439,-55.0270463987967,1.56));
#10848=CARTESIAN_POINT('',(125.223055815206,-58.9806885031847,1.56));
#10849=CARTESIAN_POINT('',(134.88170641573,-54.975616083115,1.56));
#10850=CARTESIAN_POINT('',(124.698588309811,-59.2536100058909,1.56));
#10851=CARTESIAN_POINT('',(132.279446420888,-55.3086960384916,1.56));
#10852=CARTESIAN_POINT('',(124.205799745211,-59.5702008201754,1.56));
#10853=CARTESIAN_POINT('',(129.632999494725,-56.0835095464515,1.56));
#10854=CARTESIAN_POINT('',(123.74840701438,-59.9298843330057,1.56));
#10855=CARTESIAN_POINT('',(127.042438574213,-57.3395308731649,1.56));
#10856=CARTESIAN_POINT('',(123.37014731378,-60.2930879326378,1.56));
#10857=CARTESIAN_POINT('',(124.64877712632,-59.0653522003487,1.56));
#10858=CARTESIAN_POINT('',(122.320179455499,-61.8211012113719,1.56));
#10859=CARTESIAN_POINT('Origin',(127.50471370169,-64.25888485422,1.56));
#10860=CARTESIAN_POINT('',(122.120223861762,-62.293626966139,1.56));
#10861=CARTESIAN_POINT('',(119.018036746811,-69.6245712049369,1.56));
#10862=CARTESIAN_POINT('',(122.023494254778,-62.5785597539379,1.56));
#10863=CARTESIAN_POINT('',(118.911146474025,-71.7464862804771,1.56));
#10864=CARTESIAN_POINT('',(121.799256872241,-63.5233878745069,1.56));
#10865=CARTESIAN_POINT('Origin',(128.44079972865,-64.60061120582,1.56));
#10866=CARTESIAN_POINT('',(121.76062279591,-63.7908017524992,1.56));
#10867=CARTESIAN_POINT('',(119.827039383711,-77.1745056683775,1.56));
#10868=CARTESIAN_POINT('',(121.7,-64.7914719679212,1.56));
#10869=CARTESIAN_POINT('Origin',(129.81620806205,-64.78099712818,1.56));
#10870=CARTESIAN_POINT('',(121.700000035034,-76.8414684790256,1.56));
#10871=CARTESIAN_POINT('',(121.7,-113.355191806299,1.56));
#10872=CARTESIAN_POINT('',(123.2,-76.8414684790256,1.56));
#10873=CARTESIAN_POINT('',(142.699998327654,-76.8414684790256,1.56));
#10874=CARTESIAN_POINT('',(123.2,-64.7903679919803,1.56));
#10875=CARTESIAN_POINT('',(123.2,-80.9831922024991,1.56));
#10876=CARTESIAN_POINT('',(123.247596000359,-63.9887645985443,1.56));
#10877=CARTESIAN_POINT('Origin',(129.81620806205,-64.78099712818,1.56));
#10878=CARTESIAN_POINT('',(123.281869617057,-63.7515325582183,1.56));
#10879=CARTESIAN_POINT('',(121.32995606595,-77.2621123824609,1.56));
#10880=CARTESIAN_POINT('',(123.449523089428,-63.044124149378,1.56));
#10881=CARTESIAN_POINT('Origin',(128.44079972865,-64.60061120582,1.56));
#10882=CARTESIAN_POINT('',(123.52298946544,-62.8277169915348,1.56));
#10883=CARTESIAN_POINT('',(120.371085638284,-72.1121622854757,1.56));
#10884=CARTESIAN_POINT('',(123.689256090536,-62.434803439842,1.56));
#10885=CARTESIAN_POINT('',(120.4932568697,-69.9874400819978,1.56));
#10886=CARTESIAN_POINT('',(124.432998959638,-61.3520724536256,1.56));
#10887=CARTESIAN_POINT('Origin',(127.50471370169,-64.25888485422,1.56));
#10888=CARTESIAN_POINT('',(124.733868003595,-61.0631790832514,1.56));
#10889=CARTESIAN_POINT('',(125.850091629747,-59.9913851851187,1.56));
#10890=CARTESIAN_POINT('',(125.076770436303,-60.7935282050439,1.56));
#10891=CARTESIAN_POINT('',(128.170228290315,-58.3609014649956,1.56));
#10892=CARTESIAN_POINT('',(125.451752327453,-60.5526220014727,1.56));
#10893=CARTESIAN_POINT('',(130.661361092845,-57.2057215260606,1.56));
#10894=CARTESIAN_POINT('',(125.857738953802,-60.3413553757961,1.56));
#10895=CARTESIAN_POINT('',(133.205234389912,-56.51787827774,1.56));
#10896=CARTESIAN_POINT('',(126.29254159694,-60.1610593752229,1.56));
#10897=CARTESIAN_POINT('',(135.703726858794,-56.2586013517004,1.56));
#10898=CARTESIAN_POINT('',(126.751531421197,-60.0135872679736,1.56));
#10899=CARTESIAN_POINT('',(138.0856331976,-56.3719730438453,1.56));
#10900=CARTESIAN_POINT('',(127.224758164326,-59.9013411993009,1.56));
#10901=CARTESIAN_POINT('',(140.305786067226,-56.798613009028,1.56));
#10902=CARTESIAN_POINT('',(127.689374964378,-59.8271418438444,1.56));
#10903=CARTESIAN_POINT('',(142.338756377702,-57.4876339771794,1.56));
#10904=CARTESIAN_POINT('',(128.079035990224,-59.7934047321171,1.56));
#10905=CARTESIAN_POINT('',(144.150733715437,-58.4019064147633,1.56));
#10906=CARTESIAN_POINT('',(128.192499892093,-59.79,1.56));
#10907=CARTESIAN_POINT('',(145.369856704339,-59.274555903139,1.56));
#10908=CARTESIAN_POINT('',(199.207500107907,-59.79,1.56));
#10909=CARTESIAN_POINT('',(181.453748364091,-59.79,1.56));
#10910=CARTESIAN_POINT('',(199.320964009776,-59.7934047321171,1.56));
#10911=CARTESIAN_POINT('',(182.086871869911,-59.2762581678728,1.56));
#10912=CARTESIAN_POINT('',(199.710625035622,-59.8271418438444,1.56));
#10913=CARTESIAN_POINT('',(183.444093442908,-58.4187746801849,1.56));
#10914=CARTESIAN_POINT('',(200.175241835674,-59.9013411993009,1.56));
#10915=CARTESIAN_POINT('',(185.293548726651,-57.5247331285886,1.56));
#10916=CARTESIAN_POINT('',(200.648468578803,-60.0135872679736,1.56));
#10917=CARTESIAN_POINT('',(187.33082410463,-56.8547352844161,1.56));
#10918=CARTESIAN_POINT('',(201.10745840306,-60.1610593752229,1.56));
#10919=CARTESIAN_POINT('',(189.543858651052,-56.4457081131834,1.56));
#10920=CARTESIAN_POINT('',(201.542261046199,-60.3413553757962,1.56));
#10921=CARTESIAN_POINT('',(191.913671578913,-56.34874815616,1.56));
#10922=CARTESIAN_POINT('',(201.948247672547,-60.5526220014727,1.56));
#10923=CARTESIAN_POINT('',(194.397756263724,-56.6235102066119,1.56));
#10924=CARTESIAN_POINT('',(202.323229563697,-60.7935282050439,1.56));
#10925=CARTESIAN_POINT('',(196.926127460409,-57.3261730909051,1.56));
#10926=CARTESIAN_POINT('',(202.655803670717,-61.05505711669,1.56));
#10927=CARTESIAN_POINT('',(199.396056674857,-58.4916642785987,1.56));
#10928=CARTESIAN_POINT('',(203.502864939363,-62.0519943482395,1.56));
#10929=CARTESIAN_POINT('Origin',(199.89541177043,-64.25878878824,1.56));
#10930=CARTESIAN_POINT('',(203.699663142201,-62.4117720408562,1.56));
#10931=CARTESIAN_POINT('',(206.412001782196,-67.3703485086385,1.56));
#10932=CARTESIAN_POINT('',(204.018296648512,-63.2804946126717,1.56));
#10933=CARTESIAN_POINT('Origin',(199.49658396771,-64.44619018662,1.56));
#10934=CARTESIAN_POINT('',(204.070409790071,-63.5000877180401,1.56));
#10935=CARTESIAN_POINT('',(206.777087758862,-74.9054223921203,1.56));
#10936=CARTESIAN_POINT('',(204.179376350806,-64.2561544072959,1.56));
#10937=CARTESIAN_POINT('Origin',(198.47803457402,-64.69196296055,1.56));
#10938=CARTESIAN_POINT('',(204.194776809709,-64.5154908958684,1.56));
#10939=CARTESIAN_POINT('',(205.089975762169,-79.5902204453604,1.56));
#10940=CARTESIAN_POINT('',(204.505977767036,-80.5824382145856,1.56));
#10941=CARTESIAN_POINT('Origin',(121.700000035034,-76.8414684790256,2.56));
#10942=CARTESIAN_POINT('',(121.700000035034,-76.8414684790256,-1.44));
#10943=CARTESIAN_POINT('',(121.7,-76.8414684790256,1.255));
#10944=CARTESIAN_POINT('',(123.2,-76.8414684790256,-1.44));
#10945=CARTESIAN_POINT('',(123.2,-76.8414684790256,-1.44));
#10946=CARTESIAN_POINT('',(123.2,-76.8414684790256,1.255));
#10947=CARTESIAN_POINT('Origin',(123.2,-64.7903679919803,-0.05));
#10948=CARTESIAN_POINT('',(123.2,-118.741468479026,-1.44));
#10949=CARTESIAN_POINT('',(123.2,-88.665918235503,-1.44));
#10950=CARTESIAN_POINT('',(123.2,-118.741468479026,1.56));
#10951=CARTESIAN_POINT('',(123.2,-118.741468479026,1.255));
#10952=CARTESIAN_POINT('',(123.2,-129.519841799895,1.56));
#10953=CARTESIAN_POINT('',(123.2,-80.9831922024991,1.56));
#10954=CARTESIAN_POINT('',(123.2,-129.519841799895,-0.05));
#10955=CARTESIAN_POINT('',(123.2,-64.7903679919803,-0.05));
#10956=CARTESIAN_POINT('Origin',(123.2,-118.741468479026,2.56));
#10957=CARTESIAN_POINT('',(121.700000035034,-118.741468479026,1.56));
#10958=CARTESIAN_POINT('',(143.449998310137,-118.741468479026,1.56));
#10959=CARTESIAN_POINT('',(121.700000035034,-118.741468479026,-1.44));
#10960=CARTESIAN_POINT('',(121.700000035034,-118.741468479026,-1.44));
#10961=CARTESIAN_POINT('',(121.7,-118.741468479026,1.255));
#10962=CARTESIAN_POINT('Origin',(122.450000017517,-97.7914684790256,-1.44));
#10963=CARTESIAN_POINT('',(121.7,-121.037917839303,-1.44));
#10964=CARTESIAN_POINT('Origin',(163.699996620275,-97.1760164130179,1.56));
#10965=CARTESIAN_POINT('',(204.196595267883,-129.682984009776,1.56));
#10966=CARTESIAN_POINT('',(204.665661977926,-114.051170014344,1.56));
#10967=CARTESIAN_POINT('',(204.162858156156,-130.072645035622,1.56));
#10968=CARTESIAN_POINT('',(205.425837533892,-115.485331102848,1.56));
#10969=CARTESIAN_POINT('',(204.088658800699,-130.537261835674,1.56));
#10970=CARTESIAN_POINT('',(206.184075591804,-117.416314379091,1.56));
#10971=CARTESIAN_POINT('',(203.976412732026,-131.010488578803,1.56));
#10972=CARTESIAN_POINT('',(206.702694606061,-119.516549349059,1.56));
#10973=CARTESIAN_POINT('',(203.828940624777,-131.46947840306,1.56));
#10974=CARTESIAN_POINT('',(206.945151385713,-121.770633949096,1.56));
#10975=CARTESIAN_POINT('',(203.648644624204,-131.904281046198,1.56));
#10976=CARTESIAN_POINT('',(206.861910722274,-124.155154120989,1.56));
#10977=CARTESIAN_POINT('',(203.437377998527,-132.310267672547,1.56));
#10978=CARTESIAN_POINT('',(206.397132700602,-126.622569379139,1.56));
#10979=CARTESIAN_POINT('',(203.196471794956,-132.685249563697,1.56));
#10980=CARTESIAN_POINT('',(205.500892581188,-129.098309702385,1.56));
#10981=CARTESIAN_POINT('',(202.934942883304,-133.017823670725,1.56));
#10982=CARTESIAN_POINT('',(204.146857116922,-131.476688920106,1.56));
#10983=CARTESIAN_POINT('',(201.938005652255,-133.864884939057,1.56));
#10984=CARTESIAN_POINT('Origin',(199.73121121175,-130.2574317704,1.56));
#10985=CARTESIAN_POINT('',(201.578227959164,-134.061683142191,1.56));
#10986=CARTESIAN_POINT('',(194.765698294154,-137.788133176812,1.56));
#10987=CARTESIAN_POINT('',(200.709505387835,-134.380316648381,1.56));
#10988=CARTESIAN_POINT('Origin',(199.54380981338,-129.8586039677,1.56));
#10989=CARTESIAN_POINT('',(200.489912281998,-134.432429790063,1.56));
#10990=CARTESIAN_POINT('',(187.260795908378,-137.571921866928,1.56));
#10991=CARTESIAN_POINT('',(199.733845594058,-134.541396350703,1.56));
#10992=CARTESIAN_POINT('Origin',(199.29803703944,-128.840054574,1.56));
#10993=CARTESIAN_POINT('',(199.474509104152,-134.556796809709,1.56));
#10994=CARTESIAN_POINT('',(182.756121375644,-135.549602893201,1.56));
#10995=CARTESIAN_POINT('',(199.204676251527,-134.562023206509,1.56));
#10996=CARTESIAN_POINT('',(181.820923182541,-134.898729395287,1.56));
#10997=CARTESIAN_POINT('',(128.192334366806,-134.514995033052,1.56));
#10998=CARTESIAN_POINT('',(145.933793777463,-134.526744377017,1.56));
#10999=CARTESIAN_POINT('',(128.079035990225,-134.511595267883,1.56));
#11000=CARTESIAN_POINT('',(145.313829779905,-135.028762886654,1.56));
#11001=CARTESIAN_POINT('',(127.689374964378,-134.477858156156,1.56));
#11002=CARTESIAN_POINT('',(143.957924120024,-135.886400001761,1.56));
#11003=CARTESIAN_POINT('',(127.224758164326,-134.403658800699,1.56));
#11004=CARTESIAN_POINT('',(142.110110150963,-136.78085119458,1.56));
#11005=CARTESIAN_POINT('',(126.751531421197,-134.291412732026,1.56));
#11006=CARTESIAN_POINT('',(140.07445352208,-137.451516531672,1.56));
#11007=CARTESIAN_POINT('',(126.29254159694,-134.143940624777,1.56));
#11008=CARTESIAN_POINT('',(137.862987032442,-137.861491385187,1.56));
#11009=CARTESIAN_POINT('',(125.857738953801,-133.963644624204,1.56));
#11010=CARTESIAN_POINT('',(135.494646201857,-137.959700908905,1.56));
#11011=CARTESIAN_POINT('',(125.451752327453,-133.752377998527,1.56));
#11012=CARTESIAN_POINT('',(133.011870831806,-137.68649952488,1.56));
#11013=CARTESIAN_POINT('',(125.076770436303,-133.511471794956,1.56));
#11014=CARTESIAN_POINT('',(130.484564312044,-136.985695812292,1.56));
#11015=CARTESIAN_POINT('',(124.74419632928,-133.249942883308,1.56));
#11016=CARTESIAN_POINT('',(128.015367892248,-135.822319747935,1.56));
#11017=CARTESIAN_POINT('',(123.897135061036,-132.253005652444,1.56));
#11018=CARTESIAN_POINT('Origin',(127.50458822956,-130.0462112117,1.56));
#11019=CARTESIAN_POINT('',(123.700336857807,-131.89322795916,1.56));
#11020=CARTESIAN_POINT('',(120.997898441981,-126.952750640079,1.56));
#11021=CARTESIAN_POINT('',(123.381703351779,-131.024505388518,1.56));
#11022=CARTESIAN_POINT('Origin',(127.90341603228,-129.8588098133,1.56));
#11023=CARTESIAN_POINT('',(123.32959020993,-130.804912281966,1.56));
#11024=CARTESIAN_POINT('',(120.628195350433,-119.421839448939,1.56));
#11025=CARTESIAN_POINT('',(123.220623649191,-130.04884559275,1.56));
#11026=CARTESIAN_POINT('Origin',(128.92196542597,-129.6130370394,1.56));
#11027=CARTESIAN_POINT('',(123.205223190291,-129.789509104124,1.56));
#11028=CARTESIAN_POINT('',(122.311415819439,-114.738213128647,1.56));
#11029=CARTESIAN_POINT('',(122.894477550656,-113.746069313915,1.56));
#11030=CARTESIAN_POINT('',(121.7,-129.53436719958,1.56));
#11031=CARTESIAN_POINT('',(121.7,-113.355191806299,1.56));
#11032=CARTESIAN_POINT('',(121.706084761163,-129.848516416499,1.56));
#11033=CARTESIAN_POINT('',(121.397660576206,-113.924930659953,1.56));
#11034=CARTESIAN_POINT('',(121.723972418287,-130.149736154073,1.56));
#11035=CARTESIAN_POINT('',(120.822109371978,-114.962786389938,1.56));
#11036=CARTESIAN_POINT('',(121.866370033102,-131.135443992385,1.56));
#11037=CARTESIAN_POINT('Origin',(128.92196542597,-129.6130370394,1.56));
#11038=CARTESIAN_POINT('',(121.925348382135,-131.383965544224,1.56));
#11039=CARTESIAN_POINT('',(119.196341985466,-119.884543878454,1.56));
#11040=CARTESIAN_POINT('',(122.367686494376,-132.582610708457,1.56));
#11041=CARTESIAN_POINT('Origin',(127.90341603228,-129.8588098133,1.56));
#11042=CARTESIAN_POINT('',(122.597271979294,-133.002328647035,1.56));
#11043=CARTESIAN_POINT('',(119.788372125704,-127.867223278146,1.56));
#11044=CARTESIAN_POINT('',(123.792554668508,-134.409832404384,1.56));
#11045=CARTESIAN_POINT('Origin',(127.50458822956,-130.0462112117,1.56));
#11046=CARTESIAN_POINT('',(124.205799745211,-134.734799179825,1.56));
#11047=CARTESIAN_POINT('',(127.282561595075,-137.154296552007,1.56));
#11048=CARTESIAN_POINT('',(124.698588309811,-135.051389994109,1.56));
#11049=CARTESIAN_POINT('',(129.890087941799,-138.386656300829,1.56));
#11050=CARTESIAN_POINT('',(125.223055815206,-135.324311496815,1.56));
#11051=CARTESIAN_POINT('',(132.551309928654,-139.13777582832,1.56));
#11052=CARTESIAN_POINT('',(125.774968387762,-135.553168499109,1.56));
#11053=CARTESIAN_POINT('',(135.16598336664,-139.447262678924,1.56));
#11054=CARTESIAN_POINT('',(126.348404684789,-135.737411928105,1.56));
#11055=CARTESIAN_POINT('',(137.661496767922,-139.372275798358,1.56));
#11056=CARTESIAN_POINT('',(126.932984657305,-135.876070202796,1.56));
#11057=CARTESIAN_POINT('',(139.992087899496,-138.973598017124,1.56));
#11058=CARTESIAN_POINT('',(127.506167857513,-135.967607624623,1.56));
#11059=CARTESIAN_POINT('',(142.132538683792,-138.303440697937,1.56));
#11060=CARTESIAN_POINT('',(127.991777960898,-136.009652071532,1.56));
#11061=CARTESIAN_POINT('',(144.04443214292,-137.399501586204,1.56));
#11062=CARTESIAN_POINT('',(128.169337467223,-136.014980132209,1.56));
#11063=CARTESIAN_POINT('',(145.336485256263,-136.53011788503,1.56));
#11064=CARTESIAN_POINT('',(199.218705006108,-136.062032826036,1.56));
#11065=CARTESIAN_POINT('',(181.446482407082,-136.050263109041,1.56));
#11066=CARTESIAN_POINT('',(199.533516416608,-136.055935238835,1.56));
#11067=CARTESIAN_POINT('',(181.999867302817,-136.395544766482,1.56));
#11068=CARTESIAN_POINT('',(199.834736155601,-136.038047581594,1.56));
#11069=CARTESIAN_POINT('',(182.980694637734,-137.038909340566,1.56));
#11070=CARTESIAN_POINT('',(200.820443992354,-135.895649966904,1.56));
#11071=CARTESIAN_POINT('Origin',(199.29803703944,-128.840054574,1.56));
#11072=CARTESIAN_POINT('',(201.068965543379,-135.836671618064,1.56));
#11073=CARTESIAN_POINT('',(187.723500337211,-139.003775231916,1.56));
#11074=CARTESIAN_POINT('',(202.267610708464,-135.394333505621,1.56));
#11075=CARTESIAN_POINT('Origin',(199.54380981338,-129.8586039677,1.56));
#11076=CARTESIAN_POINT('',(202.687328646807,-135.16474802082,1.56));
#11077=CARTESIAN_POINT('',(195.680170932067,-138.997659493152,1.56));
#11078=CARTESIAN_POINT('',(204.094832404368,-133.969465331511,1.56));
#11079=CARTESIAN_POINT('Origin',(199.73121121175,-130.2574317704,1.56));
#11080=CARTESIAN_POINT('',(204.419799179825,-133.556220254789,1.56));
#11081=CARTESIAN_POINT('',(205.478833920988,-132.209495217287,1.56));
#11082=CARTESIAN_POINT('',(204.736389994109,-133.063431690189,1.56));
#11083=CARTESIAN_POINT('',(206.901853069725,-129.692786072629,1.56));
#11084=CARTESIAN_POINT('',(205.009311496815,-132.538964184794,1.56));
#11085=CARTESIAN_POINT('',(207.848409004042,-127.083130282289,1.56));
#11086=CARTESIAN_POINT('',(205.238168499108,-131.987051612238,1.56));
#11087=CARTESIAN_POINT('',(208.349472492292,-124.483816956208,1.56));
#11088=CARTESIAN_POINT('',(205.422411928105,-131.413615315211,1.56));
#11089=CARTESIAN_POINT('',(208.455935798885,-121.972124213616,1.56));
#11090=CARTESIAN_POINT('',(205.561070202796,-130.829035342694,1.56));
#11091=CARTESIAN_POINT('',(208.224776091513,-119.598914971642,1.56));
#11092=CARTESIAN_POINT('',(205.652607624623,-130.255852142487,1.56));
#11093=CARTESIAN_POINT('',(207.706665095162,-117.393885846263,1.56));
#11094=CARTESIAN_POINT('',(205.694652071532,-129.770242039102,1.56));
#11095=CARTESIAN_POINT('',(206.938939118335,-115.398823079951,1.56));
#11096=CARTESIAN_POINT('',(205.7,-129.592020431629,1.56));
#11097=CARTESIAN_POINT('',(206.167026910197,-114.028183487412,1.56));
#11098=CARTESIAN_POINT('',(205.7,-80.9733246067186,1.56));
#11099=CARTESIAN_POINT('Origin',(127.689374964378,-134.477858156156,-0.05));
#11100=CARTESIAN_POINT('',(128.079035990225,-134.511595267883,-0.05));
#11101=CARTESIAN_POINT('',(127.689374964378,-134.477858156156,-0.05));
#11102=CARTESIAN_POINT('Origin',(128.079035990225,-134.511595267883,-0.05));
#11103=CARTESIAN_POINT('',(128.192334366806,-134.514995033052,-0.05));
#11104=CARTESIAN_POINT('Origin',(128.192334366806,-134.514995033052,-0.05));
#11105=CARTESIAN_POINT('',(199.204676251527,-134.562023206509,-0.05));
#11106=CARTESIAN_POINT('Origin',(199.204676251527,-134.562023206509,-0.05));
#11107=CARTESIAN_POINT('',(199.474509104152,-134.556796809709,-0.05));
#11108=CARTESIAN_POINT('Origin',(199.474509104152,-134.556796809709,-0.05));
#11109=CARTESIAN_POINT('',(199.733845594058,-134.541396350703,-0.05));
#11110=CARTESIAN_POINT('Origin',(199.29803703944,-128.840054574,-0.05));
#11111=CARTESIAN_POINT('',(200.489912281998,-134.432429790063,-0.05));
#11112=CARTESIAN_POINT('Origin',(200.489912281998,-134.432429790063,-0.05));
#11113=CARTESIAN_POINT('',(200.709505387835,-134.380316648381,-0.05));
#11114=CARTESIAN_POINT('Origin',(199.54380981338,-129.8586039677,-0.05));
#11115=CARTESIAN_POINT('',(201.578227959164,-134.061683142191,-0.05));
#11116=CARTESIAN_POINT('Origin',(201.578227959164,-134.061683142191,-0.05));
#11117=CARTESIAN_POINT('',(201.938005652255,-133.864884939057,-0.05));
#11118=CARTESIAN_POINT('Origin',(199.73121121175,-130.2574317704,-0.05));
#11119=CARTESIAN_POINT('',(202.934942883304,-133.017823670725,-0.05));
#11120=CARTESIAN_POINT('Origin',(202.934942883304,-133.017823670725,-0.05));
#11121=CARTESIAN_POINT('',(203.196471794956,-132.685249563697,-0.05));
#11122=CARTESIAN_POINT('Origin',(203.196471794956,-132.685249563697,-0.05));
#11123=CARTESIAN_POINT('',(203.437377998527,-132.310267672547,-0.05));
#11124=CARTESIAN_POINT('Origin',(203.437377998527,-132.310267672547,-0.05));
#11125=CARTESIAN_POINT('',(203.648644624204,-131.904281046198,-0.05));
#11126=CARTESIAN_POINT('Origin',(203.648644624204,-131.904281046198,-0.05));
#11127=CARTESIAN_POINT('',(203.828940624777,-131.46947840306,-0.05));
#11128=CARTESIAN_POINT('Origin',(203.828940624777,-131.46947840306,-0.05));
#11129=CARTESIAN_POINT('',(203.976412732026,-131.010488578803,-0.05));
#11130=CARTESIAN_POINT('Origin',(203.976412732026,-131.010488578803,-0.05));
#11131=CARTESIAN_POINT('',(204.088658800699,-130.537261835674,-0.05));
#11132=CARTESIAN_POINT('Origin',(204.088658800699,-130.537261835674,-0.05));
#11133=CARTESIAN_POINT('',(204.162858156156,-130.072645035622,-0.05));
#11134=CARTESIAN_POINT('Origin',(204.162858156156,-130.072645035622,-0.05));
#11135=CARTESIAN_POINT('',(204.196595267883,-129.682984009776,-0.05));
#11136=CARTESIAN_POINT('Origin',(204.196595267883,-129.682984009776,-0.05));
#11137=CARTESIAN_POINT('Origin',(204.2,-64.7851582001062,-0.05));
#11138=CARTESIAN_POINT('',(204.194776809709,-64.5154908958684,-0.05));
#11139=CARTESIAN_POINT('Origin',(204.194776809709,-64.5154908958684,-0.05));
#11140=CARTESIAN_POINT('',(204.179376350806,-64.2561544072959,-0.05));
#11141=CARTESIAN_POINT('Origin',(198.47803457402,-64.69196296055,-0.05));
#11142=CARTESIAN_POINT('',(204.070409790071,-63.5000877180401,-0.05));
#11143=CARTESIAN_POINT('Origin',(204.070409790071,-63.5000877180401,-0.05));
#11144=CARTESIAN_POINT('',(204.018296648512,-63.2804946126717,-0.05));
#11145=CARTESIAN_POINT('Origin',(199.49658396771,-64.44619018662,-0.05));
#11146=CARTESIAN_POINT('',(203.699663142201,-62.4117720408562,-0.05));
#11147=CARTESIAN_POINT('Origin',(203.699663142201,-62.4117720408562,-0.05));
#11148=CARTESIAN_POINT('',(203.502864939363,-62.0519943482395,-0.05));
#11149=CARTESIAN_POINT('Origin',(199.89541177043,-64.25878878824,-0.05));
#11150=CARTESIAN_POINT('',(202.655803670717,-61.05505711669,-0.05));
#11151=CARTESIAN_POINT('Origin',(202.655803670717,-61.05505711669,-0.05));
#11152=CARTESIAN_POINT('',(202.323229563697,-60.7935282050439,-0.05));
#11153=CARTESIAN_POINT('Origin',(202.323229563697,-60.7935282050439,-0.05));
#11154=CARTESIAN_POINT('',(201.948247672547,-60.5526220014727,-0.05));
#11155=CARTESIAN_POINT('Origin',(201.948247672547,-60.5526220014727,-0.05));
#11156=CARTESIAN_POINT('',(201.542261046199,-60.3413553757962,-0.05));
#11157=CARTESIAN_POINT('Origin',(201.542261046199,-60.3413553757962,-0.05));
#11158=CARTESIAN_POINT('',(201.10745840306,-60.1610593752229,-0.05));
#11159=CARTESIAN_POINT('Origin',(201.10745840306,-60.1610593752229,-0.05));
#11160=CARTESIAN_POINT('',(200.648468578803,-60.0135872679736,-0.05));
#11161=CARTESIAN_POINT('Origin',(200.648468578803,-60.0135872679736,-0.05));
#11162=CARTESIAN_POINT('',(200.175241835674,-59.9013411993009,-0.05));
#11163=CARTESIAN_POINT('Origin',(200.175241835674,-59.9013411993009,-0.05));
#11164=CARTESIAN_POINT('',(199.710625035622,-59.8271418438444,-0.05));
#11165=CARTESIAN_POINT('Origin',(121.76062279591,-63.7908017524992,-0.05));
#11166=CARTESIAN_POINT('',(121.799256872241,-63.5233878745069,-3.05));
#11167=CARTESIAN_POINT('',(121.799256872241,-63.5233878745069,-0.05));
#11168=CARTESIAN_POINT('',(121.76062279591,-63.7908017524992,-3.05));
#11169=CARTESIAN_POINT('',(119.827039383711,-77.1745056683775,-3.05));
#11170=CARTESIAN_POINT('',(121.76062279591,-63.7908017524992,-0.05));
#11171=CARTESIAN_POINT('Origin',(127.224758164326,-134.403658800699,-0.05));
#11172=CARTESIAN_POINT('',(127.224758164326,-134.403658800699,-0.05));
#11173=CARTESIAN_POINT('Origin',(126.751531421197,-134.291412732026,-0.05));
#11174=CARTESIAN_POINT('',(126.751531421197,-134.291412732026,-0.05));
#11175=CARTESIAN_POINT('Origin',(126.29254159694,-134.143940624777,-0.05));
#11176=CARTESIAN_POINT('',(126.29254159694,-134.143940624777,-0.05));
#11177=CARTESIAN_POINT('Origin',(125.857738953801,-133.963644624204,-0.05));
#11178=CARTESIAN_POINT('',(125.857738953801,-133.963644624204,-0.05));
#11179=CARTESIAN_POINT('Origin',(125.451752327453,-133.752377998527,-0.05));
#11180=CARTESIAN_POINT('',(125.451752327453,-133.752377998527,-0.05));
#11181=CARTESIAN_POINT('Origin',(125.076770436303,-133.511471794956,-0.05));
#11182=CARTESIAN_POINT('',(125.076770436303,-133.511471794956,-0.05));
#11183=CARTESIAN_POINT('Origin',(124.74419632928,-133.249942883308,-0.05));
#11184=CARTESIAN_POINT('',(124.74419632928,-133.249942883308,-0.05));
#11185=CARTESIAN_POINT('Origin',(127.50458822956,-130.0462112117,-0.05));
#11186=CARTESIAN_POINT('',(123.897135061036,-132.253005652444,-0.05));
#11187=CARTESIAN_POINT('Origin',(123.700336857807,-131.89322795916,-0.05));
#11188=CARTESIAN_POINT('',(123.700336857807,-131.89322795916,-0.05));
#11189=CARTESIAN_POINT('Origin',(127.90341603228,-129.8588098133,-0.05));
#11190=CARTESIAN_POINT('',(123.381703351779,-131.024505388518,-0.05));
#11191=CARTESIAN_POINT('Origin',(123.32959020993,-130.804912281966,-0.05));
#11192=CARTESIAN_POINT('',(123.32959020993,-130.804912281966,-0.05));
#11193=CARTESIAN_POINT('Origin',(128.92196542597,-129.6130370394,-0.05));
#11194=CARTESIAN_POINT('',(123.220623649191,-130.04884559275,-0.05));
#11195=CARTESIAN_POINT('Origin',(123.205223190291,-129.789509104124,-0.05));
#11196=CARTESIAN_POINT('',(123.205223190291,-129.789509104124,-0.05));
#11197=CARTESIAN_POINT('Origin',(123.2,-129.519841799895,-0.05));
#11198=CARTESIAN_POINT('Origin',(129.81620806205,-64.78099712818,-0.05));
#11199=CARTESIAN_POINT('',(123.247596000359,-63.9887645985443,-0.05));
#11200=CARTESIAN_POINT('Origin',(123.281869617057,-63.7515325582183,-0.05));
#11201=CARTESIAN_POINT('',(123.281869617057,-63.7515325582183,-0.05));
#11202=CARTESIAN_POINT('Origin',(128.44079972865,-64.60061120582,-0.05));
#11203=CARTESIAN_POINT('',(123.449523089428,-63.044124149378,-0.05));
#11204=CARTESIAN_POINT('Origin',(123.52298946544,-62.8277169915348,-0.05));
#11205=CARTESIAN_POINT('',(123.52298946544,-62.8277169915348,-0.05));
#11206=CARTESIAN_POINT('Origin',(123.689256090536,-62.434803439842,-0.05));
#11207=CARTESIAN_POINT('',(123.689256090536,-62.434803439842,-0.05));
#11208=CARTESIAN_POINT('Origin',(127.50471370169,-64.25888485422,-0.05));
#11209=CARTESIAN_POINT('',(124.432998959638,-61.3520724536256,-0.05));
#11210=CARTESIAN_POINT('Origin',(124.733868003595,-61.0631790832514,-0.05));
#11211=CARTESIAN_POINT('',(124.733868003595,-61.0631790832514,-0.05));
#11212=CARTESIAN_POINT('Origin',(125.076770436303,-60.7935282050439,-0.05));
#11213=CARTESIAN_POINT('',(125.076770436303,-60.7935282050439,-0.05));
#11214=CARTESIAN_POINT('Origin',(125.451752327453,-60.5526220014727,-0.05));
#11215=CARTESIAN_POINT('',(125.451752327453,-60.5526220014727,-0.05));
#11216=CARTESIAN_POINT('Origin',(125.857738953802,-60.3413553757961,-0.05));
#11217=CARTESIAN_POINT('',(125.857738953802,-60.3413553757961,-0.05));
#11218=CARTESIAN_POINT('Origin',(126.29254159694,-60.1610593752229,-0.05));
#11219=CARTESIAN_POINT('',(126.29254159694,-60.1610593752229,-0.05));
#11220=CARTESIAN_POINT('Origin',(126.751531421197,-60.0135872679736,-0.05));
#11221=CARTESIAN_POINT('',(126.751531421197,-60.0135872679736,-0.05));
#11222=CARTESIAN_POINT('Origin',(127.224758164326,-59.9013411993009,-0.05));
#11223=CARTESIAN_POINT('',(127.224758164326,-59.9013411993009,-0.05));
#11224=CARTESIAN_POINT('Origin',(127.689374964378,-59.8271418438444,-0.05));
#11225=CARTESIAN_POINT('',(127.689374964378,-59.8271418438444,-0.05));
#11226=CARTESIAN_POINT('Origin',(128.079035990224,-59.7934047321171,-0.05));
#11227=CARTESIAN_POINT('',(128.079035990224,-59.7934047321171,-0.05));
#11228=CARTESIAN_POINT('Origin',(128.192499892093,-59.79,-0.05));
#11229=CARTESIAN_POINT('',(128.192499892093,-59.79,-0.05));
#11230=CARTESIAN_POINT('Origin',(199.207500107907,-59.79,-0.05));
#11231=CARTESIAN_POINT('',(199.207500107907,-59.79,-0.05));
#11232=CARTESIAN_POINT('Origin',(199.320964009776,-59.7934047321171,-0.05));
#11233=CARTESIAN_POINT('',(199.320964009776,-59.7934047321171,-0.05));
#11234=CARTESIAN_POINT('Origin',(199.710625035622,-59.8271418438444,-0.05));
#11235=CARTESIAN_POINT('Origin',(128.169999568372,-58.29,-0.05));
#11236=CARTESIAN_POINT('',(199.230000431628,-58.29,-0.05));
#11237=CARTESIAN_POINT('',(128.169999568372,-58.29,-0.05));
#11238=CARTESIAN_POINT('Origin',(121.760622663429,-63.7908017362146,-3.05));
#11239=CARTESIAN_POINT('',(121.799256872241,-63.5233878745069,-3.05));
#11240=CARTESIAN_POINT('',(121.760622663429,-63.7908017362146,-3.05));
#11241=CARTESIAN_POINT('Origin',(127.991777960898,-58.2953479284683,-0.05));
#11242=CARTESIAN_POINT('',(127.991777960898,-58.2953479284683,-0.05));
#11243=CARTESIAN_POINT('Origin',(127.506167857513,-58.3373923753775,-0.05));
#11244=CARTESIAN_POINT('',(127.506167857513,-58.3373923753775,-0.05));
#11245=CARTESIAN_POINT('Origin',(126.932984657305,-58.4289297972038,-0.05));
#11246=CARTESIAN_POINT('',(126.932984657305,-58.4289297972038,-0.05));
#11247=CARTESIAN_POINT('Origin',(126.348404684789,-58.5675880718945,-0.05));
#11248=CARTESIAN_POINT('',(126.348404684789,-58.5675880718945,-0.05));
#11249=CARTESIAN_POINT('Origin',(125.774968387762,-58.7518315008915,-0.05));
#11250=CARTESIAN_POINT('',(125.774968387762,-58.7518315008915,-0.05));
#11251=CARTESIAN_POINT('Origin',(125.223055815206,-58.9806885031847,-0.05));
#11252=CARTESIAN_POINT('',(125.223055815206,-58.9806885031847,-0.05));
#11253=CARTESIAN_POINT('Origin',(124.698588309811,-59.2536100058909,-0.05));
#11254=CARTESIAN_POINT('',(124.698588309811,-59.2536100058909,-0.05));
#11255=CARTESIAN_POINT('Origin',(124.205799745211,-59.5702008201754,-0.05));
#11256=CARTESIAN_POINT('',(124.205799745211,-59.5702008201754,-0.05));
#11257=CARTESIAN_POINT('Origin',(123.74840701438,-59.9298843330057,-0.05));
#11258=CARTESIAN_POINT('',(123.74840701438,-59.9298843330057,-0.05));
#11259=CARTESIAN_POINT('Origin',(123.37014731378,-60.2930879326378,-0.05));
#11260=CARTESIAN_POINT('',(123.37014731378,-60.2930879326378,-0.05));
#11261=CARTESIAN_POINT('Origin',(127.50471370169,-64.25888485422,-0.05));
#11262=CARTESIAN_POINT('',(122.320179455499,-61.8211012113719,-0.05));
#11263=CARTESIAN_POINT('Origin',(122.120223861762,-62.293626966139,-0.05));
#11264=CARTESIAN_POINT('',(122.120223861762,-62.293626966139,-0.05));
#11265=CARTESIAN_POINT('Origin',(122.023494254778,-62.5785597539379,-0.05));
#11266=CARTESIAN_POINT('',(122.023494254778,-62.5785597539379,-0.05));
#11267=CARTESIAN_POINT('Origin',(128.44079972865,-64.60061120582,-0.05));
#11268=CARTESIAN_POINT('Origin',(129.81620806205,-64.78099712818,-0.05));
#11269=CARTESIAN_POINT('',(121.7,-64.7914719679212,-0.05));
#11270=CARTESIAN_POINT('Origin',(121.706084761163,-129.848516416499,-0.05));
#11271=CARTESIAN_POINT('',(121.7,-129.53436719958,-0.05));
#11272=CARTESIAN_POINT('',(121.706084761163,-129.848516416499,-0.05));
#11273=CARTESIAN_POINT('Origin',(121.723972418287,-130.149736154073,-0.05));
#11274=CARTESIAN_POINT('',(121.723972418287,-130.149736154073,-0.05));
#11275=CARTESIAN_POINT('Origin',(128.92196542597,-129.6130370394,-0.05));
#11276=CARTESIAN_POINT('',(121.866370033102,-131.135443992385,-0.05));
#11277=CARTESIAN_POINT('Origin',(121.925348382135,-131.383965544224,-0.05));
#11278=CARTESIAN_POINT('',(121.925348382135,-131.383965544224,-0.05));
#11279=CARTESIAN_POINT('Origin',(127.90341603228,-129.8588098133,-0.05));
#11280=CARTESIAN_POINT('',(122.367686494376,-132.582610708457,-0.05));
#11281=CARTESIAN_POINT('Origin',(122.597271979294,-133.002328647035,-0.05));
#11282=CARTESIAN_POINT('',(122.597271979294,-133.002328647035,-0.05));
#11283=CARTESIAN_POINT('Origin',(127.50458822956,-130.0462112117,-0.05));
#11284=CARTESIAN_POINT('',(123.792554668508,-134.409832404384,-0.05));
#11285=CARTESIAN_POINT('Origin',(124.205799745211,-134.734799179825,-0.05));
#11286=CARTESIAN_POINT('',(124.205799745211,-134.734799179825,-0.05));
#11287=CARTESIAN_POINT('Origin',(124.698588309811,-135.051389994109,-0.05));
#11288=CARTESIAN_POINT('',(124.698588309811,-135.051389994109,-0.05));
#11289=CARTESIAN_POINT('Origin',(125.223055815206,-135.324311496815,-0.05));
#11290=CARTESIAN_POINT('',(125.223055815206,-135.324311496815,-0.05));
#11291=CARTESIAN_POINT('Origin',(125.774968387762,-135.553168499109,-0.05));
#11292=CARTESIAN_POINT('',(125.774968387762,-135.553168499109,-0.05));
#11293=CARTESIAN_POINT('Origin',(126.348404684789,-135.737411928105,-0.05));
#11294=CARTESIAN_POINT('',(126.348404684789,-135.737411928105,-0.05));
#11295=CARTESIAN_POINT('Origin',(126.932984657305,-135.876070202796,-0.05));
#11296=CARTESIAN_POINT('',(126.932984657305,-135.876070202796,-0.05));
#11297=CARTESIAN_POINT('Origin',(127.506167857513,-135.967607624623,-0.05));
#11298=CARTESIAN_POINT('',(127.506167857513,-135.967607624623,-0.05));
#11299=CARTESIAN_POINT('Origin',(127.991777960898,-136.009652071532,-0.05));
#11300=CARTESIAN_POINT('',(127.991777960898,-136.009652071532,-0.05));
#11301=CARTESIAN_POINT('Origin',(128.169337467223,-136.014980132209,-0.05));
#11302=CARTESIAN_POINT('',(128.169337467223,-136.014980132209,-3.05));
#11303=CARTESIAN_POINT('Origin',(121.7,-129.53436719958,-0.05));
#11304=CARTESIAN_POINT('Origin',(199.218705006108,-136.062032826036,-0.05));
#11305=CARTESIAN_POINT('',(199.218705006108,-136.062032826036,-3.05));
#11306=CARTESIAN_POINT('Origin',(199.533516416608,-136.055935238835,-0.05));
#11307=CARTESIAN_POINT('',(199.533516416608,-136.055935238835,-3.05));
#11308=CARTESIAN_POINT('Origin',(199.834736155601,-136.038047581594,-0.05));
#11309=CARTESIAN_POINT('',(199.834736155601,-136.038047581594,-3.05));
#11310=CARTESIAN_POINT('Origin',(199.29803703944,-128.840054574,-0.05));
#11311=CARTESIAN_POINT('',(200.820443992354,-135.895649966904,-3.05));
#11312=CARTESIAN_POINT('Origin',(201.068965543379,-135.836671618064,-0.05));
#11313=CARTESIAN_POINT('',(201.068965543379,-135.836671618064,-3.05));
#11314=CARTESIAN_POINT('Origin',(199.54380981338,-129.8586039677,-0.05));
#11315=CARTESIAN_POINT('',(202.267610708464,-135.394333505621,-3.05));
#11316=CARTESIAN_POINT('Origin',(202.687328646807,-135.16474802082,-0.05));
#11317=CARTESIAN_POINT('',(202.687328646807,-135.16474802082,-3.05));
#11318=CARTESIAN_POINT('Origin',(199.73121121175,-130.2574317704,-0.05));
#11319=CARTESIAN_POINT('',(204.094832404368,-133.969465331511,-3.05));
#11320=CARTESIAN_POINT('Origin',(204.419799179825,-133.556220254789,-0.05));
#11321=CARTESIAN_POINT('',(204.419799179825,-133.556220254789,-3.05));
#11322=CARTESIAN_POINT('Origin',(204.736389994109,-133.063431690189,-0.05));
#11323=CARTESIAN_POINT('',(204.736389994109,-133.063431690189,-3.05));
#11324=CARTESIAN_POINT('Origin',(205.009311496815,-132.538964184794,-0.05));
#11325=CARTESIAN_POINT('',(205.009311496815,-132.538964184794,-3.05));
#11326=CARTESIAN_POINT('Origin',(205.238168499108,-131.987051612238,-0.05));
#11327=CARTESIAN_POINT('',(205.238168499108,-131.987051612238,-3.05));
#11328=CARTESIAN_POINT('Origin',(205.422411928105,-131.413615315211,-0.05));
#11329=CARTESIAN_POINT('',(205.422411928105,-131.413615315211,-3.05));
#11330=CARTESIAN_POINT('Origin',(205.561070202796,-130.829035342694,-0.05));
#11331=CARTESIAN_POINT('',(205.561070202796,-130.829035342694,-3.05));
#11332=CARTESIAN_POINT('Origin',(205.652607624623,-130.255852142487,-0.05));
#11333=CARTESIAN_POINT('',(205.652607624623,-130.255852142487,-3.05));
#11334=CARTESIAN_POINT('Origin',(205.694652071532,-129.770242039102,-0.05));
#11335=CARTESIAN_POINT('',(205.694652071532,-129.770242039102,-3.05));
#11336=CARTESIAN_POINT('Origin',(205.7,-129.592020431629,-0.05));
#11337=CARTESIAN_POINT('',(205.7,-129.592020431629,-3.05));
#11338=CARTESIAN_POINT('Origin',(205.7,-64.7706328004192,-0.05));
#11339=CARTESIAN_POINT('',(205.7,-64.7706328004192,-3.05));
#11340=CARTESIAN_POINT('Origin',(205.693915238837,-64.4564835834763,-0.05));
#11341=CARTESIAN_POINT('',(205.693915238837,-64.4564835834763,-3.05));
#11342=CARTESIAN_POINT('Origin',(205.676027581704,-64.1552638458974,-0.05));
#11343=CARTESIAN_POINT('',(205.676027581704,-64.1552638458974,-3.05));
#11344=CARTESIAN_POINT('Origin',(198.47803457402,-64.69196296055,-0.05));
#11345=CARTESIAN_POINT('',(205.533629966907,-63.1695560076564,-3.05));
#11346=CARTESIAN_POINT('Origin',(205.474651618209,-62.9210344571866,-0.05));
#11347=CARTESIAN_POINT('',(205.474651618209,-62.9210344571866,-3.05));
#11348=CARTESIAN_POINT('Origin',(199.49658396771,-64.44619018662,-0.05));
#11349=CARTESIAN_POINT('',(205.032313505661,-61.7223892916166,-3.05));
#11350=CARTESIAN_POINT('Origin',(204.802728021202,-61.3026713538196,-0.05));
#11351=CARTESIAN_POINT('',(204.802728021202,-61.3026713538196,-3.05));
#11352=CARTESIAN_POINT('Origin',(199.89541177043,-64.25878878824,-0.05));
#11353=CARTESIAN_POINT('',(203.607445331493,-59.895167595617,-3.05));
#11354=CARTESIAN_POINT('Origin',(203.194200254789,-59.5702008201754,-0.05));
#11355=CARTESIAN_POINT('',(203.194200254789,-59.5702008201754,-3.05));
#11356=CARTESIAN_POINT('Origin',(202.701411690189,-59.2536100058909,-0.05));
#11357=CARTESIAN_POINT('',(202.701411690189,-59.2536100058909,-3.05));
#11358=CARTESIAN_POINT('Origin',(202.176944184794,-58.9806885031847,-0.05));
#11359=CARTESIAN_POINT('',(202.176944184794,-58.9806885031847,-3.05));
#11360=CARTESIAN_POINT('Origin',(201.625031612238,-58.7518315008915,-0.05));
#11361=CARTESIAN_POINT('',(201.625031612238,-58.7518315008915,-3.05));
#11362=CARTESIAN_POINT('Origin',(201.051595315211,-58.5675880718945,-0.05));
#11363=CARTESIAN_POINT('',(201.051595315211,-58.5675880718945,-3.05));
#11364=CARTESIAN_POINT('Origin',(200.467015342694,-58.4289297972038,-0.05));
#11365=CARTESIAN_POINT('',(200.467015342694,-58.4289297972038,-3.05));
#11366=CARTESIAN_POINT('Origin',(199.893832142487,-58.3373923753775,-0.05));
#11367=CARTESIAN_POINT('',(199.893832142487,-58.3373923753775,-3.05));
#11368=CARTESIAN_POINT('Origin',(199.408222039102,-58.2953479284683,-0.05));
#11369=CARTESIAN_POINT('',(199.408222039102,-58.2953479284683,-3.05));
#11370=CARTESIAN_POINT('Origin',(199.230000431628,-58.29,-0.05));
#11371=CARTESIAN_POINT('',(0.,0.,0.));
#11372=CARTESIAN_POINT('Origin',(96.613491821289,-80.9831897976174,-4.69000059127807));
#11373=CARTESIAN_POINT('',(95.8634918212891,-83.0414684790256,-5.44000059127807));
#11374=CARTESIAN_POINT('',(97.3634918212891,-83.0414684790256,-3.94000059127807));
#11375=CARTESIAN_POINT('',(102.488491812531,-83.0414684790256,1.18499939996353));
#11376=CARTESIAN_POINT('',(97.3634918212891,-112.541468479026,-3.94000059127807));
#11377=CARTESIAN_POINT('',(97.3634918212891,-80.9831897976174,-3.94000059127807));
#11378=CARTESIAN_POINT('',(95.8634918212891,-112.541468479026,-5.44000059127807));
#11379=CARTESIAN_POINT('',(102.113491821289,-112.541468479026,0.809999408721927));
#11380=CARTESIAN_POINT('',(95.8634918212891,-80.9831897976174,-5.44000059127807));
#11381=CARTESIAN_POINT('Origin',(97.363491821289,-64.7903679919803,-5.44000059127807));
#11382=CARTESIAN_POINT('',(97.3634918212891,-83.0414684790256,-3.44000059127808));
#11383=CARTESIAN_POINT('',(97.3634918212891,-83.0414684790256,-5.44000059127807));
#11384=CARTESIAN_POINT('',(97.3634918212891,-112.541468479026,-3.44000059127808));
#11385=CARTESIAN_POINT('',(97.3634918212891,-80.9831897976174,-3.44000059127808));
#11386=CARTESIAN_POINT('',(97.3634918212891,-112.541468479026,-5.44000059127807));
#11387=CARTESIAN_POINT('Origin',(108.313489809632,-86.3217015114523,-4.69000059127807));
#11388=CARTESIAN_POINT('',(109.063489809632,-75.4673914196501,-5.44000059127807));
#11389=CARTESIAN_POINT('',(107.563489809632,-75.4673914196501,-3.94000059127807));
#11390=CARTESIAN_POINT('',(106.10085506474,-75.4673914196501,-2.47736584638624));
#11391=CARTESIAN_POINT('',(107.563489809632,-62.000000923872,-3.94000059127807));
#11392=CARTESIAN_POINT('',(107.563489809632,-86.3217015114523,-3.94000059127807));
#11393=CARTESIAN_POINT('',(109.063489809632,-62.000000923872,-5.44000059127807));
#11394=CARTESIAN_POINT('',(108.813489809632,-62.000000923872,-5.19000059127807));
#11395=CARTESIAN_POINT('',(109.063489809632,-86.3217015114523,-5.44000059127807));
#11396=CARTESIAN_POINT('Origin',(107.563489809632,-75.4673914196501,-7.44000059127808));
#11397=CARTESIAN_POINT('',(107.563489809632,-75.4673914196501,-3.44000059127808));
#11398=CARTESIAN_POINT('',(107.563489809632,-75.4673914196501,-5.44000059127807));
#11399=CARTESIAN_POINT('',(107.563489809632,-62.000000923872,-3.44000059127808));
#11400=CARTESIAN_POINT('',(107.563489809632,-86.3217015114523,-3.44000059127808));
#11401=CARTESIAN_POINT('',(107.563489809632,-62.000000923872,-5.44000059127807));
#11402=CARTESIAN_POINT('Origin',(86.2134923702042,-60.2500009089708,-4.69000059127807));
#11403=CARTESIAN_POINT('',(92.3672981758556,-59.5000009089708,-5.44000059127807));
#11404=CARTESIAN_POINT('',(92.3672981758556,-61.0000009089708,-3.94000059127807));
#11405=CARTESIAN_POINT('',(92.3672981758556,-59.7500009089708,-5.19000059127807));
#11406=CARTESIAN_POINT('',(80.763489601016,-61.0000009089708,-3.94000059127807));
#11407=CARTESIAN_POINT('',(86.2134923702042,-61.0000009089708,-3.94000059127807));
#11408=CARTESIAN_POINT('',(80.763489601016,-59.5000009089708,-5.44000059127807));
#11409=CARTESIAN_POINT('',(80.763489601016,-60.7500009089708,-4.19000059127807));
#11410=CARTESIAN_POINT('',(86.2134923702042,-59.5000009089708,-5.44000059127807));
#11411=CARTESIAN_POINT('Origin',(93.5634896010161,-61.0000009089708,-7.44000059127808));
#11412=CARTESIAN_POINT('',(92.3672981758556,-61.0000009089708,-3.44000059127808));
#11413=CARTESIAN_POINT('',(92.3672981758556,-61.0000009089708,-7.44000059127808));
#11414=CARTESIAN_POINT('',(80.763489601016,-61.0000009089708,-3.44000059127808));
#11415=CARTESIAN_POINT('',(86.2134923702042,-61.0000009089708,-3.44000059127808));
#11416=CARTESIAN_POINT('',(80.763489601016,-61.0000009089708,-7.44000059127808));
#11417=CARTESIAN_POINT('Origin',(100.212950830065,-62.000000923872,-7.44000059127808));
#11418=CARTESIAN_POINT('',(100.212950830065,-75.4673914196501,-5.44000059127807));
#11419=CARTESIAN_POINT('',(100.212950830065,-62.000000923872,-5.44000059127807));
#11420=CARTESIAN_POINT('',(100.212950830065,-79.5880062635632,-5.44000059127807));
#11421=CARTESIAN_POINT('',(100.212950830065,-62.000000923872,-3.44000059127808));
#11422=CARTESIAN_POINT('',(100.212950830065,-62.000000923872,-7.44000059127808));
#11423=CARTESIAN_POINT('',(100.212950830065,-75.4673914196501,-3.44000059127808));
#11424=CARTESIAN_POINT('',(100.212950830065,-79.5880062635632,-3.44000059127808));
#11425=CARTESIAN_POINT('',(100.212950830065,-75.4673914196501,-7.44000059127808));
#11426=CARTESIAN_POINT('Origin',(107.563489809632,-62.000000923872,-7.44000059127808));
#11427=CARTESIAN_POINT('',(93.2134924745123,-62.000000923872,-5.44000059127807));
#11428=CARTESIAN_POINT('',(93.2134924745123,-62.000000923872,-3.44000059127808));
#11429=CARTESIAN_POINT('Origin',(77.5864141723484,-125.638509119781,-7.44000059127808));
#11430=CARTESIAN_POINT('',(69.5864141723485,-125.638509119781,-5.44000059127807));
#11431=CARTESIAN_POINT('',(69.5864141723485,-125.638509119781,-3.44000059127808));
#11432=CARTESIAN_POINT('',(69.5864141723485,-125.638509119781,-7.44000059127808));
#11433=CARTESIAN_POINT('',(77.7864141723484,-125.638509119781,-3.44000059127808));
#11434=CARTESIAN_POINT('',(78.2249546558704,-125.638509119781,-3.44000059127808));
#11435=CARTESIAN_POINT('',(77.7864141723484,-125.638509119781,-5.44000059127807));
#11436=CARTESIAN_POINT('',(77.7864141723484,-125.638509119781,-7.44000059127808));
#11437=CARTESIAN_POINT('',(78.2249546558704,-125.638509119781,-5.44000059127807));
#11438=CARTESIAN_POINT('Origin',(49.5634888261557,-125.638509119781,-7.44000059127808));
#11439=CARTESIAN_POINT('',(48.5634888261557,-125.638509119781,-3.44000059127809));
#11440=CARTESIAN_POINT('',(48.5634888261557,-125.638509119781,-5.44000059127807));
#11441=CARTESIAN_POINT('',(48.5634888261557,-125.638509119781,-7.44000059127808));
#11442=CARTESIAN_POINT('',(40.7634888261557,-125.638509119781,-5.44000059127807));
#11443=CARTESIAN_POINT('',(64.213491982774,-125.638509119781,-5.44000059127807));
#11444=CARTESIAN_POINT('',(40.7634888261557,-125.638509119781,-3.44000059127809));
#11445=CARTESIAN_POINT('',(40.7634888261557,-125.638509119781,-7.44000059127808));
#11446=CARTESIAN_POINT('',(42.8083589073299,-125.638509119781,-3.44000059127809));
#11447=CARTESIAN_POINT('',(64.213491982774,-125.638509119781,-3.44000059127808));
#11448=CARTESIAN_POINT('',(42.8083589073299,-125.638509119781,-0.740000591278082));
#11449=CARTESIAN_POINT('',(42.8083589073299,-125.638509119781,-7.44000059127808));
#11450=CARTESIAN_POINT('',(44.3315147352482,-125.638509119781,-0.740000591278081));
#11451=CARTESIAN_POINT('',(46.5667128237224,-125.638509119781,-0.740000591278081));
#11452=CARTESIAN_POINT('',(44.3315147352482,-125.638509119781,-3.44000059127809));
#11453=CARTESIAN_POINT('',(44.3315147352482,-125.638509119781,-2.74000059127808));
#11454=CARTESIAN_POINT('',(64.213491982774,-125.638509119781,-3.44000059127808));
#11455=CARTESIAN_POINT('Origin',(40.7634888261557,-68.4763110445097,-7.44000059127808));
#11456=CARTESIAN_POINT('',(40.7634888261557,-68.8763110445097,-5.44000059127807));
#11457=CARTESIAN_POINT('',(40.7634888261557,-82.8261613238821,-5.44000059127807));
#11458=CARTESIAN_POINT('',(40.7634888261557,-68.8763110445097,-3.44000059127809));
#11459=CARTESIAN_POINT('',(40.7634888261557,-68.8763110445097,-7.44000059127808));
#11460=CARTESIAN_POINT('',(40.7634888261557,-82.8261613238821,-3.44000059127809));
#11461=CARTESIAN_POINT('Origin',(77.5864141723484,-68.8763110445097,-7.44000059127808));
#11462=CARTESIAN_POINT('',(72.1110778212891,-68.8763110445097,-5.44000059127807));
#11463=CARTESIAN_POINT('',(77.7864141723484,-68.8763110445097,-5.44000059127807));
#11464=CARTESIAN_POINT('',(78.2249546558704,-68.8763110445097,-5.44000059127807));
#11465=CARTESIAN_POINT('',(77.7864141723484,-68.8763110445097,-3.44000059127808));
#11466=CARTESIAN_POINT('',(77.7864141723484,-68.8763110445097,-7.44000059127808));
#11467=CARTESIAN_POINT('',(72.1110778212891,-68.8763110445097,-3.44000059127808));
#11468=CARTESIAN_POINT('',(78.2249546558704,-68.8763110445097,-3.44000059127808));
#11469=CARTESIAN_POINT('',(72.1110778212891,-68.8763110445097,-7.44000059127808));
#11470=CARTESIAN_POINT('Origin',(77.7864141723484,-134.538509119781,-7.44000059127808));
#11471=CARTESIAN_POINT('',(77.7864141723484,-87.000001296401,-5.44000059127807));
#11472=CARTESIAN_POINT('',(77.7864141723484,-115.857260361518,-5.44000059127807));
#11473=CARTESIAN_POINT('',(77.7864141723484,-87.000001296401,-3.44000059127808));
#11474=CARTESIAN_POINT('',(77.7864141723484,-87.000001296401,-7.44000059127808));
#11475=CARTESIAN_POINT('',(77.7864141723484,-115.857260361518,-3.44000059127808));
#11476=CARTESIAN_POINT('Origin',(45.5634888857603,-68.8763110445097,-7.44000059127808));
#11477=CARTESIAN_POINT('',(47.5634888857603,-68.8763110445097,-5.44000059127807));
#11478=CARTESIAN_POINT('',(62.2134920125763,-68.8763110445097,-5.44000059127807));
#11479=CARTESIAN_POINT('',(47.5634888857603,-68.8763110445097,-3.44000059127809));
#11480=CARTESIAN_POINT('',(47.5634888857603,-68.8763110445097,-5.44000059127807));
#11481=CARTESIAN_POINT('',(62.2134920125763,-68.8763110445097,-3.44000059127808));
#11482=CARTESIAN_POINT('Origin',(80.4134893923998,-107.588006680796,-4.69000059127807));
#11483=CARTESIAN_POINT('',(81.1634893923998,-118.000001758337,-5.44000059127807));
#11484=CARTESIAN_POINT('',(79.6634893923998,-118.000001758337,-3.94000059127807));
#11485=CARTESIAN_POINT('',(80.394220587387,-118.000001758337,-4.67073178626524));
#11486=CARTESIAN_POINT('',(79.6634893923999,-106.854819,-3.94000059127807));
#11487=CARTESIAN_POINT('',(79.6634893923998,-107.588006680796,-3.94000059127807));
#11488=CARTESIAN_POINT('',(81.1634893923998,-106.854819,-5.44000059127807));
#11489=CARTESIAN_POINT('',(80.8884893923998,-106.854819,-5.16500059127808));
#11490=CARTESIAN_POINT('',(81.1634893923998,-107.588006680796,-5.44000059127807));
#11491=CARTESIAN_POINT('Origin',(79.6634893923998,-118.000001758337,-7.44000059127808));
#11492=CARTESIAN_POINT('',(79.6634893923998,-118.000001758337,-3.44000059127808));
#11493=CARTESIAN_POINT('',(79.6634893923998,-118.000001758337,-7.44000059127808));
#11494=CARTESIAN_POINT('',(79.6634893923998,-106.854819,-3.44000059127808));
#11495=CARTESIAN_POINT('',(79.6634893923998,-107.588006680796,-3.44000059127808));
#11496=CARTESIAN_POINT('',(79.6634893923999,-106.854819,-7.44000059127808));
#11497=CARTESIAN_POINT('Origin',(80.4134893923998,-107.588006680796,-4.69000059127807));
#11498=CARTESIAN_POINT('',(81.1634893923998,-96.9189059314928,-5.44000059127807));
#11499=CARTESIAN_POINT('',(79.6634893923998,-96.9189059314928,-3.94000059127807));
#11500=CARTESIAN_POINT('',(80.394220587387,-96.9189059314928,-4.67073178626524));
#11501=CARTESIAN_POINT('',(79.6634893923999,-87.000001296401,-3.94000059127807));
#11502=CARTESIAN_POINT('',(79.6634893923998,-107.588006680796,-3.94000059127807));
#11503=CARTESIAN_POINT('',(81.1634893923998,-87.000001296401,-5.44000059127807));
#11504=CARTESIAN_POINT('',(80.8884893923998,-87.000001296401,-5.16500059127808));
#11505=CARTESIAN_POINT('',(81.1634893923998,-107.588006680796,-5.44000059127807));
#11506=CARTESIAN_POINT('Origin',(79.6634893923998,-118.000001758337,-7.44000059127808));
#11507=CARTESIAN_POINT('',(79.6634893923998,-96.9189059314928,-3.44000059127808));
#11508=CARTESIAN_POINT('',(79.6634893923998,-96.9189059314928,-7.44000059127808));
#11509=CARTESIAN_POINT('',(79.6634893923998,-87.000001296401,-3.44000059127808));
#11510=CARTESIAN_POINT('',(79.6634893923998,-107.588006680796,-3.44000059127808));
#11511=CARTESIAN_POINT('',(79.6634893923999,-87.000001296401,-7.44000059127808));
#11512=CARTESIAN_POINT('Origin',(77.5864141723484,-96.9189059314928,-7.44000059127808));
#11513=CARTESIAN_POINT('',(77.7864141723484,-96.9189059314928,-5.44000059127807));
#11514=CARTESIAN_POINT('',(78.2249546558704,-96.9189059314928,-5.44000059127807));
#11515=CARTESIAN_POINT('',(77.7864141723484,-96.9189059314928,-1.74000059127808));
#11516=CARTESIAN_POINT('',(77.7864141723484,-96.9189059314928,-7.44000059127808));
#11517=CARTESIAN_POINT('',(79.1634893923998,-96.9189059314928,-1.74000059127808));
#11518=CARTESIAN_POINT('',(79.1634893923998,-96.9189059314928,-1.74000059127808));
#11519=CARTESIAN_POINT('',(79.1634893923998,-96.9189059314928,-3.44000059127808));
#11520=CARTESIAN_POINT('',(79.1634893923998,-96.9189059314928,-4.04000059127808));
#11521=CARTESIAN_POINT('',(78.2249546558704,-96.9189059314928,-3.44000059127808));
#11522=CARTESIAN_POINT('Origin',(77.5864141723484,-118.000001758337,-7.44000059127808));
#11523=CARTESIAN_POINT('',(77.7864141723484,-118.000001758337,-5.44000059127807));
#11524=CARTESIAN_POINT('',(78.2249546558704,-118.000001758337,-5.44000059127807));
#11525=CARTESIAN_POINT('',(77.7864141723484,-118.000001758337,-1.74000059127808));
#11526=CARTESIAN_POINT('',(77.7864141723484,-118.000001758337,-7.44000059127808));
#11527=CARTESIAN_POINT('',(79.1634893923998,-118.000001758337,-1.74000059127808));
#11528=CARTESIAN_POINT('',(77.7864141723484,-118.000001758337,-1.74000059127808));
#11529=CARTESIAN_POINT('',(79.1634893923998,-118.000001758337,-3.44000059127808));
#11530=CARTESIAN_POINT('',(79.1634893923998,-118.000001758337,-4.04000059127808));
#11531=CARTESIAN_POINT('',(78.2249546558704,-118.000001758337,-3.44000059127808));
#11532=CARTESIAN_POINT('Origin',(79.5634893923998,-87.000001296401,-7.44000059127808));
#11533=CARTESIAN_POINT('',(79.2134922658961,-87.000001296401,-3.44000059127808));
#11534=CARTESIAN_POINT('',(79.2134922658961,-87.000001296401,-5.44000059127807));
#11535=CARTESIAN_POINT('Origin',(79.5634893923998,-106.854819,-7.44000059127808));
#11536=CARTESIAN_POINT('',(79.1634893923998,-106.854819,-3.44000059127808));
#11537=CARTESIAN_POINT('',(79.2134922658961,-106.854819,-3.44000059127808));
#11538=CARTESIAN_POINT('',(79.1634893923998,-106.854819,-1.74000059127808));
#11539=CARTESIAN_POINT('',(79.1634893923998,-106.854819,-4.04000059127808));
#11540=CARTESIAN_POINT('',(77.7864141723484,-106.854819,-1.74000059127808));
#11541=CARTESIAN_POINT('',(77.7864141723484,-106.854819,-1.74000059127808));
#11542=CARTESIAN_POINT('',(77.7864141723484,-106.854819,-5.44000059127807));
#11543=CARTESIAN_POINT('',(77.7864141723484,-106.854819,-7.44000059127808));
#11544=CARTESIAN_POINT('',(79.2134922658961,-106.854819,-5.44000059127807));
#11545=CARTESIAN_POINT('Origin',(81.5634893923998,-121.154061341991,-7.44000059127808));
#11546=CARTESIAN_POINT('',(81.5634893923998,-122.999997250736,-3.44000059127808));
#11547=CARTESIAN_POINT('',(81.5634893923998,-122.999997250736,-5.44000059127807));
#11548=CARTESIAN_POINT('',(81.5634893923998,-122.999997250736,-7.44000059127808));
#11549=CARTESIAN_POINT('',(81.5634893923998,-133.500001981854,-3.44000059127808));
#11550=CARTESIAN_POINT('',(81.5634893923998,-109.165036472622,-3.44000059127808));
#11551=CARTESIAN_POINT('',(81.5634893923998,-133.500001981854,-5.44000059127807));
#11552=CARTESIAN_POINT('',(81.5634893923998,-133.500001981854,-7.44000059127808));
#11553=CARTESIAN_POINT('',(81.5634893923998,-109.165036472622,-5.44000059127807));
#11554=CARTESIAN_POINT('Origin',(78.8634951393923,-97.1760116032545,-3.44000059127808));
#11555=CARTESIAN_POINT('',(119.363491821289,-112.541468479026,-3.44000059127808));
#11556=CARTESIAN_POINT('',(99.1134934803407,-112.541468479026,-3.44000059127808));
#11557=CARTESIAN_POINT('',(119.363491821289,-83.0414684790256,-3.44000059127808));
#11558=CARTESIAN_POINT('',(99.8634934628238,-83.0414684790256,-3.44000059127808));
#11559=CARTESIAN_POINT('',(119.363491821289,-64.7903679919803,-3.44000059127808));
#11560=CARTESIAN_POINT('',(119.363491821289,-113.347926701575,-3.44000059127808));
#11561=CARTESIAN_POINT('',(119.31589583109,-63.988764597319,-3.44000059127808));
#11562=CARTESIAN_POINT('Origin',(112.747283759239,-64.78099712818,-3.44000059127808));
#11563=CARTESIAN_POINT('',(119.281622204232,-63.7515325582183,-3.44000059127808));
#11564=CARTESIAN_POINT('',(121.250672667809,-77.3807250127463,-3.44000059127808));
#11565=CARTESIAN_POINT('',(119.113968731861,-63.044124149378,-3.44000059127808));
#11566=CARTESIAN_POINT('Origin',(114.122692092639,-64.60061120582,-3.44000059127808));
#11567=CARTESIAN_POINT('',(119.040502355849,-62.8277169915348,-3.44000059127808));
#11568=CARTESIAN_POINT('',(122.22913863578,-72.2203636986537,-3.44000059127808));
#11569=CARTESIAN_POINT('',(118.874235730753,-62.434803439842,-3.44000059127808));
#11570=CARTESIAN_POINT('',(122.153367396353,-70.1838948071385,-3.44000059127808));
#11571=CARTESIAN_POINT('',(118.130492861651,-61.3520724536256,-3.44000059127808));
#11572=CARTESIAN_POINT('Origin',(115.058778119599,-64.25888485422,-3.44000059127808));
#11573=CARTESIAN_POINT('',(117.829623817694,-61.0631790832514,-3.44000059127808));
#11574=CARTESIAN_POINT('',(116.86383349604,-60.1358307012853,-3.44000059127808));
#11575=CARTESIAN_POINT('',(117.486721384986,-60.7935282050439,-3.44000059127808));
#11576=CARTESIAN_POINT('',(114.564713559755,-58.4957259702181,-3.44000059127808));
#11577=CARTESIAN_POINT('',(117.111739493836,-60.5526220014727,-3.44000059127808));
#11578=CARTESIAN_POINT('',(112.089620558582,-57.3261739112362,-3.44000059127808));
#11579=CARTESIAN_POINT('',(116.705752867488,-60.3413553757961,-3.44000059127808));
#11580=CARTESIAN_POINT('',(109.561249735529,-56.6235110655049,-3.44000059127808));
#11581=CARTESIAN_POINT('',(116.270950224349,-60.1610593752229,-3.44000059127808));
#11582=CARTESIAN_POINT('',(107.07716540687,-56.3487489882479,-3.44000059127808));
#11583=CARTESIAN_POINT('',(115.811960400092,-60.0135872679736,-3.44000059127808));
#11584=CARTESIAN_POINT('',(104.707352807509,-56.4457088634666,-3.44000059127808));
#11585=CARTESIAN_POINT('',(115.338733656963,-59.9013411993009,-3.44000059127808));
#11586=CARTESIAN_POINT('',(102.494318556419,-56.8547359083521,-3.44000059127808));
#11587=CARTESIAN_POINT('',(114.874116856911,-59.8271418438444,-3.44000059127808));
#11588=CARTESIAN_POINT('',(100.457043439059,-57.5247335903005,-3.44000059127808));
#11589=CARTESIAN_POINT('',(114.484455831065,-59.7934047321171,-3.44000059127808));
#11590=CARTESIAN_POINT('',(98.6075883815264,-58.4187749500858,-3.44000059127808));
#11591=CARTESIAN_POINT('',(114.370991929196,-59.79,-3.44000059127808));
#11592=CARTESIAN_POINT('',(97.2503669650025,-59.2762582661103,-3.44000059127808));
#11593=CARTESIAN_POINT('',(43.355991713382,-59.79,-3.44000059127809));
#11594=CARTESIAN_POINT('',(96.6172435342942,-59.79,-3.44000059127808));
#11595=CARTESIAN_POINT('',(43.2425278115134,-59.7934047321171,-3.44000059127809));
#11596=CARTESIAN_POINT('',(60.5333519436281,-59.2745558005745,-3.44000059127808));
#11597=CARTESIAN_POINT('',(42.8528667856672,-59.8271418438444,-3.44000059127809));
#11598=CARTESIAN_POINT('',(59.3142290673893,-58.4019061090756,-3.44000059127808));
#11599=CARTESIAN_POINT('',(42.3882499856155,-59.9013411993009,-3.44000059127809));
#11600=CARTESIAN_POINT('',(57.5022518391276,-57.4876333958495,-3.44000059127808));
#11601=CARTESIAN_POINT('',(41.9150232424862,-60.0135872679736,-3.44000059127809));
#11602=CARTESIAN_POINT('',(55.4692815990921,-56.7986121289054,-3.44000059127808));
#11603=CARTESIAN_POINT('',(41.4560334182295,-60.1610593752229,-3.44000059127809));
#11604=CARTESIAN_POINT('',(53.2491287548178,-56.3719718435019,-3.44000059127808));
#11605=CARTESIAN_POINT('',(41.0212307750905,-60.3413553757962,-3.44000059127809));
#11606=CARTESIAN_POINT('',(50.8672223885588,-56.2585998139377,-3.44000059127808));
#11607=CARTESIAN_POINT('',(40.6152441487419,-60.5526220014727,-3.44000059127809));
#11608=CARTESIAN_POINT('',(48.3687298312708,-56.5178763939339,-3.44000059127809));
#11609=CARTESIAN_POINT('',(40.2402622575917,-60.7935282050439,-3.44000059127809));
#11610=CARTESIAN_POINT('',(45.8248563782731,-57.2057193005326,-3.44000059127809));
#11611=CARTESIAN_POINT('',(39.907688150572,-61.05505711669,-3.44000059127809));
#11612=CARTESIAN_POINT('',(43.3337233494389,-58.3608989188367,-3.44000059127809));
#11613=CARTESIAN_POINT('',(39.0606268819259,-62.0519943482395,-3.44000059127809));
#11614=CARTESIAN_POINT('Origin',(42.6680800508591,-64.25878878824,-3.44000059127809));
#11615=CARTESIAN_POINT('',(38.8638286790883,-62.4117720408562,-3.44000059127809));
#11616=CARTESIAN_POINT('',(36.2498901459322,-67.1904578242663,-3.44000059127809));
#11617=CARTESIAN_POINT('',(38.5451951727768,-63.2804946126717,-3.44000059127809));
#11618=CARTESIAN_POINT('Origin',(43.0669078535791,-64.44619018662,-3.44000059127809));
#11619=CARTESIAN_POINT('',(38.4930820312177,-63.5000877180401,-3.44000059127809));
#11620=CARTESIAN_POINT('',(35.8124611718542,-74.7956235696965,-3.44000059127809));
#11621=CARTESIAN_POINT('',(38.3841154704832,-64.2561544072959,-3.44000059127809));
#11622=CARTESIAN_POINT('Origin',(44.0854572472691,-64.69196296055,-3.44000059127809));
#11623=CARTESIAN_POINT('',(38.3687150115799,-64.5154908958684,-3.44000059127809));
#11624=CARTESIAN_POINT('',(37.481216430773,-79.4605498064667,-3.44000059127809));
#11625=CARTESIAN_POINT('',(38.3634918212891,-64.7851582001062,-3.44000059127809));
#11626=CARTESIAN_POINT('',(38.0601256959495,-80.4476021590834,-3.44000059127809));
#11627=CARTESIAN_POINT('',(38.3634918212891,-129.569520107907,-3.44000059127809));
#11628=CARTESIAN_POINT('',(38.3634918212891,-80.9805849016803,-3.44000059127809));
#11629=CARTESIAN_POINT('',(38.3668965534061,-129.682984009776,-3.44000059127809));
#11630=CARTESIAN_POINT('',(37.8961274051784,-113.994435659768,-3.44000059127809));
#11631=CARTESIAN_POINT('',(38.4006336651334,-130.072645035622,-3.44000059127809));
#11632=CARTESIAN_POINT('',(37.1207855246368,-115.290498200289,-3.44000059127809));
#11633=CARTESIAN_POINT('',(38.47483302059,-130.537261835674,-3.44000059127809));
#11634=CARTESIAN_POINT('',(36.3423161764822,-117.184003629194,-3.44000059127809));
#11635=CARTESIAN_POINT('',(38.5870790892627,-131.010488578803,-3.44000059127809));
#11636=CARTESIAN_POINT('',(35.8046736392129,-119.279933693787,-3.44000059127809));
#11637=CARTESIAN_POINT('',(38.734551196512,-131.46947840306,-3.44000059127809));
#11638=CARTESIAN_POINT('',(35.5446036786884,-121.541136848143,-3.44000059127809));
#11639=CARTESIAN_POINT('',(38.9148471970851,-131.904281046198,-3.44000059127809));
#11640=CARTESIAN_POINT('',(35.6114322433039,-123.937750736473,-3.44000059127809));
#11641=CARTESIAN_POINT('',(39.1261138227619,-132.310267672547,-3.44000059127809));
#11642=CARTESIAN_POINT('',(36.0607248165062,-126.419574160922,-3.44000059127809));
#11643=CARTESIAN_POINT('',(39.3670200263329,-132.685249563697,-3.44000059127809));
#11644=CARTESIAN_POINT('',(36.942145035686,-128.910817040515,-3.44000059127809));
#11645=CARTESIAN_POINT('',(39.6285489379855,-133.017823670725,-3.44000059127809));
#11646=CARTESIAN_POINT('',(38.2858690682331,-131.31040036565,-3.44000059127809));
#11647=CARTESIAN_POINT('',(40.6254861690344,-133.864884939057,-3.44000059127809));
#11648=CARTESIAN_POINT('Origin',(42.8322806095391,-130.2574317704,-3.44000059127809));
#11649=CARTESIAN_POINT('',(40.9852638621252,-134.061683142191,-3.44000059127809));
#11650=CARTESIAN_POINT('',(47.6179036443592,-137.689733508427,-3.44000059127809));
#11651=CARTESIAN_POINT('',(41.853986433454,-134.380316648381,-3.44000059127809));
#11652=CARTESIAN_POINT('Origin',(43.0196820079091,-129.8586039677,-3.44000059127809));
#11653=CARTESIAN_POINT('',(42.0735795392913,-134.432429790063,-3.44000059127809));
#11654=CARTESIAN_POINT('',(55.1928987905341,-137.545865160945,-3.44000059127808));
#11655=CARTESIAN_POINT('',(42.829646227231,-134.541396350703,-3.44000059127809));
#11656=CARTESIAN_POINT('Origin',(43.265454781849,-128.840054574,-3.44000059127809));
#11657=CARTESIAN_POINT('',(43.0889827171369,-134.556796809709,-3.44000059127809));
#11658=CARTESIAN_POINT('',(59.6777020276803,-135.541902653423,-3.44000059127808));
#11659=CARTESIAN_POINT('',(43.3588155697619,-134.562023206509,-3.44000059127809));
#11660=CARTESIAN_POINT('',(60.6076521350732,-134.896116195389,-3.44000059127808));
#11661=CARTESIAN_POINT('',(114.371157454483,-134.514995033052,-3.44000059127808));
#11662=CARTESIAN_POINT('',(61.1235270722474,-134.550258463765,-3.44000059127808));
#11663=CARTESIAN_POINT('',(114.484455831064,-134.511595267883,-3.44000059127808));
#11664=CARTESIAN_POINT('',(97.1930128944089,-135.030462767999,-3.44000059127808));
#11665=CARTESIAN_POINT('',(114.874116856911,-134.477858156156,-3.44000059127808));
#11666=CARTESIAN_POINT('',(98.4107373644274,-135.903268542379,-3.44000059127808));
#11667=CARTESIAN_POINT('',(115.338733656963,-134.403658800699,-3.44000059127808));
#11668=CARTESIAN_POINT('',(100.221073614764,-136.817950817297,-3.44000059127808));
#11669=CARTESIAN_POINT('',(115.811960400092,-134.291412732026,-3.44000059127808));
#11670=CARTESIAN_POINT('',(102.252425438513,-137.507639444834,-3.44000059127808));
#11671=CARTESIAN_POINT('',(116.270950224349,-134.143940624777,-3.44000059127808));
#11672=CARTESIAN_POINT('',(104.47101054917,-137.935227222754,-3.44000059127808));
#11673=CARTESIAN_POINT('',(116.705752867488,-133.963644624204,-3.44000059127808));
#11674=CARTESIAN_POINT('',(106.851445122476,-138.049848567256,-3.44000059127808));
#11675=CARTESIAN_POINT('',(117.111739493836,-133.752377998527,-3.44000059127808));
#11676=CARTESIAN_POINT('',(109.34862863684,-137.792132337879,-3.44000059127808));
#11677=CARTESIAN_POINT('',(117.486721384986,-133.511471794956,-3.44000059127808));
#11678=CARTESIAN_POINT('',(111.891437635489,-137.106148225491,-3.44000059127808));
#11679=CARTESIAN_POINT('',(117.819295492009,-133.249942883308,-3.44000059127808));
#11680=CARTESIAN_POINT('',(114.381838025027,-135.953083299821,-3.44000059127808));
#11681=CARTESIAN_POINT('',(118.666356760253,-132.253005652444,-3.44000059127808));
#11682=CARTESIAN_POINT('Origin',(115.058903591729,-130.0462112117,-3.44000059127808));
#11683=CARTESIAN_POINT('',(118.863154963482,-131.89322795916,-3.44000059127808));
#11684=CARTESIAN_POINT('',(121.467195283114,-127.132637648657,-3.44000059127808));
#11685=CARTESIAN_POINT('',(119.18178846951,-131.024505388518,-3.44000059127808));
#11686=CARTESIAN_POINT('Origin',(114.660075789009,-129.8588098133,-3.44000059127808));
#11687=CARTESIAN_POINT('',(119.233901611359,-130.804912281966,-3.44000059127808));
#11688=CARTESIAN_POINT('',(121.909240438579,-119.531633732476,-3.44000059127808));
#11689=CARTESIAN_POINT('',(119.342868172098,-130.04884559275,-3.44000059127808));
#11690=CARTESIAN_POINT('Origin',(113.641526395319,-129.6130370394,-3.44000059127808));
#11691=CARTESIAN_POINT('',(119.358268630998,-129.789509104124,-3.44000059127808));
#11692=CARTESIAN_POINT('',(120.244375914602,-114.867878978353,-3.44000059127808));
#11693=CARTESIAN_POINT('',(119.363491821289,-129.519841799895,-3.44000059127808));
#11694=CARTESIAN_POINT('',(119.666402722039,-113.880900562647,-3.44000059127808));
#11695=CARTESIAN_POINT('',(119.363491821289,-113.347926701575,-3.44000059127808));
#11696=CARTESIAN_POINT('',(48.5634888261556,-131.038509119781,-3.44000059127809));
#11697=CARTESIAN_POINT('',(48.5634888261557,-126.138509119781,-3.44000059127809));
#11698=CARTESIAN_POINT('',(44.3315147352482,-126.538509119781,-3.44000059127809));
#11699=CARTESIAN_POINT('',(44.3315147352482,-126.138509119781,-3.44000059127809));
#11700=CARTESIAN_POINT('',(42.8083589073299,-126.538509119781,-3.44000059127809));
#11701=CARTESIAN_POINT('Origin',(43.5699368212891,-129.4,-3.44000059127809));
#11702=CARTESIAN_POINT('',(42.8083589073299,-111.857260361518,-3.44000059127809));
#11703=CARTESIAN_POINT('',(47.5634888857603,-66.8609908420291,-3.44000059127809));
#11704=CARTESIAN_POINT('',(47.5634888857603,-68.4763110445097,-3.44000059127809));
#11705=CARTESIAN_POINT('',(45.5634888857603,-66.8609908420291,-3.44000059127809));
#11706=CARTESIAN_POINT('',(62.2134920125763,-66.8609908420291,-3.44000059127808));
#11707=CARTESIAN_POINT('',(45.5634888857603,-62.726068901132,-3.44000059127809));
#11708=CARTESIAN_POINT('Origin',(43.3896431838597,-64.7935298715805,-3.44000059127809));
#11709=CARTESIAN_POINT('',(47.5634888857603,-62.726068901132,-3.44000059127809));
#11710=CARTESIAN_POINT('',(62.2134920125763,-62.726068901132,-3.44000059127808));
#11711=CARTESIAN_POINT('',(47.5634888857603,-60.0000008940697,-3.44000059127809));
#11712=CARTESIAN_POINT('',(47.5634888857603,-78.5880062486621,-3.44000059127808));
#11713=CARTESIAN_POINT('',(72.1110778212891,-60.0000008940697,-3.44000059127808));
#11714=CARTESIAN_POINT('',(75.9872864803407,-60.0000008940697,-3.44000059127808));
#11715=CARTESIAN_POINT('',(72.1110778212891,-82.8261613238821,-3.44000059127808));
#11716=CARTESIAN_POINT('',(79.1634893923998,-102.015415301627,-3.44000059127808));
#11717=CARTESIAN_POINT('',(79.1634893923998,-130.995696598594,-3.44000059127808));
#11718=CARTESIAN_POINT('',(79.1634893923998,-114.085854100924,-3.44000059127808));
#11719=CARTESIAN_POINT('',(77.7864141723484,-130.995696598594,-3.44000059127808));
#11720=CARTESIAN_POINT('',(78.3249546558704,-130.995696598594,-3.44000059127808));
#11721=CARTESIAN_POINT('',(77.7864141723484,-130.338509119781,-3.44000059127808));
#11722=CARTESIAN_POINT('',(69.5864141723485,-131.038509119781,-3.44000059127808));
#11723=CARTESIAN_POINT('',(69.5864141723485,-126.138509119781,-3.44000059127808));
#11724=CARTESIAN_POINT('',(60.213491982774,-131.038509119781,-3.44000059127808));
#11725=CARTESIAN_POINT('',(109.113491803772,-114.464742649182,-3.44000059127808));
#11726=CARTESIAN_POINT('',(115.60737192849,-114.464742649182,-3.44000059127808));
#11727=CARTESIAN_POINT('',(93.9884934715823,-114.464742649182,-3.44000059127808));
#11728=CARTESIAN_POINT('',(115.60737192849,-121.154061341991,-3.44000059127808));
#11729=CARTESIAN_POINT('',(115.60737192849,-105.820377126218,-3.44000059127808));
#11730=CARTESIAN_POINT('',(109.113491803772,-121.154061341991,-3.44000059127808));
#11731=CARTESIAN_POINT('',(97.2354335339414,-121.154061341991,-3.44000059127808));
#11732=CARTESIAN_POINT('',(109.113491803772,-104.85874004114,-3.44000059127808));
#11733=CARTESIAN_POINT('',(87.7882229847286,-75.4673914196501,-3.44000059127808));
#11734=CARTESIAN_POINT('',(92.3672981758556,-65.0000009089708,-3.44000059127808));
#11735=CARTESIAN_POINT('',(92.3672981758556,-79.0880062561127,-3.44000059127808));
#11736=CARTESIAN_POINT('',(93.5634896010161,-65.0000009089708,-3.44000059127808));
#11737=CARTESIAN_POINT('',(85.6153966576239,-65.0000009089708,-3.44000059127808));
#11738=CARTESIAN_POINT('',(93.5634896010161,-71.0000010579824,-3.44000059127808));
#11739=CARTESIAN_POINT('',(93.5634896010161,-84.0880063306185,-3.44000059127808));
#11740=CARTESIAN_POINT('',(79.5634893923998,-71.0000010579824,-3.44000059127808));
#11741=CARTESIAN_POINT('',(79.2134922658961,-71.0000010579824,-3.44000059127808));
#11742=CARTESIAN_POINT('',(79.5634893923998,-65.0000009089708,-3.44000059127808));
#11743=CARTESIAN_POINT('',(79.5634893923998,-79.0880062561127,-3.44000059127808));
#11744=CARTESIAN_POINT('',(80.763489601016,-65.0000009089708,-3.44000059127808));
#11745=CARTESIAN_POINT('',(79.215396657624,-65.0000009089708,-3.44000059127808));
#11746=CARTESIAN_POINT('',(80.763489601016,-81.0880062561127,-3.44000059127808));
#11747=CARTESIAN_POINT('',(111.363491821289,-64.8,-3.44000059127808));
#11748=CARTESIAN_POINT('Origin',(114.363491821289,-64.8,-3.44000059127808));
#11749=CARTESIAN_POINT('',(111.243491821289,-129.36,-3.44000059127808));
#11750=CARTESIAN_POINT('Origin',(114.243491821289,-129.36,-3.44000059127808));
#11751=CARTESIAN_POINT('',(110.563408141347,-123.605022083398,-3.44000059127808));
#11752=CARTESIAN_POINT('',(110.563489854336,-133.500001981854,-3.44000059127808));
#11753=CARTESIAN_POINT('',(110.563489854336,-115.088006792554,-3.44000059127808));
#11754=CARTESIAN_POINT('',(81.213492265896,-133.500001981854,-3.44000059127808));
#11755=CARTESIAN_POINT('',(84.8802589506789,-122.999997250736,-3.44000059127808));
#11756=CARTESIAN_POINT('',(81.2218770450356,-122.999997250736,-3.44000059127808));
#11757=CARTESIAN_POINT('',(84.8802589506789,-120.654061341991,-3.44000059127808));
#11758=CARTESIAN_POINT('',(84.8802589506789,-109.165036472622,-3.44000059127808));
#11759=CARTESIAN_POINT('',(94.080258950679,-120.654061341991,-3.44000059127808));
#11760=CARTESIAN_POINT('',(82.1218770450356,-120.654061341991,-3.44000059127808));
#11761=CARTESIAN_POINT('',(94.080258950679,-122.999997250736,-3.44000059127808));
#11762=CARTESIAN_POINT('',(94.080258950679,-109.165036472622,-3.44000059127808));
#11763=CARTESIAN_POINT('',(110.563408141347,-122.999997250736,-3.44000059127808));
#11764=CARTESIAN_POINT('',(93.2218770450356,-122.999997250736,-3.44000059127808));
#11765=CARTESIAN_POINT('',(110.563408141347,-110.088004426995,-3.44000059127808));
#11766=CARTESIAN_POINT('Origin',(83.5802589506789,-122.999997250736,-7.44000059127808));
#11767=CARTESIAN_POINT('',(84.8802589506789,-122.999997250736,-5.44000059127807));
#11768=CARTESIAN_POINT('',(81.213492265896,-122.999997250736,-5.44000059127807));
#11769=CARTESIAN_POINT('',(84.8802589506789,-122.999997250736,-7.44000059127808));
#11770=CARTESIAN_POINT('Origin',(79.5634893923998,-133.500001981854,-7.44000059127808));
#11771=CARTESIAN_POINT('',(110.563489854336,-133.500001981854,-5.44000059127807));
#11772=CARTESIAN_POINT('',(110.563489854336,-133.500001981854,-5.44000059127807));
#11773=CARTESIAN_POINT('',(79.2134922658961,-133.500001981854,-5.44000059127807));
#11774=CARTESIAN_POINT('Origin',(84.8802589506789,-121.154061341991,-7.44000059127808));
#11775=CARTESIAN_POINT('',(84.8802589506789,-120.654061341991,-5.44000059127807));
#11776=CARTESIAN_POINT('',(84.8802589506789,-109.165036472622,-5.44000059127807));
#11777=CARTESIAN_POINT('',(84.8802589506789,-120.654061341991,-7.44000059127808));
#11778=CARTESIAN_POINT('Origin',(109.113491803772,-120.654061341991,-7.44000059127808));
#11779=CARTESIAN_POINT('',(94.080258950679,-120.654061341991,-5.44000059127807));
#11780=CARTESIAN_POINT('',(82.1218770450356,-120.654061341991,-5.44000059127807));
#11781=CARTESIAN_POINT('',(94.080258950679,-120.654061341991,-7.44000059127808));
#11782=CARTESIAN_POINT('Origin',(97.2354335339414,-121.654061341991,-4.94000059127807));
#11783=CARTESIAN_POINT('',(116.60737192849,-122.154061341991,-5.44000059127806));
#11784=CARTESIAN_POINT('',(108.113491803772,-122.154061341991,-5.44000059127807));
#11785=CARTESIAN_POINT('',(97.2354335339414,-122.154061341991,-5.44000059127807));
#11786=CARTESIAN_POINT('',(109.113491803772,-121.154061341991,-4.44000059127807));
#11787=CARTESIAN_POINT('',(108.113491803772,-122.154061341991,-5.44000059127807));
#11788=CARTESIAN_POINT('',(115.60737192849,-121.154061341991,-4.44000059127807));
#11789=CARTESIAN_POINT('',(97.2354335339414,-121.154061341991,-4.44000059127807));
#11790=CARTESIAN_POINT('',(115.60737192849,-121.154061341991,-4.44000059127807));
#11791=CARTESIAN_POINT('Origin',(116.10737192849,-105.820377126218,-4.94000059127807));
#11792=CARTESIAN_POINT('',(115.60737192849,-114.464742649182,-4.44000059127807));
#11793=CARTESIAN_POINT('',(115.60737192849,-105.820377126218,-4.44000059127807));
#11794=CARTESIAN_POINT('',(116.60737192849,-113.464742649182,-5.44000059127806));
#11795=CARTESIAN_POINT('',(115.60737192849,-114.464742649182,-4.44000059127807));
#11796=CARTESIAN_POINT('',(116.60737192849,-105.820377126218,-5.44000059127806));
#11797=CARTESIAN_POINT('Origin',(108.613491803772,-104.85874004114,-4.94000059127807));
#11798=CARTESIAN_POINT('',(108.113491803772,-113.464742649182,-5.44000059127807));
#11799=CARTESIAN_POINT('',(108.113491803772,-104.85874004114,-5.44000059127807));
#11800=CARTESIAN_POINT('',(109.113491803772,-114.464742649182,-4.44000059127807));
#11801=CARTESIAN_POINT('',(108.113491803772,-113.464742649182,-5.44000059127807));
#11802=CARTESIAN_POINT('',(109.113491803772,-104.85874004114,-4.44000059127807));
#11803=CARTESIAN_POINT('Origin',(93.9884934715823,-113.964742649182,-4.94000059127807));
#11804=CARTESIAN_POINT('',(93.9884934715823,-114.464742649182,-4.44000059127807));
#11805=CARTESIAN_POINT('',(93.9884934715823,-113.464742649182,-5.44000059127807));
#11806=CARTESIAN_POINT('Origin',(115.60737192849,-114.464742649182,-7.44000059127807));
#11807=CARTESIAN_POINT('',(115.60737192849,-121.154061341991,-7.44000059127807));
#11808=CARTESIAN_POINT('',(115.60737192849,-114.464742649182,-7.44000059127807));
#11809=CARTESIAN_POINT('Origin',(115.60737192849,-121.154061341991,-7.44000059127807));
#11810=CARTESIAN_POINT('',(109.113491803772,-121.154061341991,-7.44000059127808));
#11811=CARTESIAN_POINT('Origin',(78.8634951393923,-97.1760116032545,-5.44000059127807));
#11812=CARTESIAN_POINT('',(120.863491821289,-112.541468479026,-5.44000059127806));
#11813=CARTESIAN_POINT('',(99.1134934803407,-112.541468479026,-5.44000059127807));
#11814=CARTESIAN_POINT('',(120.863491821289,-129.53436719958,-5.44000059127806));
#11815=CARTESIAN_POINT('',(120.863491821289,-80.9837417855879,-5.44000059127806));
#11816=CARTESIAN_POINT('',(120.857407060126,-129.848516416499,-5.44000059127806));
#11817=CARTESIAN_POINT('',(121.168873672216,-113.76785364811,-5.44000059127806));
#11818=CARTESIAN_POINT('',(120.839519403003,-130.149736154073,-5.44000059127806));
#11819=CARTESIAN_POINT('',(121.750326420075,-114.812174126543,-5.44000059127806));
#11820=CARTESIAN_POINT('',(120.697121788187,-131.135443992385,-5.44000059127806));
#11821=CARTESIAN_POINT('Origin',(113.641526395319,-129.6130370394,-5.44000059127806));
#11822=CARTESIAN_POINT('',(120.638143439154,-131.383965544224,-5.44000059127806));
#11823=CARTESIAN_POINT('',(123.396639548987,-119.760280832797,-5.44000059127806));
#11824=CARTESIAN_POINT('',(120.195805326913,-132.582610708457,-5.44000059127806));
#11825=CARTESIAN_POINT('Origin',(114.660075789009,-129.8588098133,-5.44000059127806));
#11826=CARTESIAN_POINT('',(119.966219841995,-133.002328647035,-5.44000059127806));
#11827=CARTESIAN_POINT('',(122.889913443464,-127.657362470794,-5.44000059127806));
#11828=CARTESIAN_POINT('',(118.770937152781,-134.409832404384,-5.44000059127806));
#11829=CARTESIAN_POINT('Origin',(115.058903591729,-130.0462112117,-5.44000059127806));
#11830=CARTESIAN_POINT('',(118.357692076078,-134.734799179825,-5.44000059127806));
#11831=CARTESIAN_POINT('',(115.487553914062,-136.991812260348,-5.44000059127806));
#11832=CARTESIAN_POINT('',(117.864903511478,-135.051389994109,-5.44000059127806));
#11833=CARTESIAN_POINT('',(112.919799233608,-138.2283602051,-5.44000059127807));
#11834=CARTESIAN_POINT('',(117.340436006083,-135.324311496815,-5.44000059127806));
#11835=CARTESIAN_POINT('',(110.274416605864,-139.001314577127,-5.44000059127807));
#11836=CARTESIAN_POINT('',(116.788523433527,-135.553168499109,-5.44000059127806));
#11837=CARTESIAN_POINT('',(107.673465565541,-139.332833835842,-5.44000059127807));
#11838=CARTESIAN_POINT('',(116.2150871365,-135.737411928105,-5.44000059127806));
#11839=CARTESIAN_POINT('',(105.188713874332,-139.280153867803,-5.44000059127807));
#11840=CARTESIAN_POINT('',(115.630507163984,-135.876070202796,-5.44000059127806));
#11841=CARTESIAN_POINT('',(102.86369441892,-138.904268758604,-5.44000059127807));
#11842=CARTESIAN_POINT('',(115.057323963776,-135.967607624623,-5.44000059127806));
#11843=CARTESIAN_POINT('',(100.717545082064,-138.257671932013,-5.44000059127807));
#11844=CARTESIAN_POINT('',(114.571713860391,-136.009652071532,-5.44000059127806));
#11845=CARTESIAN_POINT('',(98.761864906147,-137.378479347504,-5.44000059127807));
#11846=CARTESIAN_POINT('',(114.394154354066,-136.014980132209,-5.44000059127806));
#11847=CARTESIAN_POINT('',(97.3157863595039,-136.527453853452,-5.44000059127807));
#11848=CARTESIAN_POINT('',(43.3447868151806,-136.062032826036,-5.44000059127807));
#11849=CARTESIAN_POINT('',(96.6416931544312,-136.026736762147,-5.44000059127807));
#11850=CARTESIAN_POINT('',(43.0299754046807,-136.055935238835,-5.44000059127807));
#11851=CARTESIAN_POINT('',(60.7210301463595,-136.398593558584,-5.44000059127807));
#11852=CARTESIAN_POINT('',(42.7287556656886,-136.038047581594,-5.44000059127807));
#11853=CARTESIAN_POINT('',(59.733406880038,-137.047853158912,-5.44000059127807));
#11854=CARTESIAN_POINT('',(41.7430478289348,-135.895649966904,-5.44000059127807));
#11855=CARTESIAN_POINT('Origin',(43.265454781849,-128.840054574,-5.44000059127807));
#11856=CARTESIAN_POINT('',(41.4945262779097,-135.836671618064,-5.44000059127807));
#11857=CARTESIAN_POINT('',(54.9642516901323,-139.033264271195,-5.44000059127807));
#11858=CARTESIAN_POINT('',(40.2958811128249,-135.394333505621,-5.44000059127807));
#11859=CARTESIAN_POINT('Origin',(43.0196820079091,-129.8586039677,-5.44000059127807));
#11860=CARTESIAN_POINT('',(39.8761631744821,-135.16474802082,-5.44000059127807));
#11861=CARTESIAN_POINT('',(47.0931788221622,-139.112451668735,-5.44000059127807));
#11862=CARTESIAN_POINT('',(38.4686594169208,-133.969465331511,-5.44000059127807));
#11863=CARTESIAN_POINT('Origin',(42.8322806095391,-130.2574317704,-5.44000059127807));
#11864=CARTESIAN_POINT('',(38.1436926414646,-133.556220254789,-5.44000059127807));
#11865=CARTESIAN_POINT('',(37.2471401077207,-132.416116254705,-5.44000059127807));
#11866=CARTESIAN_POINT('',(37.82710182718,-133.063431690189,-5.44000059127807));
#11867=CARTESIAN_POINT('',(35.819933056077,-129.939178638634,-5.44000059127807));
#11868=CARTESIAN_POINT('',(37.5541803244737,-132.538964184794,-5.44000059127807));
#11869=CARTESIAN_POINT('',(34.8515425772574,-127.345362129944,-5.44000059127807));
#11870=CARTESIAN_POINT('',(37.3253233221806,-131.987051612238,-5.44000059127807));
#11871=CARTESIAN_POINT('',(34.3284469747186,-124.759771179539,-5.44000059127807));
#11872=CARTESIAN_POINT('',(37.1410798931836,-131.413615315211,-5.44000059127807));
#11873=CARTESIAN_POINT('',(34.1996770336398,-122.258840173305,-5.44000059127807));
#11874=CARTESIAN_POINT('',(37.0024216184929,-130.829035342694,-5.44000059127807));
#11875=CARTESIAN_POINT('',(34.4080443254425,-119.891202674193,-5.44000059127807));
#11876=CARTESIAN_POINT('',(36.9108841966665,-130.255852142487,-5.44000059127807));
#11877=CARTESIAN_POINT('',(34.9025950617661,-117.680475096496,-5.44000059127807));
#11878=CARTESIAN_POINT('',(36.8688397497573,-129.770242039102,-5.44000059127807));
#11879=CARTESIAN_POINT('',(35.6455747195121,-115.641625742007,-5.44000059127807));
#11880=CARTESIAN_POINT('',(36.8634918212891,-129.592020431629,-5.44000059127807));
#11881=CARTESIAN_POINT('',(36.3991388031996,-114.117291887507,-5.44000059127807));
#11882=CARTESIAN_POINT('',(36.8634918212891,-64.7706328004192,-5.44000059127807));
#11883=CARTESIAN_POINT('',(36.8634918212891,-113.384016017442,-5.44000059127807));
#11884=CARTESIAN_POINT('',(36.8695765824523,-64.4564835834763,-5.44000059127807));
#11885=CARTESIAN_POINT('',(36.5576547457733,-80.5606490736243,-5.44000059127807));
#11886=CARTESIAN_POINT('',(36.8874642395846,-64.1552638458974,-5.44000059127807));
#11887=CARTESIAN_POINT('',(35.975265925253,-79.5162546581457,-5.44000059127807));
#11888=CARTESIAN_POINT('',(37.0298618543823,-63.1695560076564,-5.44000059127807));
#11889=CARTESIAN_POINT('Origin',(44.0854572472691,-64.69196296055,-5.44000059127807));
#11890=CARTESIAN_POINT('',(37.0888402030804,-62.9210344571866,-5.44000059127807));
#11891=CARTESIAN_POINT('',(34.3250620615813,-74.5669764688319,-5.44000059127807));
#11892=CARTESIAN_POINT('',(37.5311783156283,-61.7223892916166,-5.44000059127807));
#11893=CARTESIAN_POINT('Origin',(43.0669078535791,-64.44619018662,-5.44000059127807));
#11894=CARTESIAN_POINT('',(37.7607638000876,-61.3026713538196,-5.44000059127807));
#11895=CARTESIAN_POINT('',(34.8271719857311,-66.6657330019012,-5.44000059127807));
#11896=CARTESIAN_POINT('',(38.9560464897956,-59.895167595617,-5.44000059127807));
#11897=CARTESIAN_POINT('Origin',(42.6680800508591,-64.25878878824,-5.44000059127807));
#11898=CARTESIAN_POINT('',(39.3692915664999,-59.5702008201754,-5.44000059127807));
#11899=CARTESIAN_POINT('',(42.2280074604032,-57.3221699583097,-5.44000059127807));
#11900=CARTESIAN_POINT('',(39.8620801311004,-59.2536100058909,-5.44000059127807));
#11901=CARTESIAN_POINT('',(44.7964947801537,-56.0835073209235,-5.44000059127807));
#11902=CARTESIAN_POINT('',(40.3865476364948,-58.9806885031847,-5.44000059127807));
#11903=CARTESIAN_POINT('',(47.442941862247,-55.3086941546855,-5.44000059127807));
#11904=CARTESIAN_POINT('',(40.9384602090507,-58.7518315008915,-5.44000059127807));
#11905=CARTESIAN_POINT('',(50.045201945495,-54.9756145453523,-5.44000059127807));
#11906=CARTESIAN_POINT('',(41.5118965060777,-58.5675880718945,-5.44000059127807));
#11907=CARTESIAN_POINT('',(52.5314254296566,-55.0270451984534,-5.44000059127807));
#11908=CARTESIAN_POINT('',(42.0964764785946,-58.4289297972038,-5.44000059127807));
#11909=CARTESIAN_POINT('',(54.8580126186847,-55.4019828151347,-5.44000059127807));
#11910=CARTESIAN_POINT('',(42.6696596788023,-58.3373923753775,-5.44000059127807));
#11911=CARTESIAN_POINT('',(57.005780371827,-56.0479122811338,-5.44000059127807));
#11912=CARTESIAN_POINT('',(43.1552697821866,-58.2953479284683,-5.44000059127807));
#11913=CARTESIAN_POINT('',(58.9631015256702,-56.9266953039506,-5.44000059127807));
#11914=CARTESIAN_POINT('',(43.3334913896606,-58.29,-5.44000059127807));
#11915=CARTESIAN_POINT('',(60.4104957158876,-57.7775671985946,-5.44000059127807));
#11916=CARTESIAN_POINT('',(114.393492252917,-58.29,-5.44000059127806));
#11917=CARTESIAN_POINT('',(61.0984932645265,-58.29,-5.44000059127807));
#11918=CARTESIAN_POINT('',(114.571713860392,-58.2953479284683,-5.44000059127806));
#11919=CARTESIAN_POINT('',(97.2273804380716,-57.7748933338379,-5.44000059127807));
#11920=CARTESIAN_POINT('',(115.057323963776,-58.3373923753775,-5.44000059127806));
#11921=CARTESIAN_POINT('',(98.5210803586311,-56.9056733656419,-5.44000059127807));
#11922=CARTESIAN_POINT('',(115.630507163984,-58.4289297972038,-5.44000059127806));
#11923=CARTESIAN_POINT('',(100.43461490623,-56.0021440869436,-5.44000059127807));
#11924=CARTESIAN_POINT('',(116.2150871365,-58.5675880718945,-5.44000059127806));
#11925=CARTESIAN_POINT('',(102.576684179003,-55.3326544228999,-5.44000059127807));
#11926=CARTESIAN_POINT('',(116.788523433527,-58.7518315008915,-5.44000059127806));
#11927=CARTESIAN_POINT('',(104.908843072029,-54.9349244502949,-5.44000059127807));
#11928=CARTESIAN_POINT('',(117.340436006083,-58.9806885031847,-5.44000059127806));
#11929=CARTESIAN_POINT('',(107.405828242087,-54.8611872182293,-5.44000059127807));
#11930=CARTESIAN_POINT('',(117.864903511478,-59.2536100058909,-5.44000059127806));
#11931=CARTESIAN_POINT('',(110.021810638681,-55.1722347620651,-5.44000059127807));
#11932=CARTESIAN_POINT('',(118.357692076078,-59.5702008201754,-5.44000059127806));
#11933=CARTESIAN_POINT('',(112.684096928826,-55.9252134226993,-5.44000059127807));
#11934=CARTESIAN_POINT('',(118.815084806909,-59.9298843330057,-5.44000059127806));
#11935=CARTESIAN_POINT('',(115.292355694087,-57.1596881828684,-5.44000059127806));
#11936=CARTESIAN_POINT('',(119.193344507509,-60.2930879326378,-5.44000059127806));
#11937=CARTESIAN_POINT('',(117.725583627189,-58.8837492315121,-5.44000059127806));
#11938=CARTESIAN_POINT('',(120.24331236579,-61.8211012113719,-5.44000059127806));
#11939=CARTESIAN_POINT('Origin',(115.058778119599,-64.25888485422,-5.44000059127806));
#11940=CARTESIAN_POINT('',(120.443267959527,-62.293626966139,-5.44000059127806));
#11941=CARTESIAN_POINT('',(123.445476409826,-69.3883062768477,-5.44000059127806));
#11942=CARTESIAN_POINT('',(120.539997566511,-62.5785597539379,-5.44000059127806));
#11943=CARTESIAN_POINT('',(123.603979808541,-71.604017720834,-5.44000059127806));
#11944=CARTESIAN_POINT('',(120.764234949048,-63.5233878745069,-5.44000059127806));
#11945=CARTESIAN_POINT('Origin',(114.122692092639,-64.60061120582,-5.44000059127806));
#11946=CARTESIAN_POINT('',(120.802869025379,-63.7908017524992,-5.44000059127806));
#11947=CARTESIAN_POINT('',(122.717135058445,-77.0407963693089,-5.44000059127806));
#11948=CARTESIAN_POINT('',(120.863491821289,-64.7914719679212,-5.44000059127806));
#11949=CARTESIAN_POINT('Origin',(112.747283759239,-64.78099712818,-5.44000059127807));
#11950=CARTESIAN_POINT('',(120.863491821289,-83.0414684790256,-5.44000059127806));
#11951=CARTESIAN_POINT('',(120.863491821289,-80.9837417855879,-5.44000059127806));
#11952=CARTESIAN_POINT('',(99.8634934628238,-83.0414684790256,-5.44000059127807));
#11953=CARTESIAN_POINT('',(87.7882229847286,-75.4673914196501,-5.44000059127807));
#11954=CARTESIAN_POINT('',(80.763489601016,-65.0000009089708,-5.44000059127807));
#11955=CARTESIAN_POINT('',(80.763489601016,-81.0880062561127,-5.44000059127807));
#11956=CARTESIAN_POINT('',(79.5634893923998,-65.0000009089708,-5.44000059127807));
#11957=CARTESIAN_POINT('',(79.215396657624,-65.0000009089708,-5.44000059127807));
#11958=CARTESIAN_POINT('',(79.5634893923998,-71.0000010579824,-5.44000059127807));
#11959=CARTESIAN_POINT('',(79.5634893923998,-79.0880062561127,-5.44000059127807));
#11960=CARTESIAN_POINT('',(93.5634896010161,-71.0000010579824,-5.44000059127807));
#11961=CARTESIAN_POINT('',(79.2134922658961,-71.0000010579824,-5.44000059127807));
#11962=CARTESIAN_POINT('',(93.5634896010161,-65.0000009089708,-5.44000059127807));
#11963=CARTESIAN_POINT('',(93.5634896010161,-84.0880063306185,-5.44000059127807));
#11964=CARTESIAN_POINT('',(92.3672981758556,-65.0000009089708,-5.44000059127807));
#11965=CARTESIAN_POINT('',(85.6153966576239,-65.0000009089708,-5.44000059127807));
#11966=CARTESIAN_POINT('',(92.3672981758556,-79.0880062561127,-5.44000059127807));
#11967=CARTESIAN_POINT('',(77.7864141723484,-115.857260361518,-5.44000059127807));
#11968=CARTESIAN_POINT('',(72.1110778212891,-60.0000008940697,-5.44000059127807));
#11969=CARTESIAN_POINT('',(72.1110778212891,-82.8261613238821,-5.44000059127807));
#11970=CARTESIAN_POINT('',(47.5634888857603,-60.0000008940697,-5.44000059127807));
#11971=CARTESIAN_POINT('',(75.9872864803407,-60.0000008940697,-5.44000059127807));
#11972=CARTESIAN_POINT('',(47.5634888857603,-68.4763110445097,-5.44000059127807));
#11973=CARTESIAN_POINT('',(48.5634888261556,-131.038509119781,-5.44000059127807));
#11974=CARTESIAN_POINT('',(48.5634888261556,-113.607260361518,-5.44000059127807));
#11975=CARTESIAN_POINT('',(69.5864141723485,-131.038509119781,-5.44000059127807));
#11976=CARTESIAN_POINT('',(60.213491982774,-131.038509119781,-5.44000059127807));
#11977=CARTESIAN_POINT('',(69.5864141723485,-126.138509119781,-5.44000059127807));
#11978=CARTESIAN_POINT('',(77.7864141723484,-115.857260361518,-5.44000059127807));
#11979=CARTESIAN_POINT('',(110.563408141347,-123.605022083398,-5.44000059127807));
#11980=CARTESIAN_POINT('',(110.563408141347,-122.999997250736,-5.44000059127807));
#11981=CARTESIAN_POINT('',(110.563408141347,-110.088004426995,-5.44000059127807));
#11982=CARTESIAN_POINT('',(94.080258950679,-122.999997250736,-5.44000059127807));
#11983=CARTESIAN_POINT('',(93.2218770450356,-122.999997250736,-5.44000059127807));
#11984=CARTESIAN_POINT('',(94.080258950679,-109.165036472622,-5.44000059127807));
#11985=CARTESIAN_POINT('',(110.563489854336,-115.088006792554,-5.44000059127807));
#11986=CARTESIAN_POINT('',(46.4073938887576,-64.8242635714061,-5.44000059127808));
#11987=CARTESIAN_POINT('Origin',(43.3573938887576,-64.8242635714061,-5.44000059127807));
#11988=CARTESIAN_POINT('',(46.5967618983566,-129.372730272354,-5.44000059127808));
#11989=CARTESIAN_POINT('Origin',(43.5467618983566,-129.372730272354,-5.44000059127807));
#11990=CARTESIAN_POINT('',(117.275611903942,-129.357193918594,-5.44000059127807));
#11991=CARTESIAN_POINT('Origin',(114.225611903942,-129.357193918594,-5.44000059127806));
#11992=CARTESIAN_POINT('',(117.414030629411,-64.8042758889996,-5.44000059127807));
#11993=CARTESIAN_POINT('Origin',(114.364030629411,-64.8042758889996,-5.44000059127806));
#11994=CARTESIAN_POINT('Origin',(41.5634888261557,-131.038509119781,-7.44000059127808));
#11995=CARTESIAN_POINT('',(48.5634888261556,-131.038509119781,-7.44000059127808));
#11996=CARTESIAN_POINT('',(69.5864141723485,-131.038509119781,-5.44000059127807));
#11997=CARTESIAN_POINT('Origin',(48.5634888261557,-129.538509119781,-7.44000059127808));
#11998=CARTESIAN_POINT('Origin',(69.5864141723485,-126.538509119781,-7.44000059127808));
#11999=CARTESIAN_POINT('Origin',(79.1634893923998,-106.854819,-4.04000059127808));
#12000=CARTESIAN_POINT('',(79.1634893923998,-106.854819,-1.74000059127808));
#12001=CARTESIAN_POINT('Origin',(78.4749517823741,-101.886862465746,-1.74000059127808));
#12002=CARTESIAN_POINT('',(77.7864141723484,-96.9189059314928,-1.74000059127808));
#12003=CARTESIAN_POINT('Origin',(79.1634893923998,-130.995696598594,-4.04000059127808));
#12004=CARTESIAN_POINT('',(79.1634893923998,-130.995696598594,-1.74000059127808));
#12005=CARTESIAN_POINT('',(79.1634893923998,-118.000001758337,-1.74000059127808));
#12006=CARTESIAN_POINT('',(79.1634893923998,-130.995696598594,-4.04000059127808));
#12007=CARTESIAN_POINT('Origin',(77.7864141723484,-130.995696598594,-4.04000059127808));
#12008=CARTESIAN_POINT('',(77.7864141723484,-130.995696598594,-1.74000059127808));
#12009=CARTESIAN_POINT('',(79.1634893923998,-130.995696598594,-1.74000059127808));
#12010=CARTESIAN_POINT('',(77.7864141723484,-130.995696598594,-4.04000059127808));
#12011=CARTESIAN_POINT('Origin',(78.4749517823741,-124.497849178466,-1.74000059127808));
#12012=CARTESIAN_POINT('',(77.7864141723484,-130.995696598594,-1.74000059127808));
#12013=CARTESIAN_POINT('Origin',(43.3573938887576,-64.8242635714061,-4.66500059127809));
#12014=CARTESIAN_POINT('',(44.9073938887576,-64.8242635714061,-3.94000059127809));
#12015=CARTESIAN_POINT('',(45.6323938887576,-64.8242635714061,-4.66500059127809));
#12016=CARTESIAN_POINT('Origin',(43.3573938887576,-64.8242635714061,-3.94000059127809));
#12017=CARTESIAN_POINT('Origin',(43.5467618983566,-129.372730272354,-4.66500059127809));
#12018=CARTESIAN_POINT('',(45.0967618983566,-129.372730272354,-3.94000059127809));
#12019=CARTESIAN_POINT('',(45.8217618983566,-129.372730272354,-4.66500059127809));
#12020=CARTESIAN_POINT('Origin',(43.5467618983566,-129.372730272354,-3.94000059127809));
#12021=CARTESIAN_POINT('Origin',(114.225611903942,-129.357193918594,-4.66500059127808));
#12022=CARTESIAN_POINT('',(115.775611903942,-129.357193918594,-3.94000059127808));
#12023=CARTESIAN_POINT('',(116.500611903942,-129.357193918594,-4.66500059127808));
#12024=CARTESIAN_POINT('Origin',(114.225611903942,-129.357193918594,-3.94000059127808));
#12025=CARTESIAN_POINT('Origin',(114.364030629411,-64.8042758889996,-4.66500059127808));
#12026=CARTESIAN_POINT('',(115.905451730559,-64.8042758889996,-3.93142169242518));
#12027=CARTESIAN_POINT('',(116.639030629411,-64.8042758889996,-4.66500059127808));
#12028=CARTESIAN_POINT('',(112.805451730559,-64.8042758889996,-3.94857949013099));
#12029=CARTESIAN_POINT('Ctrl Pts',(112.805451730559,-64.8042758889996,-3.94857949013098));
#12030=CARTESIAN_POINT('Ctrl Pts',(112.805451730559,-64.6086391516398,-3.94857949013098));
#12031=CARTESIAN_POINT('Ctrl Pts',(112.844750418626,-64.4000325001337,-3.94836322505568));
#12032=CARTESIAN_POINT('Ctrl Pts',(113.004452476907,-64.0166007097862,-3.94748380555203));
#12033=CARTESIAN_POINT('Ctrl Pts',(113.124855829812,-63.8417755638828,-3.94682058705441));
#12034=CARTESIAN_POINT('Ctrl Pts',(113.402185724939,-63.5666063288743,-3.9452916011764));
#12035=CARTESIAN_POINT('Ctrl Pts',(113.577361614631,-63.4478233849966,-3.94432521353513));
#12036=CARTESIAN_POINT('Ctrl Pts',(113.960764496324,-63.2911302875274,-3.94220762716942));
#12037=CARTESIAN_POINT('Ctrl Pts',(114.168991480752,-63.2532201162749,-3.94105636400272));
#12038=CARTESIAN_POINT('Ctrl Pts',(114.558228872999,-63.2553744900591,-3.93890199021852));
#12039=CARTESIAN_POINT('Ctrl Pts',(114.765185829391,-63.2952492433714,-3.93775527968594));
#12040=CARTESIAN_POINT('Ctrl Pts',(115.145555614714,-63.4549133353447,-3.93564552710861));
#12041=CARTESIAN_POINT('Ctrl Pts',(115.318968436637,-63.5747026915446,-3.93468254897795));
#12042=CARTESIAN_POINT('Ctrl Pts',(115.592113816655,-63.8499961519362,-3.93316479955893));
#12043=CARTESIAN_POINT('Ctrl Pts',(115.710288970126,-64.0237527801131,-3.93250756505165));
#12044=CARTESIAN_POINT('Ctrl Pts',(115.86695793602,-64.4040893573979,-3.9316359793373));
#12045=CARTESIAN_POINT('Ctrl Pts',(115.905451730559,-64.6106693140201,-3.93142169242517));
#12046=CARTESIAN_POINT('Ctrl Pts',(115.905451730559,-64.8042758889996,-3.93142169242517));
#12047=CARTESIAN_POINT('Ctrl Pts',(115.905451730559,-64.8042758889996,-3.93142169242517));
#12048=CARTESIAN_POINT('Ctrl Pts',(115.905451730559,-64.997882463979,-3.93142169242517));
#12049=CARTESIAN_POINT('Ctrl Pts',(115.86695793602,-65.2044624206013,-3.9316359793373));
#12050=CARTESIAN_POINT('Ctrl Pts',(115.710288970126,-65.584798997886,-3.93250756505165));
#12051=CARTESIAN_POINT('Ctrl Pts',(115.592113816655,-65.7585556260629,-3.93316479955893));
#12052=CARTESIAN_POINT('Ctrl Pts',(115.318968436637,-66.0338490864546,-3.93468254897795));
#12053=CARTESIAN_POINT('Ctrl Pts',(115.145555614714,-66.1536384426544,-3.93564552710861));
#12054=CARTESIAN_POINT('Ctrl Pts',(114.765185829391,-66.3133025346278,-3.93775527968594));
#12055=CARTESIAN_POINT('Ctrl Pts',(114.558228872999,-66.35317728794,-3.93890199021852));
#12056=CARTESIAN_POINT('Ctrl Pts',(114.168991480752,-66.3553316617242,-3.94105636400272));
#12057=CARTESIAN_POINT('Ctrl Pts',(113.960764496324,-66.3174214904717,-3.9422076271694));
#12058=CARTESIAN_POINT('Ctrl Pts',(113.577361614631,-66.1607283930026,-3.94432521353511));
#12059=CARTESIAN_POINT('Ctrl Pts',(113.402185724939,-66.0419454491248,-3.94529160117638));
#12060=CARTESIAN_POINT('Ctrl Pts',(113.124855829812,-65.7667762141164,-3.94682058705439));
#12061=CARTESIAN_POINT('Ctrl Pts',(113.004452476907,-65.591951068213,-3.94748380555203));
#12062=CARTESIAN_POINT('Ctrl Pts',(112.844750418626,-65.2085192778654,-3.94836322505568));
#12063=CARTESIAN_POINT('Ctrl Pts',(112.805451730559,-64.9999126263594,-3.94857949013099));
#12064=CARTESIAN_POINT('Ctrl Pts',(112.805451730559,-64.8042758889996,-3.94857949013099));
#12065=CARTESIAN_POINT('Origin',(114.225611903942,-129.357193918594,-0.940000591278072));
#12066=CARTESIAN_POINT('',(115.775611903942,-129.357193918594,-0.740000591278073));
#12067=CARTESIAN_POINT('',(115.775611903942,-129.357193918594,-0.940000591278072));
#12068=CARTESIAN_POINT('Origin',(114.225611903942,-129.357193918594,-0.740000591278073));
#12069=CARTESIAN_POINT('Origin',(43.5467618983566,-129.372730272354,-0.940000591278081));
#12070=CARTESIAN_POINT('',(45.0967618983566,-129.372730272354,-0.740000591278081));
#12071=CARTESIAN_POINT('',(45.0967618983566,-129.372730272354,-0.940000591278081));
#12072=CARTESIAN_POINT('Origin',(43.5467618983566,-129.372730272354,-0.740000591278081));
#12073=CARTESIAN_POINT('Origin',(43.3573938887576,-64.8242635714061,-0.940000591278081));
#12074=CARTESIAN_POINT('',(44.9073938887576,-64.8242635714061,-0.740000591278081));
#12075=CARTESIAN_POINT('',(44.9073938887576,-64.8242635714061,-0.940000591278081));
#12076=CARTESIAN_POINT('Origin',(43.3573938887576,-64.8242635714061,-0.740000591278081));
#12077=CARTESIAN_POINT('Origin',(114.355451730559,-64.8042758889996,-1.44000059127808));
#12078=CARTESIAN_POINT('',(115.905451730559,-64.8042758889996,-0.740000591278073));
#12079=CARTESIAN_POINT('',(115.905451730559,-64.8042758889996,-1.44000059127808));
#12080=CARTESIAN_POINT('Origin',(114.355451730559,-64.8042758889996,-0.740000591278073));
#12081=CARTESIAN_POINT('Origin',(45.5634888857603,-62.726068901132,-5.44000059127807));
#12082=CARTESIAN_POINT('',(45.5634888857603,-62.726068901132,-0.740000591278081));
#12083=CARTESIAN_POINT('',(45.5634888857603,-62.726068901132,-7.44000059127808));
#12084=CARTESIAN_POINT('',(47.5634888857603,-62.726068901132,-0.740000591278081));
#12085=CARTESIAN_POINT('',(44.2700274602852,-62.726068901132,-0.740000591278082));
#12086=CARTESIAN_POINT('',(47.5634888857603,-62.726068901132,-7.44000059127808));
#12087=CARTESIAN_POINT('Origin',(43.3896431838597,-64.7935298715805,-7.44000059127808));
#12088=CARTESIAN_POINT('',(45.5634888857603,-66.8609908420291,-0.740000591278081));
#12089=CARTESIAN_POINT('',(45.5634888857603,-66.8609908420291,-7.44000059127808));
#12090=CARTESIAN_POINT('Origin',(43.3896431838597,-64.7935298715805,-0.740000591278082));
#12091=CARTESIAN_POINT('Origin',(45.5634888857603,-66.8609908420291,-2.74000059127808));
#12092=CARTESIAN_POINT('',(47.5634888857603,-66.8609908420291,-0.740000591278081));
#12093=CARTESIAN_POINT('',(47.5634888857603,-66.8609908420291,-2.74000059127808));
#12094=CARTESIAN_POINT('',(44.2700274602852,-66.8609908420291,-0.740000591278081));
#12095=CARTESIAN_POINT('Origin',(42.8083589073299,-126.538509119781,-5.44000059127807));
#12096=CARTESIAN_POINT('',(42.8083589073299,-126.538509119781,-0.740000591278082));
#12097=CARTESIAN_POINT('',(42.8083589073299,-126.538509119781,-7.44000059127808));
#12098=CARTESIAN_POINT('',(42.8083589073299,-127.994157589835,-0.740000591278082));
#12099=CARTESIAN_POINT('Origin',(44.0854572472691,-64.69196296055,-2.44000059127808));
#12100=CARTESIAN_POINT('',(38.4930820312177,-63.5000877180401,-2.44000059127808));
#12101=CARTESIAN_POINT('',(38.4930820312177,-63.5000877180401,-2.44000059127808));
#12102=CARTESIAN_POINT('',(38.3841154704832,-64.2561544072959,-2.44000059127808));
#12103=CARTESIAN_POINT('Origin',(44.0854572472691,-64.69196296055,-2.44000059127808));
#12104=CARTESIAN_POINT('',(38.3841154704832,-64.2561544072959,-2.44000059127808));
#12105=CARTESIAN_POINT('Origin',(38.5451951727768,-63.2804946126717,-2.44000059127808));
#12106=CARTESIAN_POINT('',(38.5451951727768,-63.2804946126717,-2.44000059127808));
#12107=CARTESIAN_POINT('',(38.5451951727768,-63.2804946126717,-2.44000059127808));
#12108=CARTESIAN_POINT('',(38.5451951727768,-63.2804946126717,-2.44000059127808));
#12109=CARTESIAN_POINT('Origin',(43.0669078535791,-64.44619018662,-2.44000059127808));
#12110=CARTESIAN_POINT('',(38.8638286790883,-62.4117720408562,-2.44000059127808));
#12111=CARTESIAN_POINT('',(38.8638286790883,-62.4117720408562,-2.44000059127808));
#12112=CARTESIAN_POINT('Origin',(43.0669078535791,-64.44619018662,-2.44000059127808));
#12113=CARTESIAN_POINT('Origin',(39.0606268819259,-62.0519943482395,-2.44000059127808));
#12114=CARTESIAN_POINT('',(39.0606268819259,-62.0519943482395,-2.44000059127808));
#12115=CARTESIAN_POINT('',(39.0606268819259,-62.0519943482395,-2.44000059127808));
#12116=CARTESIAN_POINT('',(39.0606268819259,-62.0519943482395,-2.44000059127808));
#12117=CARTESIAN_POINT('Origin',(42.6680800508591,-64.25878878824,-2.44000059127808));
#12118=CARTESIAN_POINT('',(39.907688150572,-61.05505711669,-2.44000059127808));
#12119=CARTESIAN_POINT('',(39.907688150572,-61.05505711669,-2.44000059127808));
#12120=CARTESIAN_POINT('Origin',(42.6680800508591,-64.25878878824,-2.44000059127808));
#12121=CARTESIAN_POINT('Origin',(40.2402622575917,-60.7935282050439,-2.44000059127808));
#12122=CARTESIAN_POINT('',(40.2402622575917,-60.7935282050439,-2.44000059127808));
#12123=CARTESIAN_POINT('',(40.2402622575917,-60.7935282050439,-2.44000059127808));
#12124=CARTESIAN_POINT('',(40.2402622575917,-60.7935282050439,-2.44000059127808));
#12125=CARTESIAN_POINT('Origin',(40.6152441487419,-60.5526220014727,-2.44000059127808));
#12126=CARTESIAN_POINT('',(40.6152441487419,-60.5526220014727,-2.44000059127808));
#12127=CARTESIAN_POINT('',(40.6152441487419,-60.5526220014727,-2.44000059127808));
#12128=CARTESIAN_POINT('',(40.6152441487419,-60.5526220014727,-2.44000059127808));
#12129=CARTESIAN_POINT('Origin',(41.0212307750905,-60.3413553757962,-2.44000059127808));
#12130=CARTESIAN_POINT('',(41.0212307750905,-60.3413553757962,-2.44000059127808));
#12131=CARTESIAN_POINT('',(41.0212307750905,-60.3413553757962,-2.44000059127808));
#12132=CARTESIAN_POINT('',(41.0212307750905,-60.3413553757962,-2.44000059127808));
#12133=CARTESIAN_POINT('Origin',(41.4560334182295,-60.1610593752229,-2.44000059127808));
#12134=CARTESIAN_POINT('',(41.4560334182295,-60.1610593752229,-2.44000059127808));
#12135=CARTESIAN_POINT('',(41.4560334182295,-60.1610593752229,-2.44000059127808));
#12136=CARTESIAN_POINT('',(41.4560334182295,-60.1610593752229,-2.44000059127808));
#12137=CARTESIAN_POINT('Origin',(41.9150232424862,-60.0135872679736,-2.44000059127808));
#12138=CARTESIAN_POINT('',(41.9150232424862,-60.0135872679736,-2.44000059127808));
#12139=CARTESIAN_POINT('',(41.9150232424862,-60.0135872679736,-2.44000059127808));
#12140=CARTESIAN_POINT('',(41.9150232424862,-60.0135872679736,-2.44000059127808));
#12141=CARTESIAN_POINT('Origin',(42.3882499856155,-59.9013411993009,-2.44000059127808));
#12142=CARTESIAN_POINT('',(42.3882499856155,-59.9013411993009,-2.44000059127808));
#12143=CARTESIAN_POINT('',(42.3882499856155,-59.9013411993009,-2.44000059127808));
#12144=CARTESIAN_POINT('',(42.3882499856155,-59.9013411993009,-2.44000059127808));
#12145=CARTESIAN_POINT('Origin',(42.8528667856672,-59.8271418438444,-2.44000059127808));
#12146=CARTESIAN_POINT('',(42.8528667856672,-59.8271418438444,-2.44000059127808));
#12147=CARTESIAN_POINT('',(42.8528667856672,-59.8271418438444,-2.44000059127808));
#12148=CARTESIAN_POINT('',(42.8528667856672,-59.8271418438444,-2.44000059127808));
#12149=CARTESIAN_POINT('Origin',(43.2425278115134,-59.7934047321171,-2.44000059127808));
#12150=CARTESIAN_POINT('',(43.2425278115134,-59.7934047321171,-2.44000059127808));
#12151=CARTESIAN_POINT('',(43.2425278115134,-59.7934047321171,-2.44000059127808));
#12152=CARTESIAN_POINT('',(43.2425278115134,-59.7934047321171,-2.44000059127808));
#12153=CARTESIAN_POINT('Origin',(43.355991713382,-59.79,-2.44000059127808));
#12154=CARTESIAN_POINT('',(43.355991713382,-59.79,-2.44000059127808));
#12155=CARTESIAN_POINT('',(43.355991713382,-59.79,-2.44000059127808));
#12156=CARTESIAN_POINT('',(43.355991713382,-59.79,-2.44000059127808));
#12157=CARTESIAN_POINT('Origin',(114.370991929196,-59.79,-2.44000059127808));
#12158=CARTESIAN_POINT('',(114.370991929196,-59.79,-2.44000059127808));
#12159=CARTESIAN_POINT('',(114.370991929196,-59.79,-2.44000059127808));
#12160=CARTESIAN_POINT('',(114.370991929196,-59.79,-2.44000059127808));
#12161=CARTESIAN_POINT('Origin',(114.484455831065,-59.7934047321171,-2.44000059127808));
#12162=CARTESIAN_POINT('',(114.484455831065,-59.7934047321171,-2.44000059127808));
#12163=CARTESIAN_POINT('',(114.484455831065,-59.7934047321171,-2.44000059127808));
#12164=CARTESIAN_POINT('',(114.484455831065,-59.7934047321171,-2.44000059127808));
#12165=CARTESIAN_POINT('Origin',(114.874116856911,-59.8271418438444,-2.44000059127808));
#12166=CARTESIAN_POINT('',(114.874116856911,-59.8271418438444,-2.44000059127808));
#12167=CARTESIAN_POINT('',(114.874116856911,-59.8271418438444,-2.44000059127808));
#12168=CARTESIAN_POINT('',(114.874116856911,-59.8271418438444,-2.44000059127808));
#12169=CARTESIAN_POINT('Origin',(115.338733656963,-59.9013411993009,-2.44000059127808));
#12170=CARTESIAN_POINT('',(115.338733656963,-59.9013411993009,-2.44000059127808));
#12171=CARTESIAN_POINT('',(115.338733656963,-59.9013411993009,-2.44000059127808));
#12172=CARTESIAN_POINT('',(115.338733656963,-59.9013411993009,-2.44000059127808));
#12173=CARTESIAN_POINT('Origin',(115.811960400092,-60.0135872679736,-2.44000059127808));
#12174=CARTESIAN_POINT('',(115.811960400092,-60.0135872679736,-2.44000059127808));
#12175=CARTESIAN_POINT('',(115.811960400092,-60.0135872679736,-2.44000059127808));
#12176=CARTESIAN_POINT('',(115.811960400092,-60.0135872679736,-2.44000059127808));
#12177=CARTESIAN_POINT('Origin',(116.270950224349,-60.1610593752229,-2.44000059127808));
#12178=CARTESIAN_POINT('',(116.270950224349,-60.1610593752229,-2.44000059127808));
#12179=CARTESIAN_POINT('',(116.270950224349,-60.1610593752229,-2.44000059127808));
#12180=CARTESIAN_POINT('',(116.270950224349,-60.1610593752229,-2.44000059127808));
#12181=CARTESIAN_POINT('Origin',(116.705752867488,-60.3413553757961,-2.44000059127808));
#12182=CARTESIAN_POINT('',(116.705752867488,-60.3413553757961,-2.44000059127808));
#12183=CARTESIAN_POINT('',(116.705752867488,-60.3413553757961,-2.44000059127808));
#12184=CARTESIAN_POINT('',(116.705752867488,-60.3413553757961,-2.44000059127808));
#12185=CARTESIAN_POINT('Origin',(117.111739493836,-60.5526220014727,-2.44000059127808));
#12186=CARTESIAN_POINT('',(117.111739493836,-60.5526220014727,-2.44000059127808));
#12187=CARTESIAN_POINT('',(117.111739493836,-60.5526220014727,-2.44000059127808));
#12188=CARTESIAN_POINT('',(117.111739493836,-60.5526220014727,-2.44000059127808));
#12189=CARTESIAN_POINT('Origin',(117.486721384986,-60.7935282050439,-2.44000059127808));
#12190=CARTESIAN_POINT('',(117.486721384986,-60.7935282050439,-2.44000059127808));
#12191=CARTESIAN_POINT('',(117.486721384986,-60.7935282050439,-2.44000059127808));
#12192=CARTESIAN_POINT('',(117.486721384986,-60.7935282050439,-2.44000059127808));
#12193=CARTESIAN_POINT('Origin',(117.829623817694,-61.0631790832514,-2.44000059127808));
#12194=CARTESIAN_POINT('',(117.829623817694,-61.0631790832514,-2.44000059127808));
#12195=CARTESIAN_POINT('',(117.829623817694,-61.0631790832514,-2.44000059127808));
#12196=CARTESIAN_POINT('',(117.829623817694,-61.0631790832514,-2.44000059127808));
#12197=CARTESIAN_POINT('Origin',(118.130492861651,-61.3520724536256,-2.44000059127808));
#12198=CARTESIAN_POINT('',(118.130492861651,-61.3520724536256,-2.44000059127808));
#12199=CARTESIAN_POINT('',(118.130492861651,-61.3520724536256,-2.44000059127808));
#12200=CARTESIAN_POINT('',(118.130492861651,-61.3520724536256,-2.44000059127808));
#12201=CARTESIAN_POINT('Origin',(115.058778119599,-64.25888485422,-2.44000059127808));
#12202=CARTESIAN_POINT('',(118.874235730753,-62.434803439842,-2.44000059127808));
#12203=CARTESIAN_POINT('',(118.874235730753,-62.434803439842,-2.44000059127808));
#12204=CARTESIAN_POINT('Origin',(115.058778119599,-64.25888485422,-2.44000059127808));
#12205=CARTESIAN_POINT('Origin',(119.040502355849,-62.8277169915348,-2.44000059127808));
#12206=CARTESIAN_POINT('',(119.040502355849,-62.8277169915348,-2.44000059127808));
#12207=CARTESIAN_POINT('',(119.040502355849,-62.8277169915348,-2.44000059127808));
#12208=CARTESIAN_POINT('',(119.040502355849,-62.8277169915348,-2.44000059127808));
#12209=CARTESIAN_POINT('Origin',(119.113968731861,-63.044124149378,-2.44000059127807));
#12210=CARTESIAN_POINT('',(119.113968731861,-63.044124149378,-2.44000059127807));
#12211=CARTESIAN_POINT('',(119.113968731861,-63.044124149378,-2.44000059127807));
#12212=CARTESIAN_POINT('',(119.113968731861,-63.044124149378,-2.44000059127807));
#12213=CARTESIAN_POINT('Origin',(114.122692092639,-64.60061120582,-2.44000059127808));
#12214=CARTESIAN_POINT('',(119.281622204232,-63.7515325582183,-2.44000059127807));
#12215=CARTESIAN_POINT('',(119.281622204232,-63.7515325582183,-2.44000059127807));
#12216=CARTESIAN_POINT('Origin',(114.122692092639,-64.60061120582,-2.44000059127808));
#12217=CARTESIAN_POINT('Origin',(119.31589583109,-63.988764597319,-2.44000059127807));
#12218=CARTESIAN_POINT('',(119.31589583109,-63.988764597319,-2.44000059127807));
#12219=CARTESIAN_POINT('',(119.31589583109,-63.988764597319,-2.44000059127807));
#12220=CARTESIAN_POINT('',(119.31589583109,-63.988764597319,-2.44000059127807));
#12221=CARTESIAN_POINT('Origin',(112.747283759239,-64.78099712818,-2.44000059127808));
#12222=CARTESIAN_POINT('',(119.363491821289,-64.7903679919803,-2.44000059127807));
#12223=CARTESIAN_POINT('',(119.363491821289,-64.7903679919803,-2.44000059127807));
#12224=CARTESIAN_POINT('Origin',(112.747283759239,-64.78099712818,-2.44000059127808));
#12225=CARTESIAN_POINT('Origin',(119.363491821289,-129.519841799895,-2.44000059127807));
#12226=CARTESIAN_POINT('',(119.363491821289,-83.0414684790256,-0.940000591278072));
#12227=CARTESIAN_POINT('',(119.363491821289,-83.0414684790256,-3.94000059127808));
#12228=CARTESIAN_POINT('',(119.363491821289,-112.541468479026,-0.940000591278072));
#12229=CARTESIAN_POINT('',(119.363491821289,-113.65565513946,-0.940000591278072));
#12230=CARTESIAN_POINT('',(119.363491821289,-112.541468479026,-3.94000059127808));
#12231=CARTESIAN_POINT('',(119.363491821289,-129.519841799895,-2.44000059127807));
#12232=CARTESIAN_POINT('',(119.363491821289,-129.519841799895,-2.44000059127807));
#12233=CARTESIAN_POINT('',(119.363491821289,-118.541468479026,-2.44000059127807));
#12234=CARTESIAN_POINT('',(119.363491821289,-129.519841799895,-2.44000059127807));
#12235=CARTESIAN_POINT('',(119.363491821289,-118.541468479026,0.459999408721934));
#12236=CARTESIAN_POINT('',(119.363491821289,-118.541468479026,-3.44000059127807));
#12237=CARTESIAN_POINT('',(119.363491821289,-77.0414684790256,0.459999408721934));
#12238=CARTESIAN_POINT('',(119.363491821289,-83.0414684790256,0.459999408721934));
#12239=CARTESIAN_POINT('',(119.363491821289,-77.0414684790256,-2.44000059127807));
#12240=CARTESIAN_POINT('',(119.363491821289,-77.0414684790256,-3.44000059127807));
#12241=CARTESIAN_POINT('',(119.363491821289,-129.519841799895,-2.44000059127807));
#12242=CARTESIAN_POINT('Origin',(43.5699368212891,-129.44980605989,-0.740000591278081));
#12243=CARTESIAN_POINT('',(44.3315147352482,-126.538509119781,-0.740000591278081));
#12244=CARTESIAN_POINT('Origin',(43.5699368212891,-129.4,-0.740000591278082));
#12245=CARTESIAN_POINT('',(44.3315147352482,-127.994157589835,-0.740000591278081));
#12246=CARTESIAN_POINT('Origin',(114.363491821289,-64.8,-0.740000591278073));
#12247=CARTESIAN_POINT('',(111.363491821289,-64.8,-0.740000591278073));
#12248=CARTESIAN_POINT('Origin',(114.363491821289,-64.8,-0.740000591278073));
#12249=CARTESIAN_POINT('Origin',(42.97656603481,-64.7935298715805,-0.740000591278081));
#12250=CARTESIAN_POINT('',(47.5634888857603,-62.3967653828251,-0.740000591278081));
#12251=CARTESIAN_POINT('Origin',(114.243491821289,-129.36,-0.740000591278073));
#12252=CARTESIAN_POINT('',(111.243491821289,-129.36,-0.740000591278073));
#12253=CARTESIAN_POINT('Origin',(114.243491821289,-129.36,-0.740000591278073));
#12254=CARTESIAN_POINT('Origin',(77.7864141723484,-134.538509119781,-7.44000059127808));
#12255=CARTESIAN_POINT('Origin',(77.7864141723484,-134.538509119781,-7.44000059127808));
#12256=CARTESIAN_POINT('Origin',(120.113491803772,-97.7914684790256,-0.940000591278071));
#12257=CARTESIAN_POINT('',(120.863491786255,-112.541468479026,-0.940000591278071));
#12258=CARTESIAN_POINT('',(120.863491786255,-83.0414684790256,-0.940000591278071));
#12259=CARTESIAN_POINT('',(120.863491821289,-81.2914702234734,-0.940000591278071));
#12260=CARTESIAN_POINT('',(120.863491786255,-112.541468479026,-0.940000591278071));
#12261=CARTESIAN_POINT('',(119.363491821289,-83.0414684790256,-0.940000591278072));
#12262=CARTESIAN_POINT('Origin',(44.3315147352482,-126.538509119781,-2.74000059127808));
#12263=CARTESIAN_POINT('',(44.3315147352482,-126.538509119781,-7.44000059127808));
#12264=CARTESIAN_POINT('Origin',(72.1110778212891,-68.4763110445097,-7.44000059127808));
#12265=CARTESIAN_POINT('',(72.1110778212891,-60.0000008940697,-7.44000059127808));
#12266=CARTESIAN_POINT('Origin',(73.1110778212891,-60.0000008940697,-7.44000059127808));
#12267=CARTESIAN_POINT('',(47.5634888857603,-60.0000008940697,-7.44000059127808));
#12268=CARTESIAN_POINT('Origin',(47.5634888857603,-60.0000008940697,-7.44000059127808));
#12269=CARTESIAN_POINT('Origin',(114.243491821289,-129.36,-7.44000059127807));
#12270=CARTESIAN_POINT('',(111.243491821289,-129.36,-7.44000059127807));
#12271=CARTESIAN_POINT('Origin',(114.363491821289,-64.8,-7.44000059127807));
#12272=CARTESIAN_POINT('',(111.363491821289,-64.8,-7.44000059127807));
#12273=CARTESIAN_POINT('Origin',(43.5699368212891,-129.4,-7.44000059127808));
#12274=CARTESIAN_POINT('Origin',(36.8634918212891,-77.0414684790256,0.559999408721922));
#12275=CARTESIAN_POINT('',(38.3634917862554,-77.0414684790256,0.559999408721922));
#12276=CARTESIAN_POINT('',(36.8634918212891,-77.0414684790256,0.559999408721922));
#12277=CARTESIAN_POINT('',(37.2384918125307,-77.0414684790256,0.559999408721922));
#12278=CARTESIAN_POINT('',(38.3634917862554,-77.0414684790256,-2.44000059127808));
#12279=CARTESIAN_POINT('',(38.3634918212891,-77.0414684790256,0.559999408721922));
#12280=CARTESIAN_POINT('',(36.8634918212891,-77.0414684790256,-2.44000059127809));
#12281=CARTESIAN_POINT('',(57.8634934777823,-77.0414684790256,-2.44000059127808));
#12282=CARTESIAN_POINT('',(36.8634918212891,-77.0414684790256,0.559999408721922));
#12283=CARTESIAN_POINT('Origin',(37.6134918037722,-97.7914684790256,0.559999408721922));
#12284=CARTESIAN_POINT('',(36.8634918212891,-118.541468479026,0.559999408721922));
#12285=CARTESIAN_POINT('',(36.8634918212891,-88.665918235503,0.559999408721922));
#12286=CARTESIAN_POINT('',(38.3634917862554,-118.541468479026,0.559999408721922));
#12287=CARTESIAN_POINT('',(37.9884917950138,-118.541468479026,0.559999408721922));
#12288=CARTESIAN_POINT('',(38.3634918212891,-121.037917839303,0.559999408721922));
#12289=CARTESIAN_POINT('Origin',(38.3634917862554,-118.541468479026,0.559999408721922));
#12290=CARTESIAN_POINT('',(36.8634918212891,-118.541468479026,-2.44000059127809));
#12291=CARTESIAN_POINT('',(36.8634918212891,-118.541468479026,0.559999408721922));
#12292=CARTESIAN_POINT('',(38.3634917862554,-118.541468479026,-2.44000059127808));
#12293=CARTESIAN_POINT('',(58.6134934602655,-118.541468479026,-2.44000059127808));
#12294=CARTESIAN_POINT('',(38.3634918212891,-118.541468479026,0.559999408721922));
#12295=CARTESIAN_POINT('Origin',(78.8634951342755,-97.1760164130179,-2.44000059127808));
#12296=CARTESIAN_POINT('',(38.3634918212891,-64.7851582001062,-2.44000059127808));
#12297=CARTESIAN_POINT('',(38.3634918212891,-64.7851582001062,-2.44000059127808));
#12298=CARTESIAN_POINT('',(38.3687150115799,-64.5154908958684,-2.44000059127808));
#12299=CARTESIAN_POINT('',(38.3687150115799,-64.5154908958684,-2.44000059127808));
#12300=CARTESIAN_POINT('',(38.3841154704832,-64.2561544072959,-2.44000059127808));
#12301=CARTESIAN_POINT('',(120.863491821289,-77.0414684790256,-2.44000059127807));
#12302=CARTESIAN_POINT('',(99.8634934602655,-77.0414684790256,-2.44000059127808));
#12303=CARTESIAN_POINT('',(120.863491821289,-64.7914719679212,-2.44000059127807));
#12304=CARTESIAN_POINT('',(120.863491821289,-64.7914719679212,-2.44000059127807));
#12305=CARTESIAN_POINT('',(120.802869025379,-63.7908017524992,-2.44000059127807));
#12306=CARTESIAN_POINT('Origin',(112.747283759239,-64.78099712818,-2.44000059127808));
#12307=CARTESIAN_POINT('',(120.764234949048,-63.5233878745069,-2.44000059127807));
#12308=CARTESIAN_POINT('',(120.764234949048,-63.5233878745069,-2.44000059127807));
#12309=CARTESIAN_POINT('',(120.539997566511,-62.5785597539379,-2.44000059127807));
#12310=CARTESIAN_POINT('Origin',(114.122692092639,-64.60061120582,-2.44000059127808));
#12311=CARTESIAN_POINT('',(120.443267959527,-62.293626966139,-2.44000059127807));
#12312=CARTESIAN_POINT('',(120.443267959527,-62.293626966139,-2.44000059127807));
#12313=CARTESIAN_POINT('',(120.24331236579,-61.8211012113719,-2.44000059127807));
#12314=CARTESIAN_POINT('',(120.24331236579,-61.8211012113719,-2.44000059127807));
#12315=CARTESIAN_POINT('',(119.193344507509,-60.2930879326378,-2.44000059127807));
#12316=CARTESIAN_POINT('Origin',(115.058778119599,-64.25888485422,-2.44000059127808));
#12317=CARTESIAN_POINT('',(118.815084806909,-59.9298843330057,-2.44000059127808));
#12318=CARTESIAN_POINT('',(118.815084806909,-59.9298843330057,-2.44000059127808));
#12319=CARTESIAN_POINT('',(118.357692076078,-59.5702008201754,-2.44000059127808));
#12320=CARTESIAN_POINT('',(118.357692076078,-59.5702008201754,-2.44000059127808));
#12321=CARTESIAN_POINT('',(117.864903511478,-59.2536100058909,-2.44000059127808));
#12322=CARTESIAN_POINT('',(117.864903511478,-59.2536100058909,-2.44000059127808));
#12323=CARTESIAN_POINT('',(117.340436006083,-58.9806885031847,-2.44000059127808));
#12324=CARTESIAN_POINT('',(117.340436006083,-58.9806885031847,-2.44000059127808));
#12325=CARTESIAN_POINT('',(116.788523433527,-58.7518315008915,-2.44000059127808));
#12326=CARTESIAN_POINT('',(116.788523433527,-58.7518315008915,-2.44000059127808));
#12327=CARTESIAN_POINT('',(116.2150871365,-58.5675880718945,-2.44000059127808));
#12328=CARTESIAN_POINT('',(116.2150871365,-58.5675880718945,-2.44000059127808));
#12329=CARTESIAN_POINT('',(115.630507163984,-58.4289297972038,-2.44000059127808));
#12330=CARTESIAN_POINT('',(115.630507163984,-58.4289297972038,-2.44000059127808));
#12331=CARTESIAN_POINT('',(115.057323963776,-58.3373923753775,-2.44000059127808));
#12332=CARTESIAN_POINT('',(115.057323963776,-58.3373923753775,-2.44000059127808));
#12333=CARTESIAN_POINT('',(114.571713860392,-58.2953479284683,-2.44000059127808));
#12334=CARTESIAN_POINT('',(114.571713860392,-58.2953479284683,-2.44000059127808));
#12335=CARTESIAN_POINT('',(114.393492252917,-58.29,-2.44000059127808));
#12336=CARTESIAN_POINT('',(114.393492252917,-58.29,-2.44000059127808));
#12337=CARTESIAN_POINT('',(43.3334913896606,-58.29,-2.44000059127808));
#12338=CARTESIAN_POINT('',(43.3334913896606,-58.29,-2.44000059127808));
#12339=CARTESIAN_POINT('',(43.1552697821866,-58.2953479284683,-2.44000059127808));
#12340=CARTESIAN_POINT('',(43.1552697821866,-58.2953479284683,-2.44000059127808));
#12341=CARTESIAN_POINT('',(42.6696596788023,-58.3373923753775,-2.44000059127808));
#12342=CARTESIAN_POINT('',(42.6696596788023,-58.3373923753775,-2.44000059127808));
#12343=CARTESIAN_POINT('',(42.0964764785946,-58.4289297972038,-2.44000059127808));
#12344=CARTESIAN_POINT('',(42.0964764785946,-58.4289297972038,-2.44000059127808));
#12345=CARTESIAN_POINT('',(41.5118965060777,-58.5675880718945,-2.44000059127808));
#12346=CARTESIAN_POINT('',(41.5118965060777,-58.5675880718945,-2.44000059127808));
#12347=CARTESIAN_POINT('',(40.9384602090507,-58.7518315008915,-2.44000059127808));
#12348=CARTESIAN_POINT('',(40.9384602090507,-58.7518315008915,-2.44000059127808));
#12349=CARTESIAN_POINT('',(40.3865476364948,-58.9806885031847,-2.44000059127808));
#12350=CARTESIAN_POINT('',(40.3865476364948,-58.9806885031847,-2.44000059127808));
#12351=CARTESIAN_POINT('',(39.8620801311004,-59.2536100058909,-2.44000059127808));
#12352=CARTESIAN_POINT('',(39.8620801311004,-59.2536100058909,-2.44000059127808));
#12353=CARTESIAN_POINT('',(39.3692915664999,-59.5702008201754,-2.44000059127808));
#12354=CARTESIAN_POINT('',(39.3692915664999,-59.5702008201754,-2.44000059127808));
#12355=CARTESIAN_POINT('',(38.9560464897956,-59.895167595617,-2.44000059127808));
#12356=CARTESIAN_POINT('',(38.9560464897956,-59.895167595617,-2.44000059127808));
#12357=CARTESIAN_POINT('',(37.7607638000876,-61.3026713538196,-2.44000059127808));
#12358=CARTESIAN_POINT('Origin',(42.6680800508591,-64.25878878824,-2.44000059127808));
#12359=CARTESIAN_POINT('',(37.5311783156283,-61.7223892916166,-2.44000059127808));
#12360=CARTESIAN_POINT('',(37.5311783156283,-61.7223892916166,-2.44000059127808));
#12361=CARTESIAN_POINT('',(37.0888402030804,-62.9210344571866,-2.44000059127809));
#12362=CARTESIAN_POINT('Origin',(43.0669078535791,-64.44619018662,-2.44000059127808));
#12363=CARTESIAN_POINT('',(37.0298618543823,-63.1695560076564,-2.44000059127809));
#12364=CARTESIAN_POINT('',(37.0298618543823,-63.1695560076564,-2.44000059127809));
#12365=CARTESIAN_POINT('',(36.8874642395846,-64.1552638458974,-2.44000059127809));
#12366=CARTESIAN_POINT('Origin',(44.0854572472691,-64.69196296055,-2.44000059127808));
#12367=CARTESIAN_POINT('',(36.8695765824523,-64.4564835834763,-2.44000059127809));
#12368=CARTESIAN_POINT('',(36.8695765824523,-64.4564835834763,-2.44000059127809));
#12369=CARTESIAN_POINT('',(36.8634918212891,-64.7706328004192,-2.44000059127809));
#12370=CARTESIAN_POINT('',(36.8634918212891,-64.7706328004192,-2.44000059127809));
#12371=CARTESIAN_POINT('',(36.8634918212891,-129.592020431629,-2.44000059127809));
#12372=CARTESIAN_POINT('Origin',(78.8634951342755,-97.1760164130179,-2.44000059127808));
#12373=CARTESIAN_POINT('',(36.8634918212891,-129.592020431629,-2.44000059127809));
#12374=CARTESIAN_POINT('',(36.8634918212891,-129.592020431629,-2.44000059127809));
#12375=CARTESIAN_POINT('',(36.8688397497573,-129.770242039102,-2.44000059127809));
#12376=CARTESIAN_POINT('',(36.8688397497573,-129.770242039102,-2.44000059127809));
#12377=CARTESIAN_POINT('',(36.9108841966665,-130.255852142487,-2.44000059127809));
#12378=CARTESIAN_POINT('',(36.9108841966665,-130.255852142487,-2.44000059127809));
#12379=CARTESIAN_POINT('',(37.0024216184929,-130.829035342694,-2.44000059127809));
#12380=CARTESIAN_POINT('',(37.0024216184929,-130.829035342694,-2.44000059127809));
#12381=CARTESIAN_POINT('',(37.1410798931836,-131.413615315211,-2.44000059127809));
#12382=CARTESIAN_POINT('',(37.1410798931836,-131.413615315211,-2.44000059127809));
#12383=CARTESIAN_POINT('',(37.3253233221806,-131.987051612238,-2.44000059127809));
#12384=CARTESIAN_POINT('',(37.3253233221806,-131.987051612238,-2.44000059127809));
#12385=CARTESIAN_POINT('',(37.5541803244737,-132.538964184794,-2.44000059127808));
#12386=CARTESIAN_POINT('',(37.5541803244737,-132.538964184794,-2.44000059127808));
#12387=CARTESIAN_POINT('',(37.82710182718,-133.063431690189,-2.44000059127808));
#12388=CARTESIAN_POINT('',(37.82710182718,-133.063431690189,-2.44000059127808));
#12389=CARTESIAN_POINT('',(38.1436926414646,-133.556220254789,-2.44000059127808));
#12390=CARTESIAN_POINT('',(38.1436926414646,-133.556220254789,-2.44000059127808));
#12391=CARTESIAN_POINT('',(38.4686594169208,-133.969465331511,-2.44000059127808));
#12392=CARTESIAN_POINT('',(38.4686594169208,-133.969465331511,-2.44000059127808));
#12393=CARTESIAN_POINT('',(39.8761631744821,-135.16474802082,-2.44000059127808));
#12394=CARTESIAN_POINT('Origin',(42.8322806095391,-130.2574317704,-2.44000059127808));
#12395=CARTESIAN_POINT('',(40.2958811128249,-135.394333505621,-2.44000059127808));
#12396=CARTESIAN_POINT('',(40.2958811128249,-135.394333505621,-2.44000059127808));
#12397=CARTESIAN_POINT('',(41.4945262779097,-135.836671618064,-2.44000059127808));
#12398=CARTESIAN_POINT('Origin',(43.0196820079091,-129.8586039677,-2.44000059127808));
#12399=CARTESIAN_POINT('',(41.7430478289348,-135.895649966904,-2.44000059127808));
#12400=CARTESIAN_POINT('',(41.7430478289348,-135.895649966904,-2.44000059127808));
#12401=CARTESIAN_POINT('',(42.7287556656886,-136.038047581594,-2.44000059127808));
#12402=CARTESIAN_POINT('Origin',(43.265454781849,-128.840054574,-2.44000059127808));
#12403=CARTESIAN_POINT('',(43.0299754046807,-136.055935238835,-2.44000059127808));
#12404=CARTESIAN_POINT('',(43.0299754046807,-136.055935238835,-2.44000059127808));
#12405=CARTESIAN_POINT('',(43.3447868151806,-136.062032826036,-2.44000059127808));
#12406=CARTESIAN_POINT('',(43.3447868151806,-136.062032826036,-2.44000059127808));
#12407=CARTESIAN_POINT('',(114.394154354066,-136.014980132209,-2.44000059127808));
#12408=CARTESIAN_POINT('',(114.394154354066,-136.014980132209,-2.44000059127808));
#12409=CARTESIAN_POINT('',(114.571713860391,-136.009652071532,-2.44000059127808));
#12410=CARTESIAN_POINT('',(114.571713860391,-136.009652071532,-2.44000059127808));
#12411=CARTESIAN_POINT('',(115.057323963776,-135.967607624623,-2.44000059127808));
#12412=CARTESIAN_POINT('',(115.057323963776,-135.967607624623,-2.44000059127808));
#12413=CARTESIAN_POINT('',(115.630507163984,-135.876070202796,-2.44000059127808));
#12414=CARTESIAN_POINT('',(115.630507163984,-135.876070202796,-2.44000059127808));
#12415=CARTESIAN_POINT('',(116.2150871365,-135.737411928105,-2.44000059127808));
#12416=CARTESIAN_POINT('',(116.2150871365,-135.737411928105,-2.44000059127808));
#12417=CARTESIAN_POINT('',(116.788523433527,-135.553168499109,-2.44000059127808));
#12418=CARTESIAN_POINT('',(116.788523433527,-135.553168499109,-2.44000059127808));
#12419=CARTESIAN_POINT('',(117.340436006083,-135.324311496815,-2.44000059127808));
#12420=CARTESIAN_POINT('',(117.340436006083,-135.324311496815,-2.44000059127808));
#12421=CARTESIAN_POINT('',(117.864903511478,-135.051389994109,-2.44000059127808));
#12422=CARTESIAN_POINT('',(117.864903511478,-135.051389994109,-2.44000059127808));
#12423=CARTESIAN_POINT('',(118.357692076078,-134.734799179825,-2.44000059127808));
#12424=CARTESIAN_POINT('',(118.357692076078,-134.734799179825,-2.44000059127808));
#12425=CARTESIAN_POINT('',(118.770937152781,-134.409832404384,-2.44000059127808));
#12426=CARTESIAN_POINT('',(118.770937152781,-134.409832404384,-2.44000059127808));
#12427=CARTESIAN_POINT('',(119.966219841995,-133.002328647035,-2.44000059127807));
#12428=CARTESIAN_POINT('Origin',(115.058903591729,-130.0462112117,-2.44000059127808));
#12429=CARTESIAN_POINT('',(120.195805326913,-132.582610708457,-2.44000059127807));
#12430=CARTESIAN_POINT('',(120.195805326913,-132.582610708457,-2.44000059127807));
#12431=CARTESIAN_POINT('',(120.638143439154,-131.383965544224,-2.44000059127807));
#12432=CARTESIAN_POINT('Origin',(114.660075789009,-129.8588098133,-2.44000059127808));
#12433=CARTESIAN_POINT('',(120.697121788187,-131.135443992385,-2.44000059127807));
#12434=CARTESIAN_POINT('',(120.697121788187,-131.135443992385,-2.44000059127807));
#12435=CARTESIAN_POINT('',(120.839519403003,-130.149736154073,-2.44000059127807));
#12436=CARTESIAN_POINT('Origin',(113.641526395319,-129.6130370394,-2.44000059127808));
#12437=CARTESIAN_POINT('',(120.857407060126,-129.848516416499,-2.44000059127807));
#12438=CARTESIAN_POINT('',(120.857407060126,-129.848516416499,-2.44000059127807));
#12439=CARTESIAN_POINT('',(120.863491821289,-129.53436719958,-2.44000059127807));
#12440=CARTESIAN_POINT('',(120.863491821289,-129.53436719958,-2.44000059127807));
#12441=CARTESIAN_POINT('',(120.863491821289,-118.541468479026,-2.44000059127807));
#12442=CARTESIAN_POINT('',(120.863491821289,-64.7914719679212,-2.44000059127807));
#12443=CARTESIAN_POINT('',(99.1134934777823,-118.541468479026,-2.44000059127808));
#12444=CARTESIAN_POINT('',(119.358268630998,-129.789509104124,-2.44000059127807));
#12445=CARTESIAN_POINT('',(119.358268630998,-129.789509104124,-2.44000059127807));
#12446=CARTESIAN_POINT('',(119.342868172098,-130.04884559275,-2.44000059127807));
#12447=CARTESIAN_POINT('',(119.342868172098,-130.04884559275,-2.44000059127807));
#12448=CARTESIAN_POINT('',(119.233901611359,-130.804912281966,-2.44000059127807));
#12449=CARTESIAN_POINT('Origin',(113.641526395319,-129.6130370394,-2.44000059127808));
#12450=CARTESIAN_POINT('',(119.18178846951,-131.024505388518,-2.44000059127807));
#12451=CARTESIAN_POINT('',(119.18178846951,-131.024505388518,-2.44000059127807));
#12452=CARTESIAN_POINT('',(118.863154963482,-131.89322795916,-2.44000059127808));
#12453=CARTESIAN_POINT('Origin',(114.660075789009,-129.8588098133,-2.44000059127808));
#12454=CARTESIAN_POINT('',(118.666356760253,-132.253005652444,-2.44000059127808));
#12455=CARTESIAN_POINT('',(118.666356760253,-132.253005652444,-2.44000059127808));
#12456=CARTESIAN_POINT('',(117.819295492009,-133.249942883308,-2.44000059127808));
#12457=CARTESIAN_POINT('Origin',(115.058903591729,-130.0462112117,-2.44000059127808));
#12458=CARTESIAN_POINT('',(117.486721384986,-133.511471794956,-2.44000059127808));
#12459=CARTESIAN_POINT('',(117.486721384986,-133.511471794956,-2.44000059127808));
#12460=CARTESIAN_POINT('',(117.111739493836,-133.752377998527,-2.44000059127808));
#12461=CARTESIAN_POINT('',(117.111739493836,-133.752377998527,-2.44000059127808));
#12462=CARTESIAN_POINT('',(116.705752867488,-133.963644624204,-2.44000059127808));
#12463=CARTESIAN_POINT('',(116.705752867488,-133.963644624204,-2.44000059127808));
#12464=CARTESIAN_POINT('',(116.270950224349,-134.143940624777,-2.44000059127808));
#12465=CARTESIAN_POINT('',(116.270950224349,-134.143940624777,-2.44000059127808));
#12466=CARTESIAN_POINT('',(115.811960400092,-134.291412732026,-2.44000059127808));
#12467=CARTESIAN_POINT('',(115.811960400092,-134.291412732026,-2.44000059127808));
#12468=CARTESIAN_POINT('',(115.338733656963,-134.403658800699,-2.44000059127808));
#12469=CARTESIAN_POINT('',(115.338733656963,-134.403658800699,-2.44000059127808));
#12470=CARTESIAN_POINT('',(114.874116856911,-134.477858156156,-2.44000059127808));
#12471=CARTESIAN_POINT('',(114.874116856911,-134.477858156156,-2.44000059127808));
#12472=CARTESIAN_POINT('',(114.484455831064,-134.511595267883,-2.44000059127808));
#12473=CARTESIAN_POINT('',(114.484455831064,-134.511595267883,-2.44000059127808));
#12474=CARTESIAN_POINT('',(114.371157454483,-134.514995033052,-2.44000059127808));
#12475=CARTESIAN_POINT('',(114.371157454483,-134.514995033052,-2.44000059127808));
#12476=CARTESIAN_POINT('',(43.3588155697619,-134.562023206509,-2.44000059127808));
#12477=CARTESIAN_POINT('',(43.3588155697619,-134.562023206509,-2.44000059127808));
#12478=CARTESIAN_POINT('',(43.0889827171369,-134.556796809709,-2.44000059127808));
#12479=CARTESIAN_POINT('',(43.0889827171369,-134.556796809709,-2.44000059127808));
#12480=CARTESIAN_POINT('',(42.829646227231,-134.541396350703,-2.44000059127808));
#12481=CARTESIAN_POINT('',(42.829646227231,-134.541396350703,-2.44000059127808));
#12482=CARTESIAN_POINT('',(42.0735795392913,-134.432429790063,-2.44000059127808));
#12483=CARTESIAN_POINT('Origin',(43.265454781849,-128.840054574,-2.44000059127808));
#12484=CARTESIAN_POINT('',(41.853986433454,-134.380316648381,-2.44000059127808));
#12485=CARTESIAN_POINT('',(41.853986433454,-134.380316648381,-2.44000059127808));
#12486=CARTESIAN_POINT('',(40.9852638621252,-134.061683142191,-2.44000059127808));
#12487=CARTESIAN_POINT('Origin',(43.0196820079091,-129.8586039677,-2.44000059127808));
#12488=CARTESIAN_POINT('',(40.6254861690344,-133.864884939057,-2.44000059127808));
#12489=CARTESIAN_POINT('',(40.6254861690344,-133.864884939057,-2.44000059127808));
#12490=CARTESIAN_POINT('',(39.6285489379855,-133.017823670725,-2.44000059127808));
#12491=CARTESIAN_POINT('Origin',(42.8322806095391,-130.2574317704,-2.44000059127808));
#12492=CARTESIAN_POINT('',(39.3670200263329,-132.685249563697,-2.44000059127808));
#12493=CARTESIAN_POINT('',(39.3670200263329,-132.685249563697,-2.44000059127808));
#12494=CARTESIAN_POINT('',(39.1261138227619,-132.310267672547,-2.44000059127808));
#12495=CARTESIAN_POINT('',(39.1261138227619,-132.310267672547,-2.44000059127808));
#12496=CARTESIAN_POINT('',(38.9148471970851,-131.904281046198,-2.44000059127808));
#12497=CARTESIAN_POINT('',(38.9148471970851,-131.904281046198,-2.44000059127808));
#12498=CARTESIAN_POINT('',(38.734551196512,-131.46947840306,-2.44000059127808));
#12499=CARTESIAN_POINT('',(38.734551196512,-131.46947840306,-2.44000059127808));
#12500=CARTESIAN_POINT('',(38.5870790892627,-131.010488578803,-2.44000059127808));
#12501=CARTESIAN_POINT('',(38.5870790892627,-131.010488578803,-2.44000059127808));
#12502=CARTESIAN_POINT('',(38.47483302059,-130.537261835674,-2.44000059127808));
#12503=CARTESIAN_POINT('',(38.47483302059,-130.537261835674,-2.44000059127808));
#12504=CARTESIAN_POINT('',(38.4006336651334,-130.072645035622,-2.44000059127808));
#12505=CARTESIAN_POINT('',(38.4006336651334,-130.072645035622,-2.44000059127808));
#12506=CARTESIAN_POINT('',(38.3668965534061,-129.682984009776,-2.44000059127808));
#12507=CARTESIAN_POINT('',(38.3668965534061,-129.682984009776,-2.44000059127808));
#12508=CARTESIAN_POINT('',(38.3634918212891,-129.569520107907,-2.44000059127808));
#12509=CARTESIAN_POINT('',(38.3634918212891,-129.569520107907,-2.44000059127808));
#12510=CARTESIAN_POINT('',(38.3634918212891,-64.7851582001062,-2.44000059127808));
#12511=CARTESIAN_POINT('Origin',(109.113491803772,-114.464742649182,-7.44000059127808));
#12512=CARTESIAN_POINT('',(109.113491803772,-114.464742649182,-7.44000059127808));
#12513=CARTESIAN_POINT('Origin',(92.3672981758556,-61.0000009089708,-7.44000059127808));
#12514=CARTESIAN_POINT('',(92.3672981758556,-65.0000009089708,-7.44000059127808));
#12515=CARTESIAN_POINT('Origin',(92.3672981758556,-65.0000009089708,-7.44000059127808));
#12516=CARTESIAN_POINT('',(93.5634896010161,-65.0000009089708,-7.44000059127808));
#12517=CARTESIAN_POINT('Origin',(93.5634896010161,-71.0000010579824,-7.44000059127808));
#12518=CARTESIAN_POINT('',(93.5634896010161,-71.0000010579824,-5.44000059127807));
#12519=CARTESIAN_POINT('Origin',(80.763489601016,-65.0000009089708,-7.44000059127808));
#12520=CARTESIAN_POINT('',(80.763489601016,-65.0000009089708,-7.44000059127808));
#12521=CARTESIAN_POINT('Origin',(79.5672981758556,-65.0000009089708,-7.44000059127808));
#12522=CARTESIAN_POINT('',(79.5634893923998,-65.0000009089708,-7.44000059127808));
#12523=CARTESIAN_POINT('Origin',(79.5634893923998,-61.0000009089708,-7.44000059127808));
#12524=CARTESIAN_POINT('',(79.5634893923998,-71.0000010579824,-7.44000059127808));
#12525=CARTESIAN_POINT('Origin',(79.5634893923998,-71.0000010579824,-7.44000059127808));
#12526=CARTESIAN_POINT('Origin',(96.712950830065,-75.4673914196501,-7.44000059127808));
#12527=CARTESIAN_POINT('Origin',(94.080258950679,-121.154061341991,-7.44000059127808));
#12528=CARTESIAN_POINT('',(94.0802589506789,-122.999997250736,-7.44000059127808));
#12529=CARTESIAN_POINT('Origin',(110.563408141347,-122.999997250736,-7.44000059127808));
#12530=CARTESIAN_POINT('',(110.563408141347,-123.605022083398,-7.44000059127808));
#12531=CARTESIAN_POINT('',(110.563408141347,-122.999997250736,-5.44000059127807));
#12532=CARTESIAN_POINT('Origin',(107.580258950679,-122.999997250736,-7.44000059127808));
#12533=CARTESIAN_POINT('Origin',(109.113491803772,-112.541468479026,-7.44000059127808));
#12534=CARTESIAN_POINT('Origin',(110.563489854336,-133.000001981854,-7.44000059127808));
#12535=CARTESIAN_POINT('Origin',(119.363491821289,-112.541468479026,-5.44000059127806));
#12536=CARTESIAN_POINT('',(120.863491821289,-112.541468479026,-3.94000059127808));
#12537=CARTESIAN_POINT('Origin',(120.863491821289,-64.7914719679212,-2.44000059127807));
#12538=CARTESIAN_POINT('',(120.863491821289,-83.0414684790256,-3.94000059127808));
#12539=CARTESIAN_POINT('',(120.863491821289,-64.7914719679212,-2.44000059127807));
#12540=CARTESIAN_POINT('',(120.863491786255,-77.0414684790256,0.459999408721934));
#12541=CARTESIAN_POINT('',(120.863491786255,-77.0414684790256,-3.44000059127807));
#12542=CARTESIAN_POINT('',(120.863491786255,-118.541468479026,0.459999408721934));
#12543=CARTESIAN_POINT('',(120.863491786255,-112.541468479026,0.459999408721934));
#12544=CARTESIAN_POINT('',(120.863491786255,-118.541468479026,-3.44000059127807));
#12545=CARTESIAN_POINT('',(120.863491821289,-129.53436719958,-2.44000059127807));
#12546=CARTESIAN_POINT('Origin',(119.363491821289,-118.541468479026,-3.44000059127807));
#12547=CARTESIAN_POINT('',(120.863491786255,-118.541468479026,0.459999408721934));
#12548=CARTESIAN_POINT('Origin',(120.863491786255,-77.0414684790256,-3.44000059127807));
#12549=CARTESIAN_POINT('',(119.363491821289,-77.0414684790256,0.459999408721934));
#12550=CARTESIAN_POINT('Origin',(120.113491803772,-97.7914684790256,0.459999408721934));
#12551=CARTESIAN_POINT('Origin',(120.863491786255,-83.0414684790256,-5.44000059127806));
#12552=CARTESIAN_POINT('Origin',(119.358268630998,-129.789509104124,-2.44000059127807));
#12553=CARTESIAN_POINT('',(119.358268630998,-129.789509104124,-2.44000059127807));
#12554=CARTESIAN_POINT('Origin',(119.342868172098,-130.04884559275,-2.44000059127807));
#12555=CARTESIAN_POINT('',(119.342868172098,-130.04884559275,-2.44000059127807));
#12556=CARTESIAN_POINT('Origin',(113.641526395319,-129.6130370394,-2.44000059127808));
#12557=CARTESIAN_POINT('',(119.233901611359,-130.804912281966,-2.44000059127807));
#12558=CARTESIAN_POINT('Origin',(119.18178846951,-131.024505388518,-2.44000059127807));
#12559=CARTESIAN_POINT('',(119.18178846951,-131.024505388518,-2.44000059127807));
#12560=CARTESIAN_POINT('Origin',(114.660075789009,-129.8588098133,-2.44000059127808));
#12561=CARTESIAN_POINT('',(118.863154963482,-131.89322795916,-2.44000059127808));
#12562=CARTESIAN_POINT('Origin',(118.666356760253,-132.253005652444,-2.44000059127808));
#12563=CARTESIAN_POINT('',(118.666356760253,-132.253005652444,-2.44000059127808));
#12564=CARTESIAN_POINT('Origin',(115.058903591729,-130.0462112117,-2.44000059127808));
#12565=CARTESIAN_POINT('',(117.819295492009,-133.249942883308,-2.44000059127808));
#12566=CARTESIAN_POINT('Origin',(117.486721384986,-133.511471794956,-2.44000059127808));
#12567=CARTESIAN_POINT('',(117.486721384986,-133.511471794956,-2.44000059127808));
#12568=CARTESIAN_POINT('Origin',(117.111739493836,-133.752377998527,-2.44000059127808));
#12569=CARTESIAN_POINT('',(117.111739493836,-133.752377998527,-2.44000059127808));
#12570=CARTESIAN_POINT('Origin',(116.705752867488,-133.963644624204,-2.44000059127808));
#12571=CARTESIAN_POINT('',(116.705752867488,-133.963644624204,-2.44000059127808));
#12572=CARTESIAN_POINT('Origin',(116.270950224349,-134.143940624777,-2.44000059127808));
#12573=CARTESIAN_POINT('',(116.270950224349,-134.143940624777,-2.44000059127808));
#12574=CARTESIAN_POINT('Origin',(115.811960400092,-134.291412732026,-2.44000059127808));
#12575=CARTESIAN_POINT('',(115.811960400092,-134.291412732026,-2.44000059127808));
#12576=CARTESIAN_POINT('Origin',(115.338733656963,-134.403658800699,-2.44000059127808));
#12577=CARTESIAN_POINT('',(115.338733656963,-134.403658800699,-2.44000059127808));
#12578=CARTESIAN_POINT('Origin',(114.874116856911,-134.477858156156,-2.44000059127808));
#12579=CARTESIAN_POINT('',(114.874116856911,-134.477858156156,-2.44000059127808));
#12580=CARTESIAN_POINT('Origin',(114.484455831064,-134.511595267883,-2.44000059127808));
#12581=CARTESIAN_POINT('',(114.484455831064,-134.511595267883,-2.44000059127808));
#12582=CARTESIAN_POINT('Origin',(114.371157454483,-134.514995033052,-2.44000059127808));
#12583=CARTESIAN_POINT('',(114.371157454483,-134.514995033052,-2.44000059127808));
#12584=CARTESIAN_POINT('Origin',(43.3588155697619,-134.562023206509,-2.44000059127808));
#12585=CARTESIAN_POINT('',(43.3588155697619,-134.562023206509,-2.44000059127808));
#12586=CARTESIAN_POINT('Origin',(43.0889827171369,-134.556796809709,-2.44000059127808));
#12587=CARTESIAN_POINT('',(43.0889827171369,-134.556796809709,-2.44000059127808));
#12588=CARTESIAN_POINT('Origin',(42.829646227231,-134.541396350703,-2.44000059127808));
#12589=CARTESIAN_POINT('',(42.829646227231,-134.541396350703,-2.44000059127808));
#12590=CARTESIAN_POINT('Origin',(43.265454781849,-128.840054574,-2.44000059127808));
#12591=CARTESIAN_POINT('',(42.0735795392913,-134.432429790063,-2.44000059127808));
#12592=CARTESIAN_POINT('Origin',(41.853986433454,-134.380316648381,-2.44000059127808));
#12593=CARTESIAN_POINT('',(41.853986433454,-134.380316648381,-2.44000059127808));
#12594=CARTESIAN_POINT('Origin',(43.0196820079091,-129.8586039677,-2.44000059127808));
#12595=CARTESIAN_POINT('',(40.9852638621252,-134.061683142191,-2.44000059127808));
#12596=CARTESIAN_POINT('Origin',(40.6254861690344,-133.864884939057,-2.44000059127808));
#12597=CARTESIAN_POINT('',(40.6254861690344,-133.864884939057,-2.44000059127808));
#12598=CARTESIAN_POINT('Origin',(42.8322806095391,-130.2574317704,-2.44000059127808));
#12599=CARTESIAN_POINT('',(39.6285489379855,-133.017823670725,-2.44000059127808));
#12600=CARTESIAN_POINT('Origin',(39.3670200263329,-132.685249563697,-2.44000059127808));
#12601=CARTESIAN_POINT('',(39.3670200263329,-132.685249563697,-2.44000059127808));
#12602=CARTESIAN_POINT('Origin',(39.1261138227619,-132.310267672547,-2.44000059127808));
#12603=CARTESIAN_POINT('',(39.1261138227619,-132.310267672547,-2.44000059127808));
#12604=CARTESIAN_POINT('Origin',(38.9148471970851,-131.904281046198,-2.44000059127808));
#12605=CARTESIAN_POINT('',(38.9148471970851,-131.904281046198,-2.44000059127808));
#12606=CARTESIAN_POINT('Origin',(38.734551196512,-131.46947840306,-2.44000059127808));
#12607=CARTESIAN_POINT('',(38.734551196512,-131.46947840306,-2.44000059127808));
#12608=CARTESIAN_POINT('Origin',(38.5870790892627,-131.010488578803,-2.44000059127808));
#12609=CARTESIAN_POINT('',(38.5870790892627,-131.010488578803,-2.44000059127808));
#12610=CARTESIAN_POINT('Origin',(38.47483302059,-130.537261835674,-2.44000059127808));
#12611=CARTESIAN_POINT('',(38.47483302059,-130.537261835674,-2.44000059127808));
#12612=CARTESIAN_POINT('Origin',(38.4006336651334,-130.072645035622,-2.44000059127808));
#12613=CARTESIAN_POINT('',(38.4006336651334,-130.072645035622,-2.44000059127808));
#12614=CARTESIAN_POINT('Origin',(38.3668965534061,-129.682984009776,-2.44000059127808));
#12615=CARTESIAN_POINT('',(38.3668965534061,-129.682984009776,-2.44000059127808));
#12616=CARTESIAN_POINT('Origin',(38.3634918212891,-129.569520107907,-2.44000059127808));
#12617=CARTESIAN_POINT('',(38.3634918212891,-129.569520107907,-2.44000059127808));
#12618=CARTESIAN_POINT('Origin',(38.3634918212891,-64.7851582001062,-2.44000059127808));
#12619=CARTESIAN_POINT('',(38.3634918212891,-64.7851582001062,-2.44000059127808));
#12620=CARTESIAN_POINT('Origin',(38.3687150115799,-64.5154908958684,-2.44000059127808));
#12621=CARTESIAN_POINT('',(38.3687150115799,-64.5154908958684,-2.44000059127808));
#12622=CARTESIAN_POINT('Origin',(38.3841154704832,-64.2561544072959,-2.44000059127808));
#12623=CARTESIAN_POINT('Origin',(42.0964764785946,-58.4289297972038,-2.44000059127808));
#12624=CARTESIAN_POINT('',(42.6696596788023,-58.3373923753775,-2.44000059127808));
#12625=CARTESIAN_POINT('',(42.0964764785946,-58.4289297972038,-2.44000059127808));
#12626=CARTESIAN_POINT('Origin',(41.5118965060777,-58.5675880718945,-2.44000059127808));
#12627=CARTESIAN_POINT('',(41.5118965060777,-58.5675880718945,-2.44000059127808));
#12628=CARTESIAN_POINT('Origin',(40.9384602090507,-58.7518315008915,-2.44000059127808));
#12629=CARTESIAN_POINT('',(40.9384602090507,-58.7518315008915,-2.44000059127808));
#12630=CARTESIAN_POINT('Origin',(40.3865476364948,-58.9806885031847,-2.44000059127808));
#12631=CARTESIAN_POINT('',(40.3865476364948,-58.9806885031847,-2.44000059127808));
#12632=CARTESIAN_POINT('Origin',(39.8620801311004,-59.2536100058909,-2.44000059127808));
#12633=CARTESIAN_POINT('',(39.8620801311004,-59.2536100058909,-2.44000059127808));
#12634=CARTESIAN_POINT('Origin',(39.3692915664999,-59.5702008201754,-2.44000059127808));
#12635=CARTESIAN_POINT('',(39.3692915664999,-59.5702008201754,-2.44000059127808));
#12636=CARTESIAN_POINT('Origin',(38.9560464897956,-59.895167595617,-2.44000059127808));
#12637=CARTESIAN_POINT('',(38.9560464897956,-59.895167595617,-2.44000059127808));
#12638=CARTESIAN_POINT('Origin',(42.6680800508591,-64.25878878824,-2.44000059127808));
#12639=CARTESIAN_POINT('',(37.7607638000876,-61.3026713538196,-2.44000059127808));
#12640=CARTESIAN_POINT('Origin',(37.5311783156283,-61.7223892916166,-2.44000059127808));
#12641=CARTESIAN_POINT('',(37.5311783156283,-61.7223892916166,-2.44000059127808));
#12642=CARTESIAN_POINT('Origin',(43.0669078535791,-64.44619018662,-2.44000059127808));
#12643=CARTESIAN_POINT('',(37.0888402030804,-62.9210344571866,-2.44000059127809));
#12644=CARTESIAN_POINT('Origin',(37.0298618543823,-63.1695560076564,-2.44000059127809));
#12645=CARTESIAN_POINT('',(37.0298618543823,-63.1695560076564,-2.44000059127809));
#12646=CARTESIAN_POINT('Origin',(44.0854572472691,-64.69196296055,-2.44000059127808));
#12647=CARTESIAN_POINT('',(36.8874642395846,-64.1552638458974,-2.44000059127809));
#12648=CARTESIAN_POINT('Origin',(36.8695765824523,-64.4564835834763,-2.44000059127809));
#12649=CARTESIAN_POINT('',(36.8695765824523,-64.4564835834763,-2.44000059127809));
#12650=CARTESIAN_POINT('Origin',(36.8634918212891,-64.7706328004192,-2.44000059127809));
#12651=CARTESIAN_POINT('',(36.8634918212891,-64.7706328004192,-2.44000059127809));
#12652=CARTESIAN_POINT('Origin',(36.8634918212891,-129.592020431629,-2.44000059127809));
#12653=CARTESIAN_POINT('',(36.8634918212891,-129.592020431629,-2.44000059127809));
#12654=CARTESIAN_POINT('Origin',(36.8688397497573,-129.770242039102,-2.44000059127809));
#12655=CARTESIAN_POINT('',(36.8688397497573,-129.770242039102,-2.44000059127809));
#12656=CARTESIAN_POINT('Origin',(36.9108841966665,-130.255852142487,-2.44000059127809));
#12657=CARTESIAN_POINT('',(36.9108841966665,-130.255852142487,-2.44000059127809));
#12658=CARTESIAN_POINT('Origin',(37.0024216184929,-130.829035342694,-2.44000059127809));
#12659=CARTESIAN_POINT('',(37.0024216184929,-130.829035342694,-2.44000059127809));
#12660=CARTESIAN_POINT('Origin',(37.1410798931836,-131.413615315211,-2.44000059127809));
#12661=CARTESIAN_POINT('',(37.1410798931836,-131.413615315211,-2.44000059127809));
#12662=CARTESIAN_POINT('Origin',(37.3253233221806,-131.987051612238,-2.44000059127809));
#12663=CARTESIAN_POINT('',(37.3253233221806,-131.987051612238,-2.44000059127809));
#12664=CARTESIAN_POINT('Origin',(37.5541803244737,-132.538964184794,-2.44000059127808));
#12665=CARTESIAN_POINT('',(37.5541803244737,-132.538964184794,-2.44000059127808));
#12666=CARTESIAN_POINT('Origin',(37.82710182718,-133.063431690189,-2.44000059127808));
#12667=CARTESIAN_POINT('',(37.82710182718,-133.063431690189,-2.44000059127808));
#12668=CARTESIAN_POINT('Origin',(38.1436926414646,-133.556220254789,-2.44000059127808));
#12669=CARTESIAN_POINT('',(38.1436926414646,-133.556220254789,-2.44000059127808));
#12670=CARTESIAN_POINT('Origin',(38.4686594169208,-133.969465331511,-2.44000059127808));
#12671=CARTESIAN_POINT('',(38.4686594169208,-133.969465331511,-2.44000059127808));
#12672=CARTESIAN_POINT('Origin',(42.8322806095391,-130.2574317704,-2.44000059127808));
#12673=CARTESIAN_POINT('',(39.8761631744821,-135.16474802082,-2.44000059127808));
#12674=CARTESIAN_POINT('Origin',(40.2958811128249,-135.394333505621,-2.44000059127808));
#12675=CARTESIAN_POINT('',(40.2958811128249,-135.394333505621,-2.44000059127808));
#12676=CARTESIAN_POINT('Origin',(43.0196820079091,-129.8586039677,-2.44000059127808));
#12677=CARTESIAN_POINT('',(41.4945262779097,-135.836671618064,-2.44000059127808));
#12678=CARTESIAN_POINT('Origin',(41.7430478289348,-135.895649966904,-2.44000059127808));
#12679=CARTESIAN_POINT('',(41.7430478289348,-135.895649966904,-2.44000059127808));
#12680=CARTESIAN_POINT('Origin',(43.265454781849,-128.840054574,-2.44000059127808));
#12681=CARTESIAN_POINT('',(42.7287556656886,-136.038047581594,-2.44000059127808));
#12682=CARTESIAN_POINT('Origin',(43.0299754046807,-136.055935238835,-2.44000059127808));
#12683=CARTESIAN_POINT('',(43.0299754046807,-136.055935238835,-2.44000059127808));
#12684=CARTESIAN_POINT('Origin',(43.3447868151806,-136.062032826036,-2.44000059127808));
#12685=CARTESIAN_POINT('',(43.3447868151806,-136.062032826036,-2.44000059127808));
#12686=CARTESIAN_POINT('Origin',(114.394154354066,-136.014980132209,-2.44000059127808));
#12687=CARTESIAN_POINT('',(114.394154354066,-136.014980132209,-2.44000059127808));
#12688=CARTESIAN_POINT('Origin',(114.571713860391,-136.009652071532,-2.44000059127808));
#12689=CARTESIAN_POINT('',(114.571713860391,-136.009652071532,-2.44000059127808));
#12690=CARTESIAN_POINT('Origin',(115.057323963776,-135.967607624623,-2.44000059127808));
#12691=CARTESIAN_POINT('',(115.057323963776,-135.967607624623,-2.44000059127808));
#12692=CARTESIAN_POINT('Origin',(115.630507163984,-135.876070202796,-2.44000059127808));
#12693=CARTESIAN_POINT('',(115.630507163984,-135.876070202796,-2.44000059127808));
#12694=CARTESIAN_POINT('Origin',(116.2150871365,-135.737411928105,-2.44000059127808));
#12695=CARTESIAN_POINT('',(116.2150871365,-135.737411928105,-2.44000059127808));
#12696=CARTESIAN_POINT('Origin',(116.788523433527,-135.553168499109,-2.44000059127808));
#12697=CARTESIAN_POINT('',(116.788523433527,-135.553168499109,-2.44000059127808));
#12698=CARTESIAN_POINT('Origin',(117.340436006083,-135.324311496815,-2.44000059127808));
#12699=CARTESIAN_POINT('',(117.340436006083,-135.324311496815,-2.44000059127808));
#12700=CARTESIAN_POINT('Origin',(117.864903511478,-135.051389994109,-2.44000059127808));
#12701=CARTESIAN_POINT('',(117.864903511478,-135.051389994109,-2.44000059127808));
#12702=CARTESIAN_POINT('Origin',(118.357692076078,-134.734799179825,-2.44000059127808));
#12703=CARTESIAN_POINT('',(118.357692076078,-134.734799179825,-2.44000059127808));
#12704=CARTESIAN_POINT('Origin',(118.770937152781,-134.409832404384,-2.44000059127808));
#12705=CARTESIAN_POINT('',(118.770937152781,-134.409832404384,-2.44000059127808));
#12706=CARTESIAN_POINT('Origin',(115.058903591729,-130.0462112117,-2.44000059127808));
#12707=CARTESIAN_POINT('',(119.966219841995,-133.002328647035,-2.44000059127807));
#12708=CARTESIAN_POINT('Origin',(120.195805326913,-132.582610708457,-2.44000059127807));
#12709=CARTESIAN_POINT('',(120.195805326913,-132.582610708457,-2.44000059127807));
#12710=CARTESIAN_POINT('Origin',(114.660075789009,-129.8588098133,-2.44000059127808));
#12711=CARTESIAN_POINT('',(120.638143439154,-131.383965544224,-2.44000059127807));
#12712=CARTESIAN_POINT('Origin',(120.697121788187,-131.135443992385,-2.44000059127807));
#12713=CARTESIAN_POINT('',(120.697121788187,-131.135443992385,-2.44000059127807));
#12714=CARTESIAN_POINT('Origin',(113.641526395319,-129.6130370394,-2.44000059127808));
#12715=CARTESIAN_POINT('',(120.839519403003,-130.149736154073,-2.44000059127807));
#12716=CARTESIAN_POINT('Origin',(120.857407060126,-129.848516416499,-2.44000059127807));
#12717=CARTESIAN_POINT('',(120.857407060126,-129.848516416499,-2.44000059127807));
#12718=CARTESIAN_POINT('Origin',(120.863491821289,-129.53436719958,-2.44000059127807));
#12719=CARTESIAN_POINT('Origin',(112.747283759239,-64.78099712818,-2.44000059127808));
#12720=CARTESIAN_POINT('',(120.802869025379,-63.7908017524992,-2.44000059127807));
#12721=CARTESIAN_POINT('Origin',(120.764234949048,-63.5233878745069,-2.44000059127807));
#12722=CARTESIAN_POINT('',(120.764234949048,-63.5233878745069,-2.44000059127807));
#12723=CARTESIAN_POINT('Origin',(114.122692092639,-64.60061120582,-2.44000059127808));
#12724=CARTESIAN_POINT('',(120.539997566511,-62.5785597539379,-2.44000059127807));
#12725=CARTESIAN_POINT('Origin',(120.443267959527,-62.293626966139,-2.44000059127807));
#12726=CARTESIAN_POINT('',(120.443267959527,-62.293626966139,-2.44000059127807));
#12727=CARTESIAN_POINT('Origin',(120.24331236579,-61.8211012113719,-2.44000059127807));
#12728=CARTESIAN_POINT('',(120.24331236579,-61.8211012113719,-2.44000059127807));
#12729=CARTESIAN_POINT('Origin',(115.058778119599,-64.25888485422,-2.44000059127808));
#12730=CARTESIAN_POINT('',(119.193344507509,-60.2930879326378,-2.44000059127807));
#12731=CARTESIAN_POINT('Origin',(118.815084806909,-59.9298843330057,-2.44000059127808));
#12732=CARTESIAN_POINT('',(118.815084806909,-59.9298843330057,-2.44000059127808));
#12733=CARTESIAN_POINT('Origin',(118.357692076078,-59.5702008201754,-2.44000059127808));
#12734=CARTESIAN_POINT('',(118.357692076078,-59.5702008201754,-2.44000059127808));
#12735=CARTESIAN_POINT('Origin',(117.864903511478,-59.2536100058909,-2.44000059127808));
#12736=CARTESIAN_POINT('',(117.864903511478,-59.2536100058909,-2.44000059127808));
#12737=CARTESIAN_POINT('Origin',(117.340436006083,-58.9806885031847,-2.44000059127808));
#12738=CARTESIAN_POINT('',(117.340436006083,-58.9806885031847,-2.44000059127808));
#12739=CARTESIAN_POINT('Origin',(116.788523433527,-58.7518315008915,-2.44000059127808));
#12740=CARTESIAN_POINT('',(116.788523433527,-58.7518315008915,-2.44000059127808));
#12741=CARTESIAN_POINT('Origin',(116.2150871365,-58.5675880718945,-2.44000059127808));
#12742=CARTESIAN_POINT('',(116.2150871365,-58.5675880718945,-2.44000059127808));
#12743=CARTESIAN_POINT('Origin',(115.630507163984,-58.4289297972038,-2.44000059127808));
#12744=CARTESIAN_POINT('',(115.630507163984,-58.4289297972038,-2.44000059127808));
#12745=CARTESIAN_POINT('Origin',(115.057323963776,-58.3373923753775,-2.44000059127808));
#12746=CARTESIAN_POINT('',(115.057323963776,-58.3373923753775,-2.44000059127808));
#12747=CARTESIAN_POINT('Origin',(114.571713860392,-58.2953479284683,-2.44000059127808));
#12748=CARTESIAN_POINT('',(114.571713860392,-58.2953479284683,-2.44000059127808));
#12749=CARTESIAN_POINT('Origin',(114.393492252917,-58.29,-2.44000059127808));
#12750=CARTESIAN_POINT('',(114.393492252917,-58.29,-2.44000059127808));
#12751=CARTESIAN_POINT('Origin',(43.3334913896606,-58.29,-2.44000059127808));
#12752=CARTESIAN_POINT('',(43.3334913896606,-58.29,-2.44000059127808));
#12753=CARTESIAN_POINT('Origin',(43.1552697821866,-58.2953479284683,-2.44000059127808));
#12754=CARTESIAN_POINT('',(43.1552697821866,-58.2953479284683,-2.44000059127808));
#12755=CARTESIAN_POINT('Origin',(42.6696596788023,-58.3373923753775,-2.44000059127808));
#12756=CARTESIAN_POINT('',(0.,0.,0.));
#12757=CARTESIAN_POINT('',(0.,0.,0.));
#12758=UNCERTAINTY_MEASURE_WITH_UNIT(LENGTH_MEASURE(0.01),#12766,
'DISTANCE_ACCURACY_VALUE',
'Maximum model space distance between geometric entities at asserted c
onnectivities');
#12759=UNCERTAINTY_MEASURE_WITH_UNIT(LENGTH_MEASURE(0.01),#12766,
'DISTANCE_ACCURACY_VALUE',
'Maximum model space distance between geometric entities at asserted c
onnectivities');
#12760=UNCERTAINTY_MEASURE_WITH_UNIT(LENGTH_MEASURE(0.01),#12766,
'DISTANCE_ACCURACY_VALUE',
'Maximum model space distance between geometric entities at asserted c
onnectivities');
#12761=UNCERTAINTY_MEASURE_WITH_UNIT(LENGTH_MEASURE(0.01),#12766,
'DISTANCE_ACCURACY_VALUE',
'Maximum model space distance between geometric entities at asserted c
onnectivities');
#12762=(
GEOMETRIC_REPRESENTATION_CONTEXT(3)
GLOBAL_UNCERTAINTY_ASSIGNED_CONTEXT((#12758))
GLOBAL_UNIT_ASSIGNED_CONTEXT((#12766,#12768,#12769))
REPRESENTATION_CONTEXT('','3D')
);
#12763=(
GEOMETRIC_REPRESENTATION_CONTEXT(3)
GLOBAL_UNCERTAINTY_ASSIGNED_CONTEXT((#12759))
GLOBAL_UNIT_ASSIGNED_CONTEXT((#12766,#12768,#12769))
REPRESENTATION_CONTEXT('','3D')
);
#12764=(
GEOMETRIC_REPRESENTATION_CONTEXT(3)
GLOBAL_UNCERTAINTY_ASSIGNED_CONTEXT((#12760))
GLOBAL_UNIT_ASSIGNED_CONTEXT((#12766,#12768,#12769))
REPRESENTATION_CONTEXT('','3D')
);
#12765=(
GEOMETRIC_REPRESENTATION_CONTEXT(3)
GLOBAL_UNCERTAINTY_ASSIGNED_CONTEXT((#12761))
GLOBAL_UNIT_ASSIGNED_CONTEXT((#12766,#12768,#12769))
REPRESENTATION_CONTEXT('','3D')
);
#12766=(
LENGTH_UNIT()
NAMED_UNIT(*)
SI_UNIT(.MILLI.,.METRE.)
);
#12767=(
LENGTH_UNIT()
NAMED_UNIT(*)
SI_UNIT($,.METRE.)
);
#12768=(
NAMED_UNIT(*)
PLANE_ANGLE_UNIT()
SI_UNIT($,.RADIAN.)
);
#12769=(
NAMED_UNIT(*)
SI_UNIT($,.STERADIAN.)
SOLID_ANGLE_UNIT()
);
#12770=SHAPE_DEFINITION_REPRESENTATION(#12773,#12778);
#12771=SHAPE_DEFINITION_REPRESENTATION(#12774,#12779);
#12772=SHAPE_DEFINITION_REPRESENTATION(#12775,#12780);
#12773=PRODUCT_DEFINITION_SHAPE('',$,#12782);
#12774=PRODUCT_DEFINITION_SHAPE('',$,#12783);
#12775=PRODUCT_DEFINITION_SHAPE('',$,#12784);
#12776=PRODUCT_DEFINITION_SHAPE($,$,#17);
#12777=PRODUCT_DEFINITION_SHAPE($,$,#18);
#12778=SHAPE_REPRESENTATION('',(#7909,#8423,#8424),#12762);
#12779=SHAPE_REPRESENTATION('',(#7910),#12763);
#12780=SHAPE_REPRESENTATION('',(#8126),#12764);
#12781=PRODUCT_DEFINITION_CONTEXT('part definition',#12792,'design');
#12782=PRODUCT_DEFINITION('ESP32-Bus-Pirate-Dock 1',
'ESP32-Bit-Pirate-Dock-Case v39',#12785,#12781);
#12783=PRODUCT_DEFINITION('Bottom Case','Bottom Case',#12786,#12781);
#12784=PRODUCT_DEFINITION('Top Case','Top Case',#12787,#12781);
#12785=PRODUCT_DEFINITION_FORMATION('',$,#12794);
#12786=PRODUCT_DEFINITION_FORMATION('',$,#12795);
#12787=PRODUCT_DEFINITION_FORMATION('',$,#12796);
#12788=PRODUCT_RELATED_PRODUCT_CATEGORY(
'ESP32-Bit-Pirate-Dock-Case v39','ESP32-Bit-Pirate-Dock-Case v39',(#12794));
#12789=PRODUCT_RELATED_PRODUCT_CATEGORY('Bottom Case','Bottom Case',(#12795));
#12790=PRODUCT_RELATED_PRODUCT_CATEGORY('Top Case','Top Case',(#12796));
#12791=APPLICATION_PROTOCOL_DEFINITION('international standard',
'automotive_design',2009,#12792);
#12792=APPLICATION_CONTEXT(
'Core Data for Automotive Mechanical Design Process');
#12793=PRODUCT_CONTEXT('part definition',#12792,'mechanical');
#12794=PRODUCT('ESP32-Bus-Pirate-Dock 1',
'ESP32-Bit-Pirate-Dock-Case v39','KiCad electronic assembly',(#12793));
#12795=PRODUCT('Bottom Case','Bottom Case',$,(#12793));
#12796=PRODUCT('Top Case','Top Case',$,(#12793));
#12797=PRESENTATION_STYLE_ASSIGNMENT((#12799));
#12798=PRESENTATION_STYLE_ASSIGNMENT((#12800));
#12799=SURFACE_STYLE_USAGE(.BOTH.,#12801);
#12800=SURFACE_STYLE_USAGE(.BOTH.,#12802);
#12801=SURFACE_SIDE_STYLE('',(#12803));
#12802=SURFACE_SIDE_STYLE('',(#12804));
#12803=SURFACE_STYLE_FILL_AREA(#12805);
#12804=SURFACE_STYLE_FILL_AREA(#12806);
#12805=FILL_AREA_STYLE('Steel - Satin',(#12807));
#12806=FILL_AREA_STYLE('ABS (White)',(#12808));
#12807=FILL_AREA_STYLE_COLOUR('Steel - Satin',#12809);
#12808=FILL_AREA_STYLE_COLOUR('ABS (White)',#12810);
#12809=COLOUR_RGB('Steel - Satin',0.627450980392157,0.627450980392157,0.627450980392157);
#12810=COLOUR_RGB('ABS (White)',0.180392156862745,0.180392156862745,0.164705882352941);
ENDSEC;
END-ISO-10303-21;
